-- phpMyAdmin SQL Dump
-- version 4.2.11
-- http://www.phpmyadmin.net
--
-- Host: 127.0.0.1
-- Generation Time: Jul 03, 2015 at 03:25 PM
-- Server version: 5.6.20
-- PHP Version: 5.6.3

SET SQL_MODE = "NO_AUTO_VALUE_ON_ZERO";
SET time_zone = "+00:00";


/*!40101 SET @OLD_CHARACTER_SET_CLIENT=@@CHARACTER_SET_CLIENT */;
/*!40101 SET @OLD_CHARACTER_SET_RESULTS=@@CHARACTER_SET_RESULTS */;
/*!40101 SET @OLD_COLLATION_CONNECTION=@@COLLATION_CONNECTION */;
/*!40101 SET NAMES utf8 */;

--
-- Database: `eratekno_shop`
--

-- --------------------------------------------------------

--
-- Table structure for table `admin`
--

CREATE TABLE IF NOT EXISTS `admin` (
`nomor` int(5) NOT NULL,
  `nama` varchar(50) NOT NULL,
  `username` varchar(50) NOT NULL,
  `password` varchar(40) NOT NULL,
  `hint` varchar(100) NOT NULL,
  `hint_answer` varchar(100) NOT NULL,
  `id_session` varchar(50) NOT NULL,
  `foto_admin` varchar(100) NOT NULL
) ENGINE=InnoDB AUTO_INCREMENT=5 DEFAULT CHARSET=latin1;

--
-- Dumping data for table `admin`
--

INSERT INTO `admin` (`nomor`, `nama`, `username`, `password`, `hint`, `hint_answer`, `id_session`, `foto_admin`) VALUES
(2, 'Muhammad Azzam T', 'admin', 'ef14407e8b5fc26a14f56c6bebe4f02c', 'Siapa nama ibu Anda?', 'Rosliyati', 'knuanm6r4jqsb9adc96p5enj43', 'Me.jpg'),
(3, 'Admin Cadangan', 'root', '821177f4c4e2fea174b51932e1d14532', 'Apa binatang peliharaan Anda?', 'Kucing', 'jpjcrpug67irq7os3pv25mf603', ''),
(4, 'Admin Cadangan Terakhir', 'root2', '1fafc2111e45464acf594a57b85a9b57', 'Dimana kota Anda lahir?', 'Bandung', 'er72pscqn91sj2hah09u4gsc52', '');

-- --------------------------------------------------------

--
-- Table structure for table `brand`
--

CREATE TABLE IF NOT EXISTS `brand` (
`nomor` int(11) NOT NULL,
  `nama` varchar(30) NOT NULL,
  `kategori` varchar(25) NOT NULL
) ENGINE=InnoDB AUTO_INCREMENT=20 DEFAULT CHARSET=latin1;

--
-- Dumping data for table `brand`
--

INSERT INTO `brand` (`nomor`, `nama`, `kategori`) VALUES
(1, 'asus', '1'),
(2, 'acer', '1'),
(3, 'toshiba', '1'),
(4, 'samsung', '1'),
(5, 'sony', '1'),
(6, 'lenovo', '1'),
(7, 'dell', '1'),
(8, 'apple', '2'),
(9, 'dell', '2'),
(10, 'intel', '2'),
(11, 'hp', '2'),
(12, 'lenovo', '2'),
(13, 'asus', '3'),
(14, 'samsung', '3'),
(15, 'xiaomi', '3'),
(16, 'sony', '3'),
(17, 'apple', '4'),
(18, 'mito', '4'),
(19, 'acer', '4');

-- --------------------------------------------------------

--
-- Table structure for table `customer`
--

CREATE TABLE IF NOT EXISTS `customer` (
`nmr_customer` int(6) NOT NULL,
  `nama` varchar(80) NOT NULL,
  `email` varchar(110) NOT NULL,
  `password` varchar(40) NOT NULL,
  `tgl_lahir` varchar(10) NOT NULL,
  `jenis_kelamin` varchar(10) NOT NULL,
  `alamat` varchar(125) NOT NULL,
  `provinsi` varchar(40) NOT NULL,
  `kota` varchar(45) NOT NULL,
  `kecamatan` varchar(50) NOT NULL,
  `no_handphone` varchar(13) NOT NULL,
  `photo` varchar(230) NOT NULL,
  `kode` varchar(40) NOT NULL,
  `aktif` int(1) NOT NULL
) ENGINE=InnoDB AUTO_INCREMENT=9 DEFAULT CHARSET=latin1;

--
-- Dumping data for table `customer`
--

INSERT INTO `customer` (`nmr_customer`, `nama`, `email`, `password`, `tgl_lahir`, `jenis_kelamin`, `alamat`, `provinsi`, `kota`, `kecamatan`, `no_handphone`, `photo`, `kode`, `aktif`) VALUES
(3, 'customerz ke tiga x', 'client2@yahoo.com', 'ac1e9885ba6b24bff2ddbe7ab676208e', '2015-05-05', 'Laki-laki', 'jl. kemuning no. 19', '9', '127', '3322', '0844463311', '3.jpg', '', 1),
(4, 'client ke dua xx', 'client1@yahoo.com', 'e7f420225feea29f99100ee76009b0f1', '1997-08-08', 'Perempuan', 'Jl. kemuning ujung no.17 RT.009 RW.002', '6', '97', '3558', '089698594961', '4.jpg', '', 1),
(6, 'ngga punya nama', 'noname@gmail.com', 'e7f420225feea29f99100ee76009b0f1', '1955-6-6', 'Laki-laki', 'jl. dimana saja deh no.69', '13', '174', '450', '08267267111', '', '', 1),
(7, 'have name', 'yesname@gmail.com', 'ac1e9885ba6b24bff2ddbe7ab676208e', '1945-8-17', 'Perempuan', 'jl. dimana ya no.69', '13', '183', '596', '081653756734', '7.jpg', '', 0),
(8, 'testtingg', 'terserah@aja.com', 'e7f420225feea29f99100ee76009b0f1', '1945-1-1', 'Perempuan', 'jl. apa aja no. 123', '', '', '', '4456365636', '', '18NWRn672s2k5C0qjlrGm499Q', 1);

-- --------------------------------------------------------

--
-- Table structure for table `customer_sementara`
--

CREATE TABLE IF NOT EXISTS `customer_sementara` (
`nomor` int(6) NOT NULL,
  `nama` varchar(50) NOT NULL,
  `email` varchar(130) NOT NULL,
  `alamat` varchar(150) NOT NULL,
  `provinsi` int(7) NOT NULL,
  `kota` int(7) NOT NULL,
  `kecamatan` int(7) NOT NULL,
  `no_handphone` varchar(13) NOT NULL
) ENGINE=InnoDB AUTO_INCREMENT=7 DEFAULT CHARSET=latin1;

--
-- Dumping data for table `customer_sementara`
--

INSERT INTO `customer_sementara` (`nomor`, `nama`, `email`, `alamat`, `provinsi`, `kota`, `kecamatan`, `no_handphone`) VALUES
(1, 'tester ke tujuhh', 'test7@testing.com', 'jl. kemuning no.123', 6, 98, 3547, '08147316123'),
(2, 'tester ke delapann', 'test8@testing.com', 'jl. dimana saja dah no.5', 1, 16, 2169, '081667463177'),
(3, 'testerrr', 'test@testing.com', 'jl. entahlah no. 000', 7, 105, 3192, '08763471646'),
(4, 'ga punya nama gue', 'test2@testing.com', 'jl. in aja dulu', 13, 181, 206, '081647614712'),
(5, 'testers', 'test3@testing.com', 'jl. in aja dlu bro no.321', 2, 26, 2512, '0864716464'),
(6, 'testersss', 'test5@testing.com', 'jl. nya ga tau saya no.0', 12, 162, 6, '0876471647');

-- --------------------------------------------------------

--
-- Table structure for table `kategori`
--

CREATE TABLE IF NOT EXISTS `kategori` (
`nomor` int(5) NOT NULL,
  `nama` varchar(30) NOT NULL
) ENGINE=InnoDB AUTO_INCREMENT=5 DEFAULT CHARSET=latin1;

--
-- Dumping data for table `kategori`
--

INSERT INTO `kategori` (`nomor`, `nama`) VALUES
(1, 'laptop'),
(2, 'pc'),
(3, 'smartphone'),
(4, 'tab');

-- --------------------------------------------------------

--
-- Table structure for table `kontak`
--

CREATE TABLE IF NOT EXISTS `kontak` (
`nmr_kontak` int(5) NOT NULL,
  `nama` varchar(50) NOT NULL,
  `email` varchar(100) NOT NULL,
  `subjek` varchar(50) NOT NULL,
  `pesan` varchar(1000) NOT NULL,
  `tgl` int(10) NOT NULL
) ENGINE=InnoDB AUTO_INCREMENT=5 DEFAULT CHARSET=latin1;

--
-- Dumping data for table `kontak`
--

INSERT INTO `kontak` (`nmr_kontak`, `nama`, `email`, `subjek`, `pesan`, `tgl`) VALUES
(2, 'pelanggan kedua x', 'client@yahoo.com', 'cuma ngetesst', 'hellooo admin... :D', 1433062089),
(3, 'hayhay', 'hay@hei.com', 'hello', 'hellooooo...', 1434434011),
(4, 'test', 'test@test.com', 'etet', 'tjiejtiwt', 1434434045);

-- --------------------------------------------------------

--
-- Table structure for table `master_kecam`
--

CREATE TABLE IF NOT EXISTS `master_kecam` (
`kecam_id` int(10) NOT NULL,
  `nama_kecam` varchar(30) DEFAULT NULL,
  `kota_id` int(10) DEFAULT NULL
) ENGINE=InnoDB AUTO_INCREMENT=6549 DEFAULT CHARSET=latin1;

--
-- Dumping data for table `master_kecam`
--

INSERT INTO `master_kecam` (`kecam_id`, `nama_kecam`, `kota_id`) VALUES
(1, ' Kepulauan Seribu Selatan', 160),
(2, ' Kepulauan Seribu Utara', 160),
(3, ' Tanah Abang', 162),
(4, ' Menteng', 162),
(5, ' Senen', 162),
(6, ' Johar Baru', 162),
(7, ' Cempaka Putih', 162),
(8, ' Kemayoran', 162),
(9, ' Sawah Besar', 162),
(10, ' Gambir', 162),
(11, ' Penjaringan', 165),
(12, ' Pademangan', 165),
(13, ' Tanjung Priok', 165),
(14, ' Koja', 165),
(15, ' Kelapa Gading', 165),
(16, ' Cilincing', 165),
(17, ' Kembangan', 161),
(18, ' Kebon Jeruk', 161),
(19, ' Palmerah', 161),
(20, ' Grogol Petamburan', 161),
(21, ' Tambora', 161),
(22, ' Taman Sari', 161),
(23, ' Cengkareng', 161),
(24, ' Kali Deres', 161),
(25, ' Jagakarsa', 163),
(26, ' Pasar Minggu', 163),
(27, ' Cilandak', 163),
(28, ' Pesanggrahan', 163),
(29, ' Kebayoran Lama', 163),
(30, ' Kebayoran Baru', 163),
(31, ' Mampang Prapatan', 163),
(32, ' Pancoran', 163),
(33, ' Tebet', 163),
(34, ' Setia Budi', 163),
(35, ' Pasar Rebo', 164),
(36, ' Ciracas', 164),
(37, ' Cipayung', 164),
(38, ' Makasar', 164),
(39, ' Kramat Jati', 164),
(40, ' Jatinegara', 164),
(41, ' Duren Sawit', 164),
(42, ' Cakung', 164),
(43, ' Pulo Gadung', 164),
(44, ' Matraman', 164),
(45, ' Nanggung', 169),
(46, ' Leuwiliang', 169),
(47, ' Pamijahan', 169),
(48, ' Cibungbulang', 169),
(49, ' Ciampea', 169),
(50, ' Dramaga', 169),
(51, ' Ciomas', 169),
(52, ' Cijeruk', 169),
(53, ' Caringin', 169),
(54, ' Ciawi', 169),
(55, ' Cisarua', 169),
(56, ' Megamendung', 169),
(57, ' Sukaraja', 169),
(58, ' Babakan Madang', 169),
(59, ' Sukamakmur', 169),
(60, ' Cariu', 169),
(61, ' Jonggol', 169),
(62, ' Cileungsi', 169),
(63, ' Gunungputri', 169),
(64, ' Citeureup', 169),
(65, ' Cibinong', 169),
(66, ' Bojong Gede', 169),
(67, ' Kemang', 169),
(68, ' Parung', 169),
(69, ' Gunung Sindur', 169),
(70, ' Rumpin', 169),
(71, ' Cigudeg', 169),
(72, ' Jasinga', 169),
(73, ' Tenjo', 169),
(74, ' Parungpanjang', 169),
(75, ' Tamansari', 169),
(76, ' Ciseeng', 169),
(77, ' Kelapa Nunggal', 169),
(78, ' Sukajaya', 169),
(79, ' Ranca Bungur', 169),
(80, ' Tanjung Sari', 169),
(81, ' Tajurhalang', 169),
(82, ' Cigombong', 169),
(83, ' Leuwisadeng', 169),
(84, ' Tenjolaya', 169),
(85, ' Ciemas', 180),
(86, ' Ciracap', 180),
(87, ' Surade', 180),
(88, ' Jampang Kulon', 180),
(89, ' Kalibunder', 180),
(90, ' Tegalbuleud', 180),
(91, ' Cidolog', 180),
(92, ' Sagaranten', 180),
(93, ' Pabuaran', 180),
(94, ' Lengkong', 180),
(95, ' Pelabuhan Ratu', 180),
(96, ' Warung Kiara', 180),
(97, ' Jampang Tengah', 180),
(98, ' Cikembar', 180),
(99, ' Nyalindung', 180),
(100, ' Gegerbitung', 180),
(101, ' Sukaraja', 180),
(102, ' Sukabumi', 180),
(103, ' Kadudampit', 180),
(104, ' Cisaat', 180),
(105, ' Cibadak', 180),
(106, ' Nagrak', 180),
(107, ' Cicurug', 180),
(108, ' Cidahu', 180),
(109, ' Parakansalak', 180),
(110, ' Parungkuda', 180),
(111, ' Kalapa Nunggal', 180),
(112, ' Cikidang', 180),
(113, ' Cisolok', 180),
(114, ' Kabandungan', 180),
(115, ' Gunung Guruh', 180),
(116, ' Cikakak', 180),
(117, ' Bantar Gadung', 180),
(118, ' Cicantayan', 180),
(119, ' Simpenan', 180),
(120, ' Kebon Pedes', 180),
(121, ' Cidadap', 180),
(122, ' Cibitung', 180),
(123, ' Curugkembar', 180),
(124, ' Purabaya', 180),
(125, ' Cireunghas', 180),
(126, ' Sukalarang', 180),
(127, ' Caringin', 180),
(128, ' Bojong Genteng', 180),
(129, ' Waluran', 180),
(130, ' Cimanggu', 180),
(131, ' Ciambar', 180),
(132, ' Agrabinta', 171),
(133, ' Sindang Barang', 171),
(134, ' Cidaun', 171),
(135, ' Naringgul', 171),
(136, ' Cibinong', 171),
(137, ' Tanggeung', 171),
(138, ' Kadupandak', 171),
(139, ' Takokak', 171),
(140, ' Sukanagara', 171),
(141, ' Pagelaran', 171),
(142, ' Campaka', 171),
(143, ' Cibeber', 171),
(144, ' Warungkondang', 171),
(145, ' Cilaku', 171),
(146, ' Sukaluyu', 171),
(147, ' Ciranjang', 171),
(148, ' Mande', 171),
(149, ' Karang Tengah', 171),
(150, ' Cianjur', 171),
(151, ' Cugenang', 171),
(152, ' Pacet', 171),
(153, ' Sukaresmi', 171),
(154, ' Cikalong Kulon', 171),
(155, ' Bojong Picung', 171),
(156, ' Campaka Mulya', 171),
(157, ' Cikadu', 171),
(158, ' Leles', 171),
(159, ' Cijati', 171),
(160, ' Gekbrong', 171),
(161, ' Cipanas', 171),
(162, ' Haurwangi', 171),
(163, ' Pasirkuda', 171),
(164, ' Ciwidey', 161),
(165, ' Pasirjambu', 161),
(166, ' Cimaung', 161),
(167, ' Pangalengan', 161),
(168, ' Kertasari', 161),
(169, ' Pacet', 161),
(170, ' Ibun', 161),
(171, ' Paseh', 161),
(172, ' Cikancung', 161),
(173, ' Cicalengka', 161),
(174, ' Rancaekek', 161),
(175, ' Majalaya', 161),
(176, ' Ciparay', 161),
(177, ' Bale Endah', 161),
(178, ' Arjasari', 161),
(179, ' Banjaran', 161),
(180, ' Pameungpeuk', 161),
(181, ' Ketapang', 161),
(182, ' Soreang', 161),
(183, ' Marga Asih', 161),
(184, ' Margahayu', 161),
(185, ' Dayeuhkolot', 161),
(186, ' Bojongsoang', 161),
(187, ' Cileunyi', 161),
(188, ' Cilengkrang', 161),
(189, ' Cimenyan', 161),
(190, ' Rancabali', 161),
(191, ' Nagreg', 161),
(192, ' Solokan Jeruk', 161),
(193, ' Cangkuang', 161),
(194, ' Kutawaringin', 161),
(195, ' Jatinangor', 181),
(196, ' Cimanggung', 181),
(197, ' Tanjungsari', 181),
(198, ' Rancakalong', 181),
(199, ' Sumedang Selatan', 181),
(200, ' Sumedang Utara', 181),
(201, ' Situraja', 181),
(202, ' Darmaraja', 181),
(203, ' Cibugel', 181),
(204, ' Wado', 181),
(205, ' Tomo', 181),
(206, ' Ujung Jaya', 181),
(207, ' Conggeang', 181),
(208, ' Paseh', 181),
(209, ' Cimalaka', 181),
(210, ' Tanjungkerta', 181),
(211, ' Buah Dua', 181),
(212, ' Ganeas', 181),
(213, ' Jati Gede', 181),
(214, ' Pamulihan', 181),
(215, ' Cisitu', 181),
(216, ' Jatinunggal', 181),
(217, ' Cisarua', 181),
(218, ' Tanjungmedar', 181),
(219, ' Surian', 181),
(220, ' Sukasari', 181),
(221, ' Talegong', 173),
(222, ' Cisewu', 173),
(223, ' Bungbulang', 173),
(224, ' Pamulihan', 173),
(225, ' Pakenjeng', 173),
(226, ' Cikelet', 173),
(227, ' Pameungpeuk', 173),
(228, ' Cibalong', 173),
(229, ' Cisompet', 173),
(230, ' Peundeuy', 173),
(231, ' Singajaya', 173),
(232, ' Cikajang', 173),
(233, ' Banjarwangi', 173),
(234, ' Cilawu', 173),
(235, ' Bayongbong', 173),
(236, ' Cisurupan', 173),
(237, ' Samarang', 173),
(238, ' Garut Kota', 173),
(239, ' Karangpawitan', 173),
(240, ' Wanaraja', 173),
(241, ' Sukawening', 173),
(242, ' Banyuresmi', 173),
(243, ' Leles', 173),
(244, ' Leuwigoong', 173),
(245, ' Cibatu', 173),
(246, ' Cibiuk', 173),
(247, ' Kadungora', 173),
(248, ' Blubur Limbangan', 173),
(249, ' Selaawi', 173),
(250, ' Malangbong', 173),
(251, ' Mekarmukti', 173),
(252, ' Caringin', 173),
(253, ' Cihurip', 173),
(254, ' Sukaresmi', 173),
(255, ' Pasirwangi', 173),
(256, ' Karangtengah', 173),
(257, ' Kersamanah', 173),
(258, ' Tarogong Kaler', 173),
(259, ' Tarogong Kidul', 173),
(260, ' Cigedug', 173),
(261, ' Sucinaraja', 173),
(262, ' Pangatikan', 173),
(263, ' Cipatujah', 182),
(264, ' Karangnunggal', 182),
(265, ' Cikalong', 182),
(266, ' Panca Tengah', 182),
(267, ' Cikatomas', 182),
(268, ' Cibalong', 182),
(269, ' Bantarkalong', 182),
(270, ' Bojong Gambir', 182),
(271, ' Sodonghilir', 182),
(272, ' Taraju', 182),
(273, ' Salawu', 182),
(274, ' Tanjungjaya', 182),
(275, ' Sukaraja', 182),
(276, ' Salopa', 182),
(277, ' Cineam', 182),
(278, ' Manonjaya', 182),
(279, ' Singaparna', 182),
(280, ' Cigalontang', 182),
(281, ' Leuwisari', 182),
(282, ' Cisayong', 182),
(283, ' Rajapolah', 182),
(284, ' Jamanis', 182),
(285, ' Ciawi', 182),
(286, ' Pagerageung', 182),
(287, ' Parung Ponteng', 182),
(288, ' Sariwangi', 182),
(289, ' Sukaratu', 182),
(290, ' Sukarame', 182),
(291, ' Bojong Asih', 182),
(292, ' Culamega', 182),
(293, ' Puspahiang', 182),
(294, ' Jatiwaras', 182),
(295, ' Mangunreja', 182),
(296, ' Gunung Tanjung', 182),
(297, ' Karang Jaya', 182),
(298, ' Pada Kembang', 182),
(299, ' Sukahening', 182),
(300, ' Kadipaten', 182),
(301, ' Sukaresik', 182),
(302, ' Cimerak', 170),
(303, ' Cijulang', 170),
(304, ' Cigugur', 170),
(305, ' Langkaplancar', 170),
(306, ' Parigi', 170),
(307, ' Sidamulih', 170),
(308, ' Pangandaran', 170),
(309, ' Kalipucang', 170),
(310, ' Padaherang', 170),
(311, ' Banjarsari', 170),
(312, ' Lakbok', 170),
(313, ' Pamarican', 170),
(314, ' Cidolog', 170),
(315, ' Cimaragas', 170),
(316, ' Cijeungjing', 170),
(317, ' Cisaga', 170),
(318, ' Tambaksari', 170),
(319, ' Rancah', 170),
(320, ' Rajadesa', 170),
(321, ' Sukadana', 170),
(322, ' Ciamis', 170),
(323, ' Cikoneng', 170),
(324, ' Cihaurbeuti', 170),
(325, ' Sadananya', 170),
(326, ' Cipaku', 170),
(327, ' Jatinagara', 170),
(328, ' Panawangan', 170),
(329, ' Kawali', 170),
(330, ' Panjalu', 170),
(331, ' Panumbangan', 170),
(332, ' Sindangkasih', 170),
(333, ' Baregbeg', 170),
(334, ' Panjalu Utara/Sukamantri', 170),
(335, ' Lumbung', 170),
(336, ' Purwadadi', 170),
(337, ' Mangunjaya', 170),
(338, ' Darma', 176),
(339, ' Kadugede', 176),
(340, ' Ciniru', 176),
(341, ' Selajambe', 176),
(342, ' Subang', 176),
(343, ' Ciwaru', 176),
(344, ' Cibingbin', 176),
(345, ' Luragung', 176),
(346, ' Cidahu', 176),
(347, ' Ciawigebang', 176),
(348, ' Lebakwangi', 176),
(349, ' Garawangi', 176),
(350, ' Kuningan', 176),
(351, ' Cigugur', 176),
(352, ' Kramatmulya', 176),
(353, ' Jalaksana', 176),
(354, ' Cilimus', 176),
(355, ' Mandirancan', 176),
(356, ' Pasawahan', 176),
(357, ' Pancalang', 176),
(358, ' Cipicung', 176),
(359, ' Kalimanggis', 176),
(360, ' Japara', 176),
(361, ' Karangkancana', 176),
(362, ' Nusaherang', 176),
(363, ' Cilebak', 176),
(364, ' Hantara', 176),
(365, ' Cimahi', 176),
(366, ' Cibeureum', 176),
(367, ' Sindang Agung', 176),
(368, ' Maleber', 176),
(369, ' Ciganda Mekar', 176),
(370, ' Lemahsugih', 177),
(371, ' Bantarujeg', 177),
(372, ' Cikijing', 177),
(373, ' Talaga', 177),
(374, ' Argapura', 177),
(375, ' Maja', 177),
(376, ' Majalengka', 177),
(377, ' Cigasong', 177),
(378, ' Sukahaji', 177),
(379, ' Rajagaluh', 177),
(380, ' Sindangwangi', 177),
(381, ' Leuwimunding', 177),
(382, ' Palasah', 177),
(383, ' Jatiwangi', 177),
(384, ' Dawuan', 177),
(385, ' Panyingkiran', 177),
(386, ' Kadipaten', 177),
(387, ' Kertajati', 177),
(388, ' Jatitujuh', 177),
(389, ' Ligung', 177),
(390, ' Sumberjaya', 177),
(391, ' Banjaran', 177),
(392, ' Cingambul', 177),
(393, ' Mala usma', 177),
(394, ' Sindang', 177),
(395, ' Kasokandel', 177),
(396, ' Waled', 172),
(397, ' Ciledug', 172),
(398, ' Losari', 172),
(399, ' Babakan', 172),
(400, ' Karang Sembung', 172),
(401, ' Lemah Abang', 172),
(402, ' Sedong', 172),
(403, ' Astana Japura', 172),
(404, ' Mundu', 172),
(405, ' Beber', 172),
(406, ' Sumber', 172),
(407, ' Palimanan', 172),
(408, ' Plumbon', 172),
(409, ' Weru', 172),
(410, ' Kapetakan', 172),
(411, ' Klangenan', 172),
(412, ' Arjawinangun', 172),
(413, ' Ciwaringin', 172),
(414, ' Susukan', 172),
(415, ' Gegesik', 172),
(416, ' Susukan Lebak', 172),
(417, ' Pabedilan', 172),
(418, ' Dukupuntang', 172),
(419, ' Panguragan', 172),
(420, ' Kaliwedi', 172),
(421, ' Pangenan', 172),
(422, ' Gebang', 172),
(423, ' Depok', 172),
(424, ' Kedawung', 172),
(425, ' Karang Wereng', 172),
(426, ' Talun', 172),
(427, ' Gunung Jati', 172),
(428, ' Pasaleman', 172),
(429, ' Pabuaran', 172),
(430, ' Tengah Tani', 172),
(431, ' Plered', 172),
(432, ' Gempol', 172),
(433, ' Greged', 172),
(434, ' Suranenggala', 172),
(435, ' Jamblang', 172),
(436, ' Haurgeulis', 174),
(437, ' Kroya', 174),
(438, ' Gabuswetan', 174),
(439, ' Cikedung', 174),
(440, ' Lelea', 174),
(441, ' Bangodua', 174),
(442, ' Widasari', 174),
(443, ' Kertasemaya', 174),
(444, ' Krangkeng', 174),
(445, ' Karangampel', 174),
(446, ' Juntinyuat', 174),
(447, ' Sliyeg', 174),
(448, ' Jatibarang', 174),
(449, ' Balongan', 174),
(450, ' Indramayu', 174),
(451, ' Sindang', 174),
(452, ' Lohbener', 174),
(453, ' Losarang', 174),
(454, ' Kandanghaur', 174),
(455, ' Bongas', 174),
(456, ' Anjatan', 174),
(457, ' Sukra', 174),
(458, ' Arahan', 174),
(459, ' Cantigi', 174),
(460, ' Gantar', 174),
(461, ' Terisi', 174),
(462, ' Sukagumiwang', 174),
(463, ' Kedokan Bunder', 174),
(464, ' Pasekan', 174),
(465, ' Tukdana', 174),
(466, ' Patrol', 174),
(467, ' Sagalaherang', 179),
(468, ' Jalancagak', 179),
(469, ' Cisalak', 179),
(470, ' Tanjung Siang', 179),
(471, ' Cijambe', 179),
(472, ' Cibogo', 179),
(473, ' Subang', 179),
(474, ' Kalijati', 179),
(475, ' Cipeundeuy', 179),
(476, ' Pabuaran', 179),
(477, ' Patokbeusi', 179),
(478, ' Purwadadi', 179),
(479, ' Cikaum', 179),
(480, ' Pagaden', 179),
(481, ' Cipunagara', 179),
(482, ' Compreng', 179),
(483, ' Binong', 179),
(484, ' Ciasem', 179),
(485, ' Pamanukan', 179),
(486, ' Pusakanagara', 179),
(487, ' Legon Kulon', 179),
(488, ' Blanakan', 179),
(489, ' Dawuan', 179),
(490, ' Serang Panjang', 179),
(491, ' Kasomalang', 179),
(492, ' Tambakdahan', 179),
(493, ' Pagaden Barat', 179),
(494, ' Pusakajaya', 179),
(495, ' Ciater', 179),
(496, ' Sukasari', 179),
(497, ' Jatiluhur', 178),
(498, ' Maniis', 178),
(499, ' Tegalwaru', 178),
(500, ' Plered', 178),
(501, ' Sukatani', 178),
(502, ' Darangdan', 178),
(503, ' Bojong', 178),
(504, ' Wanayasa', 178),
(505, ' Pasawahan', 178),
(506, ' Purwakarta', 178),
(507, ' Campaka', 178),
(508, ' Sukasari', 178),
(509, ' Kiarapedes', 178),
(510, ' Babakancikao', 178),
(511, ' Cibatu', 178),
(512, ' Bungursari', 178),
(513, ' Pondok Salam', 178),
(514, ' Pangkalan', 175),
(515, ' Ciampel', 175),
(516, ' Klari', 175),
(517, ' Cikampek', 175),
(518, ' Tirtamulya', 175),
(519, ' Jatisari', 175),
(520, ' Lemahabang', 175),
(521, ' Telagasari', 175),
(522, ' Karawang', 175),
(523, ' Rawamerta', 175),
(524, ' Tempuran', 175),
(525, ' Kutawaluya', 175),
(526, ' Rengasdengklok', 175),
(527, ' Pedes', 175),
(528, ' Cibuaya', 175),
(529, ' Tirtajaya', 175),
(530, ' Batujaya', 175),
(531, ' Pakisjaya', 175),
(532, ' Majalaya', 175),
(533, ' Jayakerta', 175),
(534, ' Cilamaya Kulon', 175),
(535, ' Banyusari', 175),
(536, ' Kotabaru', 175),
(537, ' Cilamaya Wetan', 175),
(538, ' Purwasari', 175),
(539, ' Teluk Jambe Barat', 175),
(540, ' Teluk Jambe Timur', 175),
(541, ' Karawang Timur', 175),
(542, ' Tegalwaru', 175),
(543, ' Cilebar', 175),
(544, ' Karawang Barat', 175),
(545, ' Setu', 168),
(546, ' Cibarusah', 168),
(547, ' Kedung Waringin', 168),
(548, ' Cibitung', 168),
(549, ' Bebelan', 168),
(550, ' Taruma Jaya', 168),
(551, ' Tembelang', 168),
(552, ' Sukatani', 168),
(553, ' Pebayuran', 168),
(554, ' Cabangbungin', 168),
(555, ' Muara Gembong', 168),
(556, ' Tambun Selatan', 168),
(557, ' Tambun Utara', 168),
(558, ' Cikarang Barat', 168),
(559, ' Karang Bahagia', 168),
(560, ' Cikarang Utara', 168),
(561, ' Cikarang Selatan', 168),
(562, ' Cikarang Timur', 168),
(563, ' Bojong Mangu', 168),
(564, ' Cikarang Pusat', 168),
(565, ' Sukakarya', 168),
(566, ' Sukawangi', 168),
(567, ' Serang Baru', 168),
(568, ' Rongga', 167),
(569, ' Gununghalu', 167),
(570, ' Sindangkerta', 167),
(571, ' Cililin', 167),
(572, ' Cihampelas', 167),
(573, ' Cipongkor', 167),
(574, ' Batujajar', 167),
(575, ' Cipatat', 167),
(576, ' Padalarang', 167),
(577, ' Ngamprah', 167),
(578, ' Parongpong', 167),
(579, ' Lembang', 167),
(580, ' Cisarua', 167),
(581, ' Cikalong Wetan', 167),
(582, ' Cipeundeuy', 167),
(583, ' Bandung Kulon', 183),
(584, ' Babakan Ciparay', 183),
(585, ' Bojong Loa Kaler', 183),
(586, ' Bojong Loa Kidul', 183),
(587, ' Astananyar', 183),
(588, ' Regol', 183),
(589, ' Lengkong', 183),
(590, ' Bandung Kidul', 183),
(591, ' Buah Batu', 183),
(592, ' Rancasari', 183),
(593, ' Cibiru', 183),
(594, ' Ujungberung', 183),
(595, ' Arcamanik', 183),
(596, ' Cicadas', 183),
(597, ' Kiaracondong', 183),
(598, ' Batununggal', 183),
(599, ' Sumur Bandung', 183),
(600, ' Andir', 183),
(601, ' Cicendo', 183),
(602, ' Bandung Wetan', 183),
(603, ' Cibeunying Kidul', 183),
(604, ' Cibeunying Kaler', 183),
(605, ' Coblong', 183),
(606, ' Sukajadi', 183),
(607, ' Sukasari', 183),
(608, ' Cidadap', 183),
(609, ' Gedebage', 183),
(610, ' Panyileukan', 183),
(611, ' Cinambo', 183),
(612, ' Mandalajati', 183),
(613, ' Antapani', 183),
(614, ' Kota Bogor Selatan', 186),
(615, ' Kota Bogor Timur', 186),
(616, ' Kota Bogor Utara', 186),
(617, ' Kota Bogor Tengah', 186),
(618, ' Kota Bogor Barat', 186),
(619, ' Tanah Sereal', 186),
(620, ' Baros', 190),
(621, ' Citamiang', 190),
(622, ' Warudoyong', 190),
(623, ' Gunung Puyuh', 190),
(624, ' Cikole', 190),
(625, ' Lembur Situ', 190),
(626, ' Cibeureum', 190),
(627, ' Harjamukti', 188),
(628, ' Lemahwungkuk', 188),
(629, ' Pekalipan', 188),
(630, ' Kesambi', 188),
(631, ' Kejaksan', 188),
(632, ' Pondokgede', 185),
(633, ' Jatiasih', 185),
(634, ' Bantargebang', 185),
(635, ' Bekasi Timur', 185),
(636, ' Bekasi Selatan', 185),
(637, ' Bekasi Barat', 185),
(638, ' Bekasi Utara', 185),
(639, ' Jati Sampurna', 185),
(640, ' Medan Satria', 185),
(641, ' Rawalumbu', 185),
(642, ' Mustika Jaya', 185),
(643, ' Pondok Melati', 185),
(644, ' Sawangan', 189),
(645, ' Pancoran Mas', 189),
(646, ' Sukmajaya', 189),
(647, ' Cimanggis', 189),
(648, ' Beji', 189),
(649, ' Limo', 189),
(650, ' Cimahi Selatan', 187),
(651, ' Cimahi Tengah', 187),
(652, ' Cimahi Utara', 187),
(653, ' Cibeureum', 191),
(654, ' Tamansari', 191),
(655, ' Kawalu', 191),
(656, ' Mangkubumi', 191),
(657, ' Indihiang', 191),
(658, ' Cipedes', 191),
(659, ' Cihideung', 191),
(660, ' Tawang', 191),
(661, ' Purbaratu', 191),
(662, ' Bungursari', 191),
(663, ' Banjar', 184),
(664, ' Purwaharja', 184),
(665, ' Pataruman', 184),
(666, ' Langensari', 184),
(667, ' Sumur', 153),
(668, ' Cimanggu', 153),
(669, ' Cibaliung', 153),
(670, ' Cikeusik', 153),
(671, ' Cigeulis', 153),
(672, ' Panimbang', 153),
(673, ' Munjul', 153),
(674, ' Picung', 153),
(675, ' Bojong', 153),
(676, ' Saketi', 153),
(677, ' Pagelaran', 153),
(678, ' Labuan', 153),
(679, ' Jiput', 153),
(680, ' Menes', 153),
(681, ' Mandalawangi', 153),
(682, ' Cimanuk', 153),
(683, ' Banjar', 153),
(684, ' Pandeglang', 153),
(685, ' Cadasari', 153),
(686, ' Angsana', 153),
(687, ' Karang Tanjung', 153),
(688, ' Kaduhejo', 153),
(689, ' Cikedal', 153),
(690, ' Cipeucang', 153),
(691, ' Cisata', 153),
(692, ' Patia', 153),
(693, ' Carita', 153),
(694, ' Sukaresmi', 153),
(695, ' Mekarjaya', 153),
(696, ' Sindangresmi', 153),
(697, ' Pulosari', 153),
(698, ' Koroncong', 153),
(699, ' Cibitung', 153),
(700, ' Majasari', 153),
(701, ' Malingping', 152),
(702, ' Panggarangan', 152),
(703, ' Bayah', 152),
(704, ' Cibeber', 152),
(705, ' Cijaku', 152),
(706, ' Banjarsari', 152),
(707, ' Cileles', 152),
(708, ' Gunung Kencana', 152),
(709, ' Leuwidamar', 152),
(710, ' Muncang', 152),
(711, ' Cipanas', 152),
(712, ' Sajira', 152),
(713, ' Cimarga', 152),
(714, ' Cikulur', 152),
(715, ' Warung Gunung', 152),
(716, ' Cibadak', 152),
(717, ' Rangkasbitung', 152),
(718, ' Maja', 152),
(719, ' Curug Bitung', 152),
(720, ' Sobang', 152),
(721, ' Wanasalam', 152),
(722, ' Cilograng', 152),
(723, ' Bojongmanik', 152),
(724, ' Karanganyar', 152),
(725, ' Lebakgedong', 152),
(726, ' Cihara', 152),
(727, ' Cirinten', 152),
(728, ' Cigemblong', 152),
(729, ' Cisoka', 155),
(730, ' Tiga Raksa', 155),
(731, ' Cikupa', 155),
(732, ' Panongan', 155),
(733, ' Curug', 155),
(734, ' Legok', 155),
(735, ' Pagedangan', 155),
(736, ' Pasar Kemis', 155),
(737, ' Balaraja', 155),
(738, ' Kresek', 155),
(739, ' Kronjo', 155),
(740, ' Mauk', 155),
(741, ' Rajeg', 155),
(742, ' Sepatan', 155),
(743, ' Pakuhaji', 155),
(744, ' Teluk Naga', 155),
(745, ' Kosambi', 155),
(746, ' Jayanti', 155),
(747, ' Jambe', 155),
(748, ' Cisauk', 155),
(749, ' Kemeri', 155),
(750, ' Sukadiri', 155),
(751, ' Sukamulya', 155),
(752, ' Kelapa Dua', 155),
(753, ' Sindang Jaya', 155),
(754, ' Sepatan Timur', 155),
(755, ' Solear', 155),
(756, ' Gunung Kaler', 155),
(757, ' Mekar Baru', 155),
(758, ' Cinangka', 157),
(759, ' Padarincang', 157),
(760, ' Ciomas', 157),
(761, ' Pabuaran', 157),
(762, ' Baros', 157),
(763, ' Petir', 157),
(764, ' Cikeusal', 157),
(765, ' Pamarayan', 157),
(766, ' Jawilan', 157),
(767, ' Kopo', 157),
(768, ' Cikande', 157),
(769, ' Kragilan', 157),
(770, ' Serang', 157),
(771, ' Waringinkurung', 157),
(772, ' Mancak', 157),
(773, ' Anyar', 157),
(774, ' Bojonegara', 157),
(775, ' Kramatwatu', 157),
(776, ' Ciruas', 157),
(777, ' Pontang', 157),
(778, ' Carenang', 157),
(779, ' Tirtayasa', 157),
(780, ' Tunjung Teja', 157),
(781, ' Kibin', 157),
(782, ' Pulo Ampel', 157),
(783, ' Binuang', 157),
(784, ' Tanara', 157),
(785, ' Gunung Sari', 157),
(786, ' Bandung', 157),
(787, ' Ciwandan', 156),
(788, ' Pulomerak', 156),
(789, ' Cilegon', 156),
(790, ' Cibeber', 156),
(791, ' Gerogol', 156),
(792, ' Purwakarta', 156),
(793, ' Jombang', 156),
(794, ' Citangkil', 156),
(795, ' Ciledug', 158),
(796, ' Cipondoh', 158),
(797, ' Tangerang', 158),
(798, ' Jati Uwung', 158),
(799, ' Batuceper', 158),
(800, ' Benda', 158),
(801, ' Larangan', 158),
(802, ' Karang Tengah', 158),
(803, ' Pinang', 158),
(804, ' Karawaci', 158),
(805, ' Cibodas', 158),
(806, ' Periuk', 158),
(807, ' Neglasari', 158),
(808, ' Cipocok Jaya', 157),
(809, ' Curug', 157),
(810, ' Kasemen', 157),
(811, ' Serang', 157),
(812, ' Taktakan', 157),
(813, ' Walantaka', 157),
(814, ' Ciputat', 159),
(815, ' Ciputat Timur', 159),
(816, ' Pamulang', 159),
(817, ' Pondok Aren', 159),
(818, ' Serpong', 159),
(819, ' Serpong Utara', 159),
(820, ' Setu', 159),
(821, ' Dayeuhluhur', 198),
(822, ' Wanareja', 198),
(823, ' Majenang', 198),
(824, ' Cimanggu', 198),
(825, ' Karangpucung', 198),
(826, ' Cipari', 198),
(827, ' Sidareja', 198),
(828, ' Kedungreja', 198),
(829, ' Patimuan', 198),
(830, ' Gandrungmangu', 198),
(831, ' Bantarsari', 198),
(832, ' Kawunganten', 198),
(833, ' Kampung Laut', 198),
(834, ' Jeruklegi', 198),
(835, ' Kesugihan', 198),
(836, ' Adipala', 198),
(837, ' Maos', 198),
(838, ' Sampang', 198),
(839, ' Kroya', 198),
(840, ' Binangun', 198),
(841, ' Nusawungu', 198),
(842, ' Cilacap Selatan', 198),
(843, ' Cilacap Tengah', 198),
(844, ' Cilacap Utara', 198),
(845, ' Lumbir', 193),
(846, ' Wangon', 193),
(847, ' Jatilawang', 193),
(848, ' Rawalo', 193),
(849, ' Kebasen', 193),
(850, ' Kemranjen', 193),
(851, ' Sumpiuh', 193),
(852, ' Tambak', 193),
(853, ' Somagede', 193),
(854, ' Kalibagor', 193),
(855, ' Banyumas', 193),
(856, ' Patikraja', 193),
(857, ' Purwojati', 193),
(858, ' Ajibarang', 193),
(859, ' Gumelar', 193),
(860, ' Pekuncen', 193),
(861, ' Cilongok', 193),
(862, ' Karanglewas', 193),
(863, ' Kedung Banteng', 193),
(864, ' Baturaden', 193),
(865, ' Sumbang', 193),
(866, ' Kembaran', 193),
(867, ' Sokaraja', 193),
(868, ' Purwokerto Selatan', 193),
(869, ' Purwokerto Barat', 193),
(870, ' Purwokerto Timur', 193),
(871, ' Purwokerto Utara', 193),
(872, ' Kemangkon', 212),
(873, ' Bukateja', 212),
(874, ' Kejobong', 212),
(875, ' Pengadegan', 212),
(876, ' Kaligondang', 212),
(877, ' Purbalingga', 212),
(878, ' Kalimanah', 212),
(879, ' Padamara', 212),
(880, ' Kutasari', 212),
(881, ' Bojongsari', 212),
(882, ' Mrebet', 212),
(883, ' Bobotsari', 212),
(884, ' Karangreja', 212),
(885, ' Karanganyar', 212),
(886, ' Karangmoncol', 212),
(887, ' Rembang', 212),
(888, ' Karangjambu', 212),
(889, ' Kertanegara', 212),
(890, ' Susukan', 192),
(891, ' Purworejo/ Klampok', 192),
(892, ' Mandiraja', 192),
(893, ' Purwonegara', 192),
(894, ' Bawang', 192),
(895, ' Banjarnegara', 192),
(896, ' Sigaluh', 192),
(897, ' Madukara', 192),
(898, ' Banjarmangu', 192),
(899, ' Wanadadi', 192),
(900, ' Rakit', 192),
(901, ' Punggelan', 192),
(902, ' Karangkobar', 192),
(903, ' Pagentan', 192),
(904, ' Pejawaran', 192),
(905, ' Batur', 192),
(906, ' Wanayasa', 192),
(907, ' Kalibening', 192),
(908, ' Pandan Arum', 192),
(909, ' Pagedongan', 192),
(910, ' Ayah', 203),
(911, ' Buayan', 203),
(912, ' Puring', 203),
(913, ' Petanahan', 203),
(914, ' Klirong', 203),
(915, ' Bulupesantren', 203),
(916, ' Ambal', 203),
(917, ' Mirit', 203),
(918, ' Prembun', 203),
(919, ' Kutowinangun', 203),
(920, ' Alian', 203),
(921, ' Kebumen', 203),
(922, ' Pejagoan', 203),
(923, ' Sruweng', 203),
(924, ' Adimulyo', 203),
(925, ' Kuwarasan', 203),
(926, ' Rowokele', 203),
(927, ' Sempor', 203),
(928, ' Gombong', 203),
(929, ' Karanganyar', 203),
(930, ' Karangganyam', 203),
(931, ' Sadang', 203),
(932, ' Bonorowo', 203),
(933, ' Padureso', 203),
(934, ' Poncowarno', 203),
(935, ' Karangsambung', 203),
(936, ' Grabag', 213),
(937, ' Ngombol', 213),
(938, ' Purwodadi', 213),
(939, ' Bagelen', 213),
(940, ' Kaligesing', 213),
(941, ' Purworejo', 213),
(942, ' Banyu Urip', 213),
(943, ' Bayan', 213),
(944, ' Kutoarjo', 213),
(945, ' Butuh', 213),
(946, ' Pituruh', 213),
(947, ' Kemiri', 213),
(948, ' Bruno', 213),
(949, ' Gebang', 213),
(950, ' Loano', 213),
(951, ' Bener', 213),
(952, ' Wadaslintang', 220),
(953, ' Kepil', 220),
(954, ' Sapuran', 220),
(955, ' Kaliwiro', 220),
(956, ' Leksono', 220),
(957, ' Selomerto', 220),
(958, ' Kalikajar', 220),
(959, ' Kertek', 220),
(960, ' Wonosobo', 220),
(961, ' Watumalang', 220),
(962, ' Mojotengah', 220),
(963, ' Garung', 220),
(964, ' Kejajar', 220),
(965, ' Sukoharjo', 220),
(966, ' Kalibawang', 220),
(967, ' Salaman', 208),
(968, ' Borobudur', 208),
(969, ' Ngluwar', 208),
(970, ' Salam', 208),
(971, ' Srumbung', 208),
(972, ' Dukun', 208),
(973, ' Muntilan', 208),
(974, ' Mungkid', 208),
(975, ' Sawangan', 208),
(976, ' Candimulyo', 208),
(977, ' Martoyudan', 208),
(978, ' Tempuran', 208),
(979, ' Kajoran', 208),
(980, ' Kaliangkrik', 208),
(981, ' Bandongan', 208),
(982, ' Windusari', 208),
(983, ' Secang', 208),
(984, ' Tegalrejo', 208),
(985, ' Pakis', 208),
(986, ' Grabag', 208),
(987, ' Ngablak', 208),
(988, ' Selo', 196),
(989, ' Ampel', 196),
(990, ' Cepogo', 196),
(991, ' Musuk', 196),
(992, ' Boyolali', 196),
(993, ' Mojosongo', 196),
(994, ' Teras', 196),
(995, ' Sawit', 196),
(996, ' Banyudono', 196),
(997, ' Sambi', 196),
(998, ' Ngemplak', 196),
(999, ' Nogosari', 196),
(1000, ' Simo', 196),
(1001, ' Karanggede', 196),
(1002, ' Klego', 196),
(1003, ' Andong', 196),
(1004, ' Kemusu', 196),
(1005, ' Wonosegoro', 196),
(1006, ' Juwangi', 196),
(1007, ' Prambanan', 205),
(1008, ' Gantiwarno', 205),
(1009, ' Wedi', 205),
(1010, ' Bayat', 205),
(1011, ' Cawas', 205),
(1012, ' Trucuk', 205),
(1013, ' Kalikotes', 205),
(1014, ' Kebonarum', 205),
(1015, ' Jogonalan', 205),
(1016, ' Manisrenggo', 205),
(1017, ' Karangnongko', 205),
(1018, ' Ngawen', 205),
(1019, ' Ceper', 205),
(1020, ' Pedan', 205),
(1021, ' Karangdowo', 205),
(1022, ' Juwiring', 205),
(1023, ' Wonosari', 205),
(1024, ' Delanggu', 205),
(1025, ' Polanharjo', 205),
(1026, ' Karanganom', 205),
(1027, ' Tulung', 205),
(1028, ' Jatinom', 205),
(1029, ' Kemalang', 205),
(1030, ' Klaten Selatan', 205),
(1031, ' Klaten Tengah', 205),
(1032, ' Klaten Utara', 205),
(1033, ' Weru', 217),
(1034, ' Bulu', 217),
(1035, ' Tawangsari', 217),
(1036, ' Sukoharjo', 217),
(1037, ' Nguter', 217),
(1038, ' Bendosari', 217),
(1039, ' Polokarto', 217),
(1040, ' Mojolaban', 217),
(1041, ' Grogol', 217),
(1042, ' Baki', 217),
(1043, ' Gatak', 217),
(1044, ' Kartasura', 217),
(1045, ' Pracimantoro', 219),
(1046, ' Paranggupito', 219),
(1047, ' Giritontro', 219),
(1048, ' Giriwoyo', 219),
(1049, ' Batuwarno', 219),
(1050, ' Karangtengah', 219),
(1051, ' Tirtomoyo', 219),
(1052, ' Nguntoronadi', 219),
(1053, ' Baturetno', 219),
(1054, ' Eromoko', 219),
(1055, ' Wuryantoro', 219),
(1056, ' Manyaran', 219),
(1057, ' Selogiri', 219),
(1058, ' Wonogiri', 219),
(1059, ' Ngadirojo', 219),
(1060, ' Sidoharjo', 219),
(1061, ' Jatiroto', 219),
(1062, ' Kismantoro', 219),
(1063, ' Purwantoro', 219),
(1064, ' Bulukerto', 219),
(1065, ' Slogohimo', 219),
(1066, ' Jatisrono', 219),
(1067, ' Jatipurno', 219),
(1068, ' Girimarto', 219),
(1069, ' Puhpelem', 219),
(1070, ' Jatipuro', 202),
(1071, ' Jatiyoso', 202),
(1072, ' Jumapolo', 202),
(1073, ' Jumantono', 202),
(1074, ' Matesih', 202),
(1075, ' Tawangmangu', 202),
(1076, ' Ngargoyoso', 202),
(1077, ' Karangpandan', 202),
(1078, ' Karanganyar', 202),
(1079, ' Tasikmadu', 202),
(1080, ' Jaten', 202),
(1081, ' Colomadu', 202),
(1082, ' Gondangrejo', 202),
(1083, ' Kebakkramat', 202),
(1084, ' Mojogedang', 202),
(1085, ' Kerjo', 202),
(1086, ' Jenawi', 202),
(1087, ' Kalijambe', 216),
(1088, ' Plupuh', 216),
(1089, ' Masaran', 216),
(1090, ' Kedawung', 216),
(1091, ' Sambirejo', 216),
(1092, ' Gondang', 216),
(1093, ' Sambung Macan', 216),
(1094, ' Ngrampal', 216),
(1095, ' Karangmalang', 216),
(1096, ' Sragen', 216),
(1097, ' Sidoharjo', 216),
(1098, ' Tanon', 216),
(1099, ' Gemolong', 216),
(1100, ' Miri', 216),
(1101, ' Sumberlawang', 216),
(1102, ' Mondokan', 216),
(1103, ' Sukodono', 216),
(1104, ' Gesi', 216),
(1105, ' Tangen', 216),
(1106, ' Jenar', 216),
(1107, ' Kedungjati', 200),
(1108, ' Karangrayung', 200),
(1109, ' Penawangan', 200),
(1110, ' Toroh', 200),
(1111, ' Geyer', 200),
(1112, ' Pulokulon', 200),
(1113, ' Kradenan', 200),
(1114, ' Gabus', 200),
(1115, ' Ngaringan', 200),
(1116, ' Wirosari', 200),
(1117, ' Tawangharjo', 200),
(1118, ' Grobogan', 200),
(1119, ' Purwodadi', 200),
(1120, ' Brati', 200),
(1121, ' Klambu', 200),
(1122, ' Godong', 200),
(1123, ' Gubug', 200),
(1124, ' Tegowanu', 200),
(1125, ' Tanggungharjo', 200),
(1126, ' Jati', 195),
(1127, ' Randublatung', 195),
(1128, ' Kradenan', 195),
(1129, ' Kedungtuban', 195),
(1130, ' Cepu', 195),
(1131, ' Sambong', 195),
(1132, ' Jiken', 195),
(1133, ' Bogorejo', 195),
(1134, ' Jepon', 195),
(1135, ' Kota Blora', 195),
(1136, ' Banjarejo', 195),
(1137, ' Tunjungan', 195),
(1138, ' Japah', 195),
(1139, ' Ngawen', 195),
(1140, ' Kunduran', 195),
(1141, ' Todanan', 195),
(1142, ' Sumber', 214),
(1143, ' Bulu', 214),
(1144, ' Gunem', 214),
(1145, ' Sale', 214),
(1146, ' Sarang', 214),
(1147, ' Sedan', 214),
(1148, ' Pamotan', 214),
(1149, ' Sulang', 214),
(1150, ' Kaliori', 214),
(1151, ' Rembang', 214),
(1152, ' Pancur', 214),
(1153, ' Kragan', 214),
(1154, ' Sluke', 214),
(1155, ' Lasem', 214),
(1156, ' Sukolilo', 209),
(1157, ' Kayen', 209),
(1158, ' Tambakromo', 209),
(1159, ' Winong', 209),
(1160, ' Pucakwangi', 209),
(1161, ' Jaken', 209),
(1162, ' Batangan', 209),
(1163, ' Juwana', 209),
(1164, ' Jakenan', 209),
(1165, ' Pati', 209),
(1166, ' Gabus', 209),
(1167, ' Margorejo', 209),
(1168, ' Gembong', 209),
(1169, ' Tlogowungu', 209),
(1170, ' Wedarijaksa', 209),
(1171, ' Trangkil', 209),
(1172, ' Margoyoso', 209),
(1173, ' Gunung Wungkal', 209),
(1174, ' Cluwak', 209),
(1175, ' Tayu', 209),
(1176, ' Dukuhseti', 209),
(1177, ' Kaliwungu', 207),
(1178, ' Kota Kudus', 207),
(1179, ' Jati', 207),
(1180, ' Undaan', 207),
(1181, ' Mejobo', 207),
(1182, ' Jekulo', 207),
(1183, ' Bae', 207),
(1184, ' Gebog', 207),
(1185, ' Dawe', 207),
(1186, ' Kedung', 201),
(1187, ' Pecangaan', 201),
(1188, ' Welahan', 201),
(1189, ' Mayong', 201),
(1190, ' Nalumsari', 201),
(1191, ' Batealit', 201),
(1192, ' Tahunan', 201),
(1193, ' Jepara', 201),
(1194, ' Mlonggo', 201),
(1195, ' Bangsri', 201),
(1196, ' Keling', 201),
(1197, ' Karimunjawa', 201),
(1198, ' Kalinyamatan', 201),
(1199, ' Kembang', 201),
(1200, ' Donorojo', 201),
(1201, ' Mranggen', 199),
(1202, ' Karangawen', 199),
(1203, ' Guntur', 199),
(1204, ' Sayung', 199),
(1205, ' Karang Tengah', 199),
(1206, ' Bonang', 199),
(1207, ' Demak', 199),
(1208, ' Wonosalam', 199),
(1209, ' Dempet', 199),
(1210, ' Gajah', 199),
(1211, ' Karanganyar', 199),
(1212, ' Mijen', 199),
(1213, ' Wedung', 199),
(1214, ' Kebonagung', 199),
(1215, ' Getasan', 215),
(1216, ' Tengaran', 215),
(1217, ' Susukan', 215),
(1218, ' Suruh', 215),
(1219, ' Pabelan', 215),
(1220, ' Tuntang', 215),
(1221, ' Banyubiru', 215),
(1222, ' Jambu', 215),
(1223, ' Sumowono', 215),
(1224, ' Ambarawa', 215),
(1225, ' Bawen', 215),
(1226, ' Bringin', 215),
(1227, ' Pringapus', 215),
(1228, ' Bergas', 215),
(1229, ' Ungaran Barat', 215),
(1230, ' Ungaran Timur', 215),
(1231, ' Kaliwungu', 215),
(1232, ' Bancak', 215),
(1233, ' Bandungan', 215),
(1234, ' Parakan', 218),
(1235, ' Bulu', 218),
(1236, ' Temanggung', 218),
(1237, ' Tembarak', 218),
(1238, ' Kranggan', 218),
(1239, ' Pringsurat', 218),
(1240, ' Kaloran', 218),
(1241, ' Kandangan', 218),
(1242, ' Kedu', 218),
(1243, ' Ngadirejo', 218),
(1244, ' Jumo', 218),
(1245, ' Candiroto', 218),
(1246, ' Tretep', 218),
(1247, ' Kledung', 218),
(1248, ' Bansari', 218),
(1249, ' Tlogomulyo', 218),
(1250, ' Selopampang', 218),
(1251, ' Gemawang', 218),
(1252, ' Bejen', 218),
(1253, ' Wonoboyo', 218),
(1254, ' Plantungan', 204),
(1255, ' Sukorejo', 204),
(1256, ' Pegeruyung', 204),
(1257, ' Patean', 204),
(1258, ' Singorojo', 204),
(1259, ' Limbangan', 204),
(1260, ' Boja', 204),
(1261, ' Kaliwungu', 204),
(1262, ' Brangsong', 204),
(1263, ' Pegandon', 204),
(1264, ' Gemuh', 204),
(1265, ' Waleri', 204),
(1266, ' Rowosari', 204),
(1267, ' Kangkung', 204),
(1268, ' Cipiring', 204),
(1269, ' Patebon', 204),
(1270, ' Kota Kendal', 204),
(1271, ' Ngampel', 204),
(1272, ' Ringinarum', 204),
(1273, ' Kaliwungu Selatan', 204),
(1274, ' Wonotunggal', 194),
(1275, ' Bandar', 194),
(1276, ' Blado', 194),
(1277, ' Reban', 194),
(1278, ' Bawang', 194),
(1279, ' Tersono', 194),
(1280, ' Gringsing', 194),
(1281, ' Limpung', 194),
(1282, ' Subah', 194),
(1283, ' Tulis', 194),
(1284, ' Batang', 194),
(1285, ' Warung Asem', 194),
(1286, ' Banyuputih', 194),
(1287, ' Pecalungan', 194),
(1288, ' Kandeman', 194),
(1289, ' Kandang Serang', 210),
(1290, ' Peninggaran', 210),
(1291, ' Lebakbarang', 210),
(1292, ' Petungkriono', 210),
(1293, ' Talun', 210),
(1294, ' Doro', 210),
(1295, ' Karanganyar', 210),
(1296, ' Kajen', 210),
(1297, ' Kesesi', 210),
(1298, ' Sragi', 210),
(1299, ' Bojong', 210),
(1300, ' Wonopringgo', 210),
(1301, ' Kedungwuni', 210),
(1302, ' Buaran', 210),
(1303, ' Tirto', 210),
(1304, ' Wiradesa', 210),
(1305, ' Siwalan', 210),
(1306, ' Karangdadap', 210),
(1307, ' Wonokerto', 210),
(1308, ' Moga', 211),
(1309, ' Pulosari', 211),
(1310, ' Belik', 211),
(1311, ' Watukumpul', 211),
(1312, ' Bodeh', 211),
(1313, ' Bantarbolang', 211),
(1314, ' Randudongkel', 211),
(1315, ' Pemalang', 211),
(1316, ' Taman', 211),
(1317, ' Petarukan', 211),
(1318, ' Ampelgading', 211),
(1319, ' Comal', 211),
(1320, ' Ulujami', 211),
(1321, ' Warungpring', 211),
(1322, ' Margasari', 206),
(1323, ' Bumijawa', 206),
(1324, ' Bojong', 206),
(1325, ' Balapulang', 206),
(1326, ' Pagerbarang', 206),
(1327, ' Lebaksiu', 206),
(1328, ' Jatinegara', 206),
(1329, ' Kedung Banteng', 206),
(1330, ' Pangkah', 206),
(1331, ' Slawi', 206),
(1332, ' Dukuhwaru', 206),
(1333, ' Adiwerna', 206),
(1334, ' Dukuhturi', 206),
(1335, ' Talang', 206),
(1336, ' Tarub', 206),
(1337, ' Kramat', 206),
(1338, ' Suradadi', 206),
(1339, ' Warureja', 206),
(1340, ' Salem', 197),
(1341, ' Bantarkawung', 197),
(1342, ' Bumiayu', 197),
(1343, ' Paguyangan', 197),
(1344, ' Sirampog', 197),
(1345, ' Tonjong', 197),
(1346, ' Larangan', 197),
(1347, ' Ketanggungan', 197),
(1348, ' Banjarharjo', 197),
(1349, ' Losari', 197),
(1350, ' Tanjung', 197),
(1351, ' Kersana', 197),
(1352, ' Bulakamba', 197),
(1353, ' Wanasari', 197),
(1354, ' Songgom', 197),
(1355, ' Jatibarang', 197),
(1356, ' Brebes', 197),
(1357, ' Magelang Selatan', 221),
(1358, ' Magelang Utara', 221),
(1359, ' Magelang Tengah', 221),
(1360, ' Laweyan', 225),
(1361, ' Serengan', 225),
(1362, ' Pasarkliwon', 225),
(1363, ' Jebres', 225),
(1364, ' Banjarsari', 225),
(1365, ' Argomulyo', 223),
(1366, ' Tingkir', 223),
(1367, ' Sidomukti', 223),
(1368, ' Sidorejo', 223),
(1369, ' Mijen', 224),
(1370, ' Gunung Pati', 224),
(1371, ' Banyumanik', 224),
(1372, ' Gajah Mungkur', 224),
(1373, ' Semarang Selatan', 224),
(1374, ' Candisari', 224),
(1375, ' Tembalang', 224),
(1376, ' Pedurungan', 224),
(1377, ' Genuk', 224),
(1378, ' Gayamsari', 224),
(1379, ' Semarang Timur', 224),
(1380, ' Semarang Tengah', 224),
(1381, ' Semarang Utara', 224),
(1382, ' Semarang Barat', 224),
(1383, ' Tugu', 224),
(1384, ' Ngaliyan', 224),
(1385, ' Pekalongan Barat', 222),
(1386, ' Pekalongan Timur', 222),
(1387, ' Pekalongan Selatan', 222),
(1388, ' Pekalongan Utara', 222),
(1389, ' Tegal Selatan', 226),
(1390, ' Tegal Timur', 226),
(1391, ' Tegal Barat', 226),
(1392, ' Margadana', 226),
(1393, ' Srandakan', 227),
(1394, ' Sanden', 227),
(1395, ' Kretek', 227),
(1396, ' Pundong', 227),
(1397, ' Bambang Lipuro', 227),
(1398, ' Pandak', 227),
(1399, ' Bantul', 227),
(1400, ' Jetis', 227),
(1401, ' Imogiri', 227),
(1402, ' Dlingo', 227),
(1403, ' Pleret', 227),
(1404, ' Piyungan', 227),
(1405, ' Banguntapan', 227),
(1406, ' Sewon', 227),
(1407, ' Kasihan', 227),
(1408, ' Pajangan', 227),
(1409, ' Sedayu', 227),
(1410, ' Moyudan', 230),
(1411, ' Minggir', 230),
(1412, ' Seyegan', 230),
(1413, ' Godean', 230),
(1414, ' Gamping', 230),
(1415, ' Mlati', 230),
(1416, ' Depok', 230),
(1417, ' Berbah', 230),
(1418, ' Prambanan', 230),
(1419, ' Kalasan', 230),
(1420, ' Ngemplak', 230),
(1421, ' Ngaglik', 230),
(1422, ' Sleman', 230),
(1423, ' Tempel', 230),
(1424, ' Turi', 230),
(1425, ' Pekem', 230),
(1426, ' Cangkringan', 230),
(1427, ' Panggang', 228),
(1428, ' Paliyan', 228),
(1429, ' Sapto Sari', 228),
(1430, ' Tepus', 228),
(1431, ' Rongkop', 228),
(1432, ' Semanu', 228),
(1433, ' Ponjong', 228),
(1434, ' Karangmojo', 228),
(1435, ' Wonosari', 228),
(1436, ' Playen', 228),
(1437, ' Patuk', 228),
(1438, ' Gedang Sari', 228),
(1439, ' Nglipar', 228),
(1440, ' Ngawen', 228),
(1441, ' Semin', 228),
(1442, ' Purwosari', 228),
(1443, ' Girisubo', 228),
(1444, ' Tanjungsari', 228),
(1445, ' Temon', 229),
(1446, ' Wates', 229),
(1447, ' Panjatan', 229),
(1448, ' Galur', 229),
(1449, ' Lendah', 229),
(1450, ' Sentolo', 229),
(1451, ' Pengasih', 229),
(1452, ' Kokap', 229),
(1453, ' Girimulyo', 229),
(1454, ' Nanggulan', 229),
(1455, ' Kalibawang', 229),
(1456, ' Samigaluh', 229),
(1457, ' Mantrijeron', 231),
(1458, ' Kraton', 231),
(1459, ' Mergangsan', 231),
(1460, ' Umbulharjo', 231),
(1461, ' Kotagede', 231),
(1462, ' Gondokusuman', 231),
(1463, ' Danurejan', 231),
(1464, ' Pakualaman', 231),
(1465, ' Gondomanan', 231),
(1466, ' Ngampilan', 231),
(1467, ' Wirobrajan', 231),
(1468, ' Gedongtengen', 231),
(1469, ' Jetis', 231),
(1470, ' Tegalrejo', 231),
(1471, ' Wringin Anom', 237),
(1472, ' Driyorejo', 237),
(1473, ' Kedamean', 237),
(1474, ' Menganti', 237),
(1475, ' Cerme', 237),
(1476, ' Benjeng', 237),
(1477, ' Balong Panggang', 237),
(1478, ' Duduk Sampeyan', 237),
(1479, ' Kebomas', 237),
(1480, ' Gresik', 237),
(1481, ' Manyar', 237),
(1482, ' Bungah', 237),
(1483, ' Sidayu', 237),
(1484, ' Dukun', 237),
(1485, ' Panceng', 237),
(1486, ' Ujung Pangkah', 237),
(1487, ' Sangkapura', 237),
(1488, ' Tambak', 237),
(1489, ' Tarik', 255),
(1490, ' Prambon', 255),
(1491, ' Krembung', 255),
(1492, ' Porong', 255),
(1493, ' Jabon', 255),
(1494, ' Tanggulangin', 255),
(1495, ' Candi', 255),
(1496, ' Tulangan', 255),
(1497, ' Wonoayu', 255),
(1498, ' Sukodono', 255),
(1499, ' Sidoarjo', 255),
(1500, ' Buduran', 255),
(1501, ' Sedati', 255),
(1502, ' Waru', 255),
(1503, ' Gedangan', 255),
(1504, ' Taman', 255),
(1505, ' Krian', 255),
(1506, ' Balong Bendo', 255),
(1507, ' Jatirejo', 246),
(1508, ' Gondang', 246),
(1509, ' Pacet', 246),
(1510, ' Trawas', 246),
(1511, ' Ngoro', 246),
(1512, ' Pungging', 246),
(1513, ' Kutorejo', 246),
(1514, ' Mojosari', 246),
(1515, ' Bangsal', 246),
(1516, ' Dlanggu', 246),
(1517, ' Puri', 246),
(1518, ' Trowulan', 246),
(1519, ' Sooko', 246),
(1520, ' Gedek', 246),
(1521, ' Kemlagi', 246),
(1522, ' Jetis', 246),
(1523, ' Dawar Blandong', 246),
(1524, ' Mojoanyar', 246),
(1525, ' Bandar Kedung Mulyo', 239),
(1526, ' Perak', 239),
(1527, ' Gudo', 239),
(1528, ' Diwek', 239),
(1529, ' Ngoro', 239),
(1530, ' Mojowarno', 239),
(1531, ' Bareng', 239),
(1532, ' Wonosalam', 239),
(1533, ' Mojoagung', 239),
(1534, ' Somobito', 239),
(1535, ' Jogo Roto', 239),
(1536, ' Peterongan', 239),
(1537, ' Jombang', 239),
(1538, ' Megaluh', 239),
(1539, ' Tembelang', 239),
(1540, ' Kesamben', 239),
(1541, ' Kudu', 239),
(1542, ' Ploso', 239),
(1543, ' Kabuh', 239),
(1544, ' Plandaan', 239),
(1545, ' Ngusikan', 239),
(1546, ' Margomulyo', 235),
(1547, ' Ngraho', 235),
(1548, ' Tambakrejo', 235),
(1549, ' Ngambon', 235),
(1550, ' Bubulan', 235),
(1551, ' Temayang', 235),
(1552, ' Sugihwaras', 235),
(1553, ' Kedungadem', 235),
(1554, ' Kepoh Baru', 235),
(1555, ' Baureno', 235),
(1556, ' Kanor', 235),
(1557, ' Sumberrejo', 235),
(1558, ' Balen', 235),
(1559, ' Sukosewu', 235),
(1560, ' Kapas', 235),
(1561, ' Bojonegoro', 235),
(1562, ' Trucuk', 235),
(1563, ' Dander', 235),
(1564, ' Ngasem', 235),
(1565, ' Kalitidu', 235),
(1566, ' Malo', 235),
(1567, ' Purwosari', 235),
(1568, ' Padangan', 235),
(1569, ' Kasiman', 235),
(1570, ' Kedewan', 235),
(1571, ' Gondang', 235),
(1572, ' Sekar', 235),
(1573, ' Kenduruan', 259),
(1574, ' Bangilan', 259),
(1575, ' Senori', 259),
(1576, ' Singgahan', 259),
(1577, ' Montong', 259),
(1578, ' Parengan', 259),
(1579, ' Soko', 259),
(1580, ' Rengel', 259),
(1581, ' Plumpang', 259),
(1582, ' Widang', 259),
(1583, ' Palang', 259),
(1584, ' Semanding', 259),
(1585, ' Tuban', 259),
(1586, ' Jenu', 259),
(1587, ' Merakurak', 259),
(1588, ' Kerek', 259),
(1589, ' Tambakboyo', 259),
(1590, ' Jatirogo', 259),
(1591, ' Bancar', 259),
(1592, ' Grabagan', 259),
(1593, ' Sukorame', 241),
(1594, ' Bluluk', 241),
(1595, ' Ngimbang', 241),
(1596, ' Sambeng', 241),
(1597, ' Mantup', 241),
(1598, ' Kambang Bahu', 241),
(1599, ' Sugio', 241),
(1600, ' Kedungpring', 241),
(1601, ' Modo', 241),
(1602, ' Babat', 241),
(1603, ' Pucuk', 241),
(1604, ' Sukodadi', 241),
(1605, ' Lamongan', 241),
(1606, ' Tikung', 241),
(1607, ' Deket', 241),
(1608, ' Glagah', 241),
(1609, ' Karangbinangun', 241),
(1610, ' Turi', 241),
(1611, ' Kalitengah', 241),
(1612, ' Karang Geneng', 241),
(1613, ' Sekaran', 241),
(1614, ' Maduran', 241),
(1615, ' Laren', 241),
(1616, ' Solokuro', 241),
(1617, ' Paciran', 241),
(1618, ' Brondong', 241),
(1619, ' Sarirejo', 241),
(1620, ' Kebonsari', 243),
(1621, ' Geger', 243),
(1622, ' Dolopo', 243),
(1623, ' Dagangan', 243),
(1624, ' Wungu', 243),
(1625, ' Kare', 243),
(1626, ' Gemarang', 243),
(1627, ' Saradan', 243),
(1628, ' Pilangkenceng', 243),
(1629, ' Mejayan', 243),
(1630, ' Wonoasri', 243),
(1631, ' Balerejo', 243),
(1632, ' Madiun', 243),
(1633, ' Sawahan', 243),
(1634, ' Jiwan', 243),
(1635, ' Sine', 248),
(1636, ' Ngrambe', 248),
(1637, ' Jogorogo', 248),
(1638, ' Kendal', 248),
(1639, ' Geneng', 248),
(1640, ' Kwadungan', 248),
(1641, ' Pangkur', 248),
(1642, ' Karangjati', 248),
(1643, ' Bringin', 248),
(1644, ' Padas', 248),
(1645, ' Ngawi', 248),
(1646, ' Paron', 248),
(1647, ' Kedunggalar', 248),
(1648, ' Pitu', 248),
(1649, ' Widodaren', 248),
(1650, ' Mantingan', 248),
(1651, ' Karanganyar', 248),
(1652, ' Gerih', 248),
(1653, ' Kasreman', 248),
(1654, ' Poncol', 244),
(1655, ' Parang', 244),
(1656, ' Lembeyan', 244),
(1657, ' Takeran', 244),
(1658, ' Kawedanan', 244),
(1659, ' Magetan', 244),
(1660, ' Plaosan', 244),
(1661, ' Panekan', 244),
(1662, ' Sukomoro', 244),
(1663, ' Bendo', 244),
(1664, ' Maospati', 244),
(1665, ' Karangrejo', 244),
(1666, ' Barat', 244),
(1667, ' Kartoharjo', 244),
(1668, ' Karas', 244),
(1669, ' Ngariboyo', 244),
(1670, ' Nguntoronadi', 244),
(1671, ' Ngrayun', 252),
(1672, ' Slahung', 252),
(1673, ' Bungkal', 252),
(1674, ' Sambit', 252),
(1675, ' Sawoo', 252),
(1676, ' Sooko', 252),
(1677, ' Pulung', 252),
(1678, ' Mlarak', 252),
(1679, ' Siman', 252),
(1680, ' Jetis', 252),
(1681, ' Balong', 252),
(1682, ' Kauman', 252),
(1683, ' Jambon', 252),
(1684, ' Badegan', 252),
(1685, ' Sampung', 252),
(1686, ' Sukorejo', 252),
(1687, ' Ponorogo', 252),
(1688, ' Babadan', 252),
(1689, ' Jenangan', 252),
(1690, ' Ngebel', 252),
(1691, ' Pudak', 252),
(1692, ' Donorejo', 249),
(1693, ' Punung', 249),
(1694, ' Pringkuku', 249),
(1695, ' Pacitan', 249),
(1696, ' Kebon Agung', 249),
(1697, ' Arjosari', 249),
(1698, ' Nawangan', 249),
(1699, ' Bandar', 249),
(1700, ' Tegalombo', 249),
(1701, ' Tulakan', 249),
(1702, ' Ngadirojo', 249),
(1703, ' Sudimoro', 249),
(1704, ' Kras', 240),
(1705, ' Ringinrejo', 240),
(1706, ' Ngancar', 240),
(1707, ' Kepung', 240),
(1708, ' Puncu', 240),
(1709, ' Ploso Klaten', 240),
(1710, ' Wates', 240),
(1711, ' Kandat', 240),
(1712, ' Ngadiluwih', 240),
(1713, ' Mojo', 240),
(1714, ' Semen', 240),
(1715, ' Banyakan', 240),
(1716, ' Tarokan', 240),
(1717, ' Grogol', 240),
(1718, ' Gampengrejo', 240),
(1719, ' Gurah', 240),
(1720, ' Pagu', 240),
(1721, ' Papar', 240),
(1722, ' Plemahan', 240),
(1723, ' Purwoasri', 240),
(1724, ' Kunjang', 240),
(1725, ' Pare', 240),
(1726, ' Kandangan', 240),
(1727, ' Kayen Kidul', 240),
(1728, ' Ngasem', 240),
(1729, ' Badas', 240),
(1730, ' Sawahan', 247),
(1731, ' Ngetos', 247),
(1732, ' Berbek', 247),
(1733, ' Loceret', 247),
(1734, ' Pace', 247),
(1735, ' Tanjunganom', 247),
(1736, ' Prambon', 247),
(1737, ' Ngronggot', 247),
(1738, ' Kertosono', 247),
(1739, ' Patianrowo', 247),
(1740, ' Baron', 247),
(1741, ' Gondang', 247),
(1742, ' Sukomoro', 247),
(1743, ' Nganjuk', 247),
(1744, ' Bagor', 247),
(1745, ' Wilangan', 247),
(1746, ' Rejoso', 247),
(1747, ' Ngluyu', 247),
(1748, ' Lengkong', 247),
(1749, ' Jatikalen', 247),
(1750, ' Bakung', 234),
(1751, ' Wonotirto', 234),
(1752, ' Panggungrejo', 234),
(1753, ' Wates', 234),
(1754, ' Binangun', 234),
(1755, ' Sutojayan', 234),
(1756, ' Kademangan', 234),
(1757, ' Kanigoro', 234),
(1758, ' Talun', 234),
(1759, ' Selopuro', 234),
(1760, ' Kesamben', 234),
(1761, ' Selorejo', 234),
(1762, ' Doko', 234),
(1763, ' Wlingi', 234),
(1764, ' Gandusari', 234),
(1765, ' Garum', 234),
(1766, ' Nglegok', 234),
(1767, ' Sanankulon', 234),
(1768, ' Ponggok', 234),
(1769, ' Srengat', 234),
(1770, ' Wonodadi', 234),
(1771, ' Udanawu', 234),
(1772, ' Besuki', 260),
(1773, ' Bandung', 260),
(1774, ' Pakel', 260),
(1775, ' Campur Darat', 260),
(1776, ' Tanggung Gunung', 260),
(1777, ' Kalidawir', 260),
(1778, ' Pucang Laban', 260),
(1779, ' Rejotangan', 260),
(1780, ' Ngunut', 260),
(1781, ' Sumbergempol', 260),
(1782, ' Boyolangu', 260),
(1783, ' Tulungagung', 260),
(1784, ' Kedungwaru', 260),
(1785, ' Ngantru', 260),
(1786, ' Karangrejo', 260),
(1787, ' Kauman', 260),
(1788, ' Gondang', 260),
(1789, ' Pagerwojo', 260),
(1790, ' Sendang', 260),
(1791, ' Panggul', 258),
(1792, ' Munjungan', 258),
(1793, ' Watulimo', 258),
(1794, ' Kampak', 258),
(1795, ' Dongko', 258),
(1796, ' Pule', 258),
(1797, ' Karangan', 258),
(1798, ' Gandusari', 258),
(1799, ' Durenan', 258),
(1800, ' Pogalan', 258),
(1801, ' Trenggalek', 258),
(1802, ' Tugu', 258),
(1803, ' Bendungan', 258),
(1804, ' Suruh', 258),
(1805, ' Donomulyo', 245),
(1806, ' Kalipare', 245),
(1807, ' Pagak', 245),
(1808, ' Bantur', 245),
(1809, ' Gedangan', 245),
(1810, ' Sumber Manjing Wetan', 245),
(1811, ' Dampit', 245),
(1812, ' Tirto Yudo', 245),
(1813, ' Ampelgading', 245),
(1814, ' Poncokusumo', 245),
(1815, ' Wajak', 245),
(1816, ' Turen', 245),
(1817, ' Pagelaran', 245),
(1818, ' Gondanglegi', 245),
(1819, ' Bululawang', 245),
(1820, ' Kepanjen', 245),
(1821, ' Sumberpucung', 245),
(1822, ' Kromengan', 245),
(1823, ' Wonosari', 245),
(1824, ' Ngajum', 245),
(1825, ' Wagir', 245),
(1826, ' Pakisaji', 245),
(1827, ' Tajinan', 245),
(1828, ' Tumpang', 245),
(1829, ' Pakis', 245),
(1830, ' Jabung', 245),
(1831, ' Lawang', 245),
(1832, ' Singosari', 245),
(1833, ' Karangploso', 245),
(1834, ' Dau', 245),
(1835, ' Pujon', 245),
(1836, ' Ngantang', 245),
(1837, ' Kasembon', 245),
(1838, ' Purwodadi', 251),
(1839, ' Tutur', 251),
(1840, ' Puspo', 251),
(1841, ' Tosari', 251),
(1842, ' Lumbang', 251),
(1843, ' Pasrepan', 251),
(1844, ' Kejayan', 251),
(1845, ' Wonorejo', 251),
(1846, ' Purwosari', 251),
(1847, ' Prigen', 251),
(1848, ' Sukorejo', 251),
(1849, ' Pandaan', 251),
(1850, ' Gempol', 251),
(1851, ' Beji', 251),
(1852, ' Bangil', 251),
(1853, ' Rembang', 251),
(1854, ' Kraton', 251),
(1855, ' Pohjentrek', 251),
(1856, ' Gondang Wetan', 251),
(1857, ' Rejoso', 251),
(1858, ' Winongan', 251),
(1859, ' Grati', 251),
(1860, ' Lekok', 251),
(1861, ' Nguling', 251),
(1862, ' Sukapura', 253),
(1863, ' Sumber', 253),
(1864, ' Kuripan', 253),
(1865, ' Bantaran', 253),
(1866, ' Leces', 253),
(1867, ' Tegal Siwalan', 253),
(1868, ' Banyu Anyar', 253),
(1869, ' Tiris', 253),
(1870, ' Krucil', 253),
(1871, ' Gading', 253),
(1872, ' Pakuniran', 253),
(1873, ' Kota Anyar', 253),
(1874, ' Paiton', 253),
(1875, ' Besuk', 253),
(1876, ' Kraksaan', 253),
(1877, ' Krejengan', 253),
(1878, ' Pajarakan', 253),
(1879, ' Maron', 253),
(1880, ' Gending', 253),
(1881, ' Dringu', 253),
(1882, ' Wonomerto', 253),
(1883, ' Lumbang', 253),
(1884, ' Tongas', 253),
(1885, ' Sumberasih', 253),
(1886, ' Tempursari', 242),
(1887, ' Pronojiwo', 242),
(1888, ' Candipuro', 242),
(1889, ' Pasirian', 242),
(1890, ' Tempeh', 242),
(1891, ' Kunir', 242),
(1892, ' Yosowilangun', 242),
(1893, ' Rowokangkung', 242),
(1894, ' Tekung', 242),
(1895, ' Lumajang', 242),
(1896, ' Pasrujambe', 242),
(1897, ' Senduro', 242),
(1898, ' Padang', 242),
(1899, ' Sukodono', 242),
(1900, ' Jatiroto', 242),
(1901, ' Randuagung', 242),
(1902, ' Kedungjajang', 242),
(1903, ' Gucialit', 242),
(1904, ' Klakah', 242),
(1905, ' Ranuyoso', 242),
(1906, ' Sumbersuko', 242),
(1907, ' Maesan', 236),
(1908, ' Grujugan', 236),
(1909, ' Tamanan', 236),
(1910, ' Pujer', 236),
(1911, ' Tlogosari', 236),
(1912, ' Sukosari', 236),
(1913, ' Tapen', 236),
(1914, ' Wonosari', 236),
(1915, ' Tenggarang', 236),
(1916, ' Bondowoso', 236),
(1917, ' Curahdami', 236),
(1918, ' Pakem', 236),
(1919, ' Wringin', 236),
(1920, ' Tegalampel', 236),
(1921, ' Klabang', 236),
(1922, ' Prajekan', 236),
(1923, ' Cermee', 236),
(1924, ' Binakal', 236),
(1925, ' Sumber Wringin', 236),
(1926, ' Sempol', 236),
(1927, ' Jambesari Darus Sholah', 236),
(1928, ' Taman Krocok', 236),
(1929, ' Botolinggo', 236),
(1930, ' Sumber Malang', 256),
(1931, ' Jatibanteng', 256),
(1932, ' Banyuglugur', 256),
(1933, ' Besuki', 256),
(1934, ' Suboh', 256),
(1935, ' Mlandingan', 256),
(1936, ' Bungatan', 256),
(1937, ' Kendit', 256),
(1938, ' Panarukan', 256),
(1939, ' Situbondo', 256),
(1940, ' Mangaran', 256),
(1941, ' Panji', 256),
(1942, ' Kapongan', 256),
(1943, ' Arjasa', 256),
(1944, ' Jangkar', 256),
(1945, ' Asembagus', 256),
(1946, ' Banyuputih', 256),
(1947, ' Kencong', 238),
(1948, ' Gumuk Mas', 238),
(1949, ' Puger', 238),
(1950, ' Wuluhan', 238),
(1951, ' Ambulu', 238),
(1952, ' Tempurejo', 238),
(1953, ' Silo', 238),
(1954, ' Mayang', 238),
(1955, ' Mumbulsari', 238),
(1956, ' Jenggawah', 238),
(1957, ' Ajung', 238),
(1958, ' Rambipuji', 238),
(1959, ' Balung', 238),
(1960, ' Umbulsari', 238),
(1961, ' Semboro', 238),
(1962, ' Jombang', 238),
(1963, ' Sumberbaru', 238),
(1964, ' Tanggul', 238),
(1965, ' Bangsalsari', 238),
(1966, ' Panti', 238),
(1967, ' Sukorambi', 238),
(1968, ' Arjasa', 238),
(1969, ' Pakusari', 238),
(1970, ' Kalisat', 238),
(1971, ' Ledok Ombo', 238),
(1972, ' Sumberjambe', 238),
(1973, ' Sukowono', 238),
(1974, ' Jelbuk', 238),
(1975, ' Kaliwates', 238),
(1976, ' Sumbersari', 238),
(1977, ' Patrang', 238),
(1978, ' Pesanggaran', 233),
(1979, ' Bangorejo', 233),
(1980, ' Purwoharjo', 233),
(1981, ' Tegaldlimo', 233),
(1982, ' Muncar', 233),
(1983, ' Cluring', 233),
(1984, ' Gambiran', 233),
(1985, ' Glenmore', 233),
(1986, ' Kalibaru', 233),
(1987, ' Genteng', 233),
(1988, ' Srono', 233),
(1989, ' Rogojampi', 233),
(1990, ' Kabat', 233),
(1991, ' Singojuruh', 233),
(1992, ' Sempu', 233),
(1993, ' Songgon', 233),
(1994, ' Glagah', 233),
(1995, ' Banyuwangi', 233),
(1996, ' Giri', 233),
(1997, ' Kalipuro', 233),
(1998, ' Wongsorejo', 233),
(1999, ' Licin', 233),
(2000, ' Tegalsari', 233),
(2001, ' Siliragung', 233),
(2002, ' Tlanakan', 250),
(2003, ' Pademawu', 250),
(2004, ' Galis', 250),
(2005, ' Larangan', 250),
(2006, ' Pamekasan', 250),
(2007, ' Proppo', 250),
(2008, ' Palengaan', 250),
(2009, ' Pegantenan', 250),
(2010, ' Kadur', 250),
(2011, ' Pakong', 250),
(2012, ' Waru', 250),
(2013, ' Batu Marmer', 250),
(2014, ' Pasean', 250),
(2015, ' Sreseh', 254),
(2016, ' Torjun', 254),
(2017, ' Sampang', 254),
(2018, ' Camplong', 254),
(2019, ' Omben', 254),
(2020, ' Kedungdung', 254),
(2021, ' Jrengik', 254),
(2022, ' Tambelangan', 254),
(2023, ' Banyuates', 254),
(2024, ' Robatal', 254),
(2025, ' Ketapang', 254),
(2026, ' Sokobanah', 254),
(2027, ' Karangpenang', 254),
(2028, ' Pangarengan', 254),
(2029, ' Pragaan', 257),
(2030, ' Bluto', 257),
(2031, ' Saronggi', 257),
(2032, ' Giligenteng', 257),
(2033, ' Talango', 257),
(2034, ' Kalianget', 257),
(2035, ' Kota Sumenep', 257),
(2036, ' Lenteng', 257),
(2037, ' Ganding', 257),
(2038, ' Guluk Guluk', 257),
(2039, ' Pasongsongan', 257),
(2040, ' Ambunten', 257),
(2041, ' Rubaru', 257),
(2042, ' Dasuk', 257),
(2043, ' Manding', 257),
(2044, ' Batuputih', 257),
(2045, ' Gapura', 257),
(2046, ' Batang Batang', 257),
(2047, ' Dungkek', 257),
(2048, ' Nonggunong', 257),
(2049, ' Gayam', 257),
(2050, ' Ra''As', 257),
(2051, ' Sapeken', 257),
(2052, ' Arjasa', 257),
(2053, ' Masalembu', 257),
(2054, ' Batuan', 257),
(2055, ' Kangayan', 257),
(2056, ' Kamal', 232),
(2057, ' Labang', 232),
(2058, ' Kwanyar', 232),
(2059, ' Modung', 232),
(2060, ' Blega', 232),
(2061, ' Konang', 232),
(2062, ' Galis', 232),
(2063, ' Tanah Merah', 232),
(2064, ' Tragah', 232),
(2065, ' Socah', 232),
(2066, ' Bangkalan', 232),
(2067, ' Burneh', 232),
(2068, ' Arosbaya', 232),
(2069, ' Geger', 232),
(2070, ' Kokop', 232),
(2071, ' Tanjungbumi', 232),
(2072, ' Sepulu', 232),
(2073, ' Klampis', 232),
(2074, ' Karang Pilang', 269),
(2075, ' Jambangan', 269),
(2076, ' Gayungan', 269),
(2077, ' Wonocolo', 269),
(2078, ' Tenggilis Mejoyo', 269),
(2079, ' Gununganyar', 269),
(2080, ' Rungkut', 269),
(2081, ' Sukolilo', 269),
(2082, ' Mulyorejo', 269),
(2083, ' Gubeng', 269),
(2084, ' Wonokromo', 269),
(2085, ' Dukuh Pakis', 269),
(2086, ' Wiyung', 269),
(2087, ' Lakarsantri', 269),
(2088, ' Tandes', 269),
(2089, ' Sukomanunggal', 269),
(2090, ' Sawahan', 269),
(2091, ' Tegal Sari', 269),
(2092, ' Genteng', 269),
(2093, ' Tambaksari', 269),
(2094, ' Kenjeran', 269),
(2095, ' Simokerto', 269),
(2096, ' Semampir', 269);
INSERT INTO `master_kecam` (`kecam_id`, `nama_kecam`, `kota_id`) VALUES
(2097, ' Pabean Cantian', 269),
(2098, ' Bubutan', 269),
(2099, ' Krembangan', 269),
(2100, ' Asemrowo', 269),
(2101, ' Benowo', 269),
(2102, ' Bulak', 269),
(2103, ' Pakal', 269),
(2104, ' Sambi Kerep', 269),
(2105, ' Kedungkandang', 265),
(2106, ' Sukun', 265),
(2107, ' Klojen', 265),
(2108, ' Blimbing', 265),
(2109, ' Lowokwaru', 265),
(2110, ' Manguharjo', 264),
(2111, ' Taman', 264),
(2112, ' Kartoharjo', 264),
(2113, ' Mojoroto', 263),
(2114, ' Kota Kediri', 263),
(2115, ' Pesantren', 263),
(2116, ' Prajurit Kulon', 266),
(2117, ' Magersari', 266),
(2118, ' Sukorejo', 262),
(2119, ' Kepanjen Kidul', 262),
(2120, ' Sanan Wetan', 262),
(2121, ' Gadingrejo', 267),
(2122, ' Purworejo', 267),
(2123, ' Bugul Kidul', 267),
(2124, ' Kademangan', 268),
(2125, ' Kedopok', 268),
(2126, ' Wonoasih', 268),
(2127, ' Mayangan', 268),
(2128, ' Kanigaran', 268),
(2129, ' Batu', 261),
(2130, ' Junrejo', 261),
(2131, ' Bumiaji', 261),
(2132, ' Lhoong', 3),
(2133, ' Lho''Nga', 3),
(2134, ' Indrapuri', 3),
(2135, ' Seulimeum', 3),
(2136, ' Mesjid Raya', 3),
(2137, ' Darussalam', 3),
(2138, ' Kuta Baro', 3),
(2139, ' Montasik', 3),
(2140, ' Ingin Jaya', 3),
(2141, ' Suka Makmur', 3),
(2142, ' Darul Imarah', 3),
(2143, ' Peukan Bada', 3),
(2144, ' Pulo Aceh', 3),
(2145, ' Leupung', 3),
(2146, ' Kuta Malaka', 3),
(2147, ' Leumbah Seulewah', 3),
(2148, ' Kota Jantho', 3),
(2149, ' Baitussalam', 3),
(2150, ' Krung Barona Jaya', 3),
(2151, ' Simpang Tiga', 3),
(2152, ' Kuta Cot Glie', 3),
(2153, ' Darul Kamal', 3),
(2154, ' Blang Bintang', 3),
(2155, ' Geumpang', 16),
(2156, ' Glumpang Tiga', 16),
(2157, ' Mutiara', 16),
(2158, ' Tiro/Truseb', 16),
(2159, ' Tangse', 16),
(2160, ' Sakti', 16),
(2161, ' Mila', 16),
(2162, ' Padang Tiji', 16),
(2163, ' Delima', 16),
(2164, ' Indrajaya', 16),
(2165, ' Peukan Baru', 16),
(2166, ' Kembang Tanjung', 16),
(2167, ' Simpang Tiga', 16),
(2168, ' Kota Sigli', 16),
(2169, ' Pidie', 16),
(2170, ' Batee', 16),
(2171, ' Muara Tiga', 16),
(2172, ' Mane', 16),
(2173, ' Grong-Grong', 16),
(2174, ' Mutiara Timur', 16),
(2175, ' Glupang Baro', 16),
(2176, ' Keumala', 16),
(2177, ' Titeuae', 16),
(2178, ' Sawang', 11),
(2179, ' Nisam', 11),
(2180, ' Kuta Makmur', 11),
(2181, ' Syamtalira Bayu', 11),
(2182, ' Meurah Mulia', 11),
(2183, ' Matangkuli', 11),
(2184, ' Cot Girek', 11),
(2185, ' Tanah Jambo Aye', 11),
(2186, ' Seunudon', 11),
(2187, ' Baktiya', 11),
(2188, ' Tanah Luas', 11),
(2189, ' Samudera', 11),
(2190, ' Syamtalira Aron', 11),
(2191, ' Tanah Pasir', 11),
(2192, ' Langkahan', 11),
(2193, ' Baktiya Barat', 11),
(2194, ' Simpang Keramat', 11),
(2195, ' Nibong', 11),
(2196, ' Paya Bakong', 11),
(2197, ' Muara Batu', 11),
(2198, ' Dewantara', 11),
(2199, ' Lhoksukon', 11),
(2200, ' Lapang', 11),
(2201, ' Pirak Timu', 11),
(2202, ' Geureudong Pase', 11),
(2203, ' Banda Baro', 11),
(2204, ' Nisam Antara', 11),
(2205, ' Serba Jadi', 10),
(2206, ' Birem Bayeun', 10),
(2207, ' Rantau Selamat', 10),
(2208, ' Peureulak', 10),
(2209, ' Ranto Peureulak', 10),
(2210, ' Idi Rayeuk', 10),
(2211, ' Darul Aman', 10),
(2212, ' Nurussalam', 10),
(2213, ' Julok', 10),
(2214, ' Pante Beudari', 10),
(2215, ' Simpang Ulim', 10),
(2216, ' Sungai Raya', 10),
(2217, ' Peureulak Timur', 10),
(2218, ' Peureulak Barat', 10),
(2219, ' Banda Alam', 10),
(2220, ' Idi Tunong', 10),
(2221, ' Peudawa', 10),
(2222, ' Indra Makmur', 10),
(2223, ' Madat', 10),
(2224, ' Simpang Jernih', 10),
(2225, ' Darul Ihsan', 10),
(2226, ' Peunaron', 10),
(2227, ' Idi Timur', 10),
(2228, ' Darul Falah', 10),
(2229, ' Lingge ', 8),
(2230, ' Bintang', 8),
(2231, ' Pegasing', 8),
(2232, ' Bebesen', 8),
(2233, ' Silih Nara', 8),
(2234, ' Kuta Panang', 8),
(2235, ' Ketol', 8),
(2236, ' Celala', 8),
(2237, ' Kebayakan', 8),
(2238, ' Laut Tawar', 8),
(2239, ' Atu Lintang', 8),
(2240, ' Jagong Jeget', 8),
(2241, ' Bies', 8),
(2242, ' Rusip Antara', 8),
(2243, ' Johan Pahlawan', 1),
(2244, ' Samatiga', 1),
(2245, ' Woyla', 1),
(2246, ' Kaway XVI', 1),
(2247, ' Sungai Mas', 1),
(2248, ' Bubon', 1),
(2249, ' Arongan Lambalek', 1),
(2250, ' Meureubo', 1),
(2251, ' Pantee Ceureumen', 1),
(2252, ' Woyla Barat', 1),
(2253, ' Woyla Timur', 1),
(2254, ' Panton Reu', 1),
(2255, ' Trumon', 5),
(2256, ' Bakongan', 5),
(2257, ' Kluet Selatan', 5),
(2258, ' Kluet Utara', 5),
(2259, ' Tapak Tuan', 5),
(2260, ' Samadua', 5),
(2261, ' Sawang', 5),
(2262, ' Meukek', 5),
(2263, ' Labuhan Haji', 5),
(2264, ' Pasie Raja', 5),
(2265, ' Trumon Timur', 5),
(2266, ' Kluet Timur', 5),
(2267, ' Bakongan Timur', 5),
(2268, ' Kluet Tengah', 5),
(2269, ' Labuhan Haji Barat', 5),
(2270, ' Labuhan Haji Timur', 5),
(2271, ' Lawe Alas', 9),
(2272, ' Lawe Sigala-Gala', 9),
(2273, ' Bambel', 9),
(2274, ' Babussalam', 9),
(2275, ' Badar', 9),
(2276, ' Darul Hasanah', 9),
(2277, ' Babul Makmur', 9),
(2278, ' Lawe Bulan', 9),
(2279, ' Bukit Tusam', 9),
(2280, ' Semadam', 9),
(2281, ' Babul Rahmat', 9),
(2282, ' Ketambe', 9),
(2283, ' Deleng Pokhkisen', 9),
(2284, ' Lawe Sumur', 9),
(2285, ' Tanoh Alas', 9),
(2286, ' Lueser', 9),
(2287, ' Teupah Selatan', 18),
(2288, ' Simeulue Timur', 18),
(2289, ' Simeulue Tengah', 18),
(2290, ' Salang', 18),
(2291, ' Simeulue Barat', 18),
(2292, ' Teupah Barat', 18),
(2293, ' Teluk Dalam', 18),
(2294, ' Alafan', 18),
(2295, ' Samalanga', 13),
(2296, ' Pandrah', 13),
(2297, ' Jeunib', 13),
(2298, ' Peudada', 13),
(2299, ' Juli', 13),
(2300, ' Jeumpa', 13),
(2301, ' Jangka', 13),
(2302, ' Peusangan', 13),
(2303, ' Makmur', 13),
(2304, ' Ganda Pura', 13),
(2305, ' Simpang Mamplam', 13),
(2306, ' Peulimbang', 13),
(2307, ' Kota Juang', 13),
(2308, ' Kuala', 13),
(2309, ' Peusangan Selatan', 13),
(2310, ' Peusangan Siblah Krueng', 13),
(2311, ' Kuta Blang', 13),
(2312, ' Pulau Banyak', 6),
(2313, ' Singkil', 6),
(2314, ' Simpang Kanan', 6),
(2315, ' Simpang Kiri', 6),
(2316, ' Singkil Utara', 6),
(2317, ' Gunung Mariah', 6),
(2318, ' Danau Paris', 6),
(2319, ' Suro Makmur', 6),
(2320, ' Penanggalan', 6),
(2321, ' Kuta Baharu', 6),
(2322, ' Singkohor', 6),
(2323, ' Kuala Baru', 6),
(2324, ' Tamiang Hulu', 7),
(2325, ' Kejuruan Muda', 7),
(2326, ' Kota Kuala Simpang', 7),
(2327, ' Seruway', 7),
(2328, ' Bendahara', 7),
(2329, ' Karang Baru', 7),
(2330, ' Manyak Payed', 7),
(2331, ' Rantau', 7),
(2332, ' Bandar Mulya', 7),
(2333, ' Bandar Pusaka', 7),
(2334, ' Tenggulun', 7),
(2335, ' Sekerak', 7),
(2336, ' Darul Makmur', 15),
(2337, ' Kuala', 15),
(2338, ' Beutong', 15),
(2339, ' Seunagan', 15),
(2340, ' Seunagan Timur', 15),
(2341, ' Kuala Pesisir', 15),
(2342, ' Tadu Raya', 15),
(2343, ' Suka Makmue', 15),
(2344, ' Teunom', 4),
(2345, ' Krueng Sabee', 4),
(2346, ' Setia Bakti', 4),
(2347, ' Sampoiniet', 4),
(2348, ' Jaya', 4),
(2349, ' Panga', 4),
(2350, ' Manggeng', 2),
(2351, ' Tangan-Tangan', 2),
(2352, ' Blang Pidie', 2),
(2353, ' Susoh', 2),
(2354, ' Kuala Batee', 2),
(2355, ' Babah Rot', 2),
(2356, ' Lembah Sabil', 2),
(2357, ' Setia Bakti', 2),
(2358, ' Jeumpa', 2),
(2359, ' Blang Kejeran', 14),
(2360, ' Kuta Panjang', 14),
(2361, ' Rikit Gaib', 14),
(2362, ' Terangon', 14),
(2363, ' Pinding', 14),
(2364, ' Blang Jerango', 14),
(2365, ' Puteri Betung', 14),
(2366, ' Dabung Gelang', 14),
(2367, ' Blang Pegayon', 14),
(2368, ' Pantan Cuaca', 14),
(2369, ' Tripe Jaya', 14),
(2370, ' Timang Gajah', 12),
(2371, ' Bukit', 12),
(2372, ' Bandar', 12),
(2373, ' Permata', 12),
(2374, ' Pintu Rime Gayo', 12),
(2375, ' Wih Pesam', 12),
(2376, ' Syiah Utama', 12),
(2377, ' Meureudu', 17),
(2378, ' Ulim', 18),
(2379, ' Jangka Buya', 19),
(2380, ' Bandar Dua', 20),
(2381, ' Meurah Dua', 21),
(2382, ' Bandar Baru', 22),
(2383, ' Panteraja', 23),
(2384, ' Trienggadeng', 24),
(2385, ' Sukajaya', 22),
(2386, ' Sukakarya', 22),
(2387, ' Meuraxa', 19),
(2388, ' Baiturrahman', 19),
(2389, ' Kuta Alam', 19),
(2390, ' Syiah Kuala', 19),
(2391, ' Kuta Raja', 19),
(2392, ' Ulee Kareng', 19),
(2393, ' Lueng Bata', 19),
(2394, ' Banda Raya', 19),
(2395, ' Jaya Baru', 19),
(2396, ' Blang Mangat', 21),
(2397, ' Muara Dua', 21),
(2398, ' Banda Sakti', 21),
(2399, ' Muara Satu', 21),
(2400, ' Langsa Timur', 20),
(2401, ' Langsa Barat', 20),
(2402, ' Langsa Kota', 20),
(2403, ' Langsa Lama', 20),
(2404, ' Langsa Baro', 20),
(2405, 'Simpang Kiri', 23),
(2406, 'Penanggalan', 24),
(2407, 'Rundeng', 25),
(2408, 'Sultan Daulat', 26),
(2409, 'Longkib', 27),
(2410, ' Gunung Meriah', 27),
(2411, ' Sinembah Tanjung Muda Hulu', 27),
(2412, ' Sibolangit', 27),
(2413, ' KutaIimbaru', 27),
(2414, ' Pancur Batu', 27),
(2415, ' Namo Rambe', 27),
(2416, ' Sibiru-biru', 27),
(2417, ' Bangun Purba', 27),
(2418, ' Galang', 27),
(2419, ' Tanjung Morawa', 27),
(2420, ' Patumbak', 27),
(2421, ' Deli Tua', 27),
(2422, ' Sunggal', 27),
(2423, ' Hamparan Perak', 27),
(2424, ' Labuhan Deli', 27),
(2425, ' Percut Sei Tuan', 27),
(2426, ' Batang Kuis', 27),
(2427, ' Pantai Labu', 27),
(2428, ' Beringin', 27),
(2429, ' Lubuk Pakam', 27),
(2430, ' Pagar Marbau', 27),
(2431, ' Bohorok', 33),
(2432, ' Serapit', 33),
(2433, ' Salapian', 33),
(2434, ' Kutambaru', 33),
(2435, ' Sei Bingai', 33),
(2436, ' Kuala', 33),
(2437, ' Selesai', 33),
(2438, ' Binjai', 33),
(2439, ' Stabat', 33),
(2440, ' Wampu', 33),
(2441, ' Batang Serangan', 33),
(2442, ' Sawit Seberang', 33),
(2443, ' Padang Tualang', 33),
(2444, ' Hinai', 33),
(2445, ' Secanggang', 33),
(2446, ' Tanjung Pura', 33),
(2447, ' Gebang', 33),
(2448, ' Babalan', 33),
(2449, ' Sei Lepan', 33),
(2450, ' Berandan Barat', 33),
(2451, ' Besitang', 33),
(2452, ' Pangkalan Susu', 33),
(2453, ' Pematang Jaya', 33),
(2454, ' Mardinding', 29),
(2455, ' Laubaleng', 29),
(2456, ' Tiga Binanga', 29),
(2457, ' Juhar', 29),
(2458, ' Munte', 29),
(2459, ' Kuta Buluh', 29),
(2460, ' Payung', 29),
(2461, ' Tiga Binanga', 29),
(2462, ' Simpang Empat', 29),
(2463, ' Naman Teran', 29),
(2464, ' Merdeka', 29),
(2465, ' Kabanjahe', 29),
(2466, ' Berastagi', 29),
(2467, ' Tiga Panah', 29),
(2468, ' Dolat Rayat', 29),
(2469, ' Merek', 29),
(2470, ' Barus Jahe', 29),
(2471, ' Silimakuta', 44),
(2472, ' Purba', 44),
(2473, ' Dolok Pardamean', 44),
(2474, ' Sidamanik', 44),
(2475, ' Girsang Simpangan Bolon', 44),
(2476, ' Tanah Jawa', 44),
(2477, ' Dolok Panribuan', 44),
(2478, ' Jorlang Hataran', 44),
(2479, ' Pane', 44),
(2480, ' Raya', 44),
(2481, ' Dolok Silau', 44),
(2482, ' Silau Kahean', 44),
(2483, ' Raya Kahean', 44),
(2484, ' Tapian Dolok', 44),
(2485, ' Dolok Batu Nanggar', 44),
(2486, ' Siantar', 44),
(2487, ' Hutabayu Raja', 44),
(2488, ' Pematang Bandar', 44),
(2489, ' Bandar', 44),
(2490, ' Bosar Maligas', 44),
(2491, ' Ujung Padang', 44),
(2492, ' Panombeian Pane', 44),
(2493, ' Gunung Malela', 44),
(2494, ' Gunung Maligas', 44),
(2495, ' Bandar Huluan', 44),
(2496, ' Bandar Masilam', 44),
(2497, ' Hatonduhan', 44),
(2498, ' Jawa Maraja Bah Jambi', 44),
(2499, ' Haranggaol Horison', 44),
(2500, ' Pematang Sidamanik', 44),
(2501, ' Sidikalang', 26),
(2502, ' Parbuluan', 26),
(2503, ' Sumbul', 26),
(2504, ' Pegangan Hilir', 26),
(2505, ' Siempat Nempu Hulu', 26),
(2506, ' Siempat Nempu', 26),
(2507, ' Silima Pungga-Pungga', 26),
(2508, ' Siempat Nempu Hilir', 26),
(2509, ' Tigalingga', 26),
(2510, ' Tanah Pinem', 26),
(2511, ' Lae Parira', 26),
(2512, ' Gunung Stember', 26),
(2513, ' Berampu', 26),
(2514, ' Sitinjo', 26),
(2515, 'Silahi Sabungan', 26),
(2516, ' Bandar Pasir Mandoge', 24),
(2517, ' Bandar Pulau', 24),
(2518, ' Aek Songsongan', 24),
(2519, ' Rahuning', 24),
(2520, ' Pulau Rakyat', 24),
(2521, ' Aek Kuasan', 24),
(2522, ' Aek Ledong', 24),
(2523, ' Sei Kepayang', 24),
(2524, ' Sei Kepayang Barat', 24),
(2525, ' Sei Kepayang Timur', 24),
(2526, ' Tanjung Balai', 24),
(2527, ' Simpang Empat', 24),
(2528, ' Teluk Dalam', 24),
(2529, ' Air Batu', 24),
(2530, ' Sei dadap', 24),
(2531, ' Buntu Pane', 24),
(2532, ' Tinggi Raja', 24),
(2533, ' Setia Janji', 24),
(2534, ' Meranti', 24),
(2535, ' Pulo Bandring', 24),
(2536, ' Rawang Panca Arga', 24),
(2537, ' Air Joman', 24),
(2538, ' Silo Laut', 24),
(2539, ' Kisaran Barat', 24),
(2540, ' Kisaran Timur', 24),
(2541, ' Bilah Hulu', 30),
(2542, ' Pangkatan', 30),
(2543, ' Bilah Barat', 30),
(2544, ' Marbau', 30),
(2545, ' Bilah Hilir', 30),
(2546, ' Panai Hulu', 30),
(2547, ' Panai Tengah', 30),
(2548, ' Panai Hilir', 30),
(2549, ' Rantau Selatan', 30),
(2550, ' Rantau Utara', 30),
(2551, ' Parmonangan', 47),
(2552, ' Adian Koting', 47),
(2553, ' Sipoholon', 47),
(2554, ' Tarutung', 47),
(2555, ' Pahae Jae', 47),
(2556, ' Pahae Julu', 47),
(2557, ' Pangaribuan', 47),
(2558, ' Garoga', 47),
(2559, ' Sipahutar', 47),
(2560, ' Siborong-Borong', 47),
(2561, ' Pagaran', 47),
(2562, ' Muara', 47),
(2563, ' Purbatua', 47),
(2564, ' Simangumban', 47),
(2565, ' Siatas Barita', 47),
(2566, ' Lumut', 46),
(2567, ' Sibabangun', 46),
(2568, ' Sukabangun', 46),
(2569, ' Tapian Nauli', 46),
(2570, ' Kolang', 46),
(2571, ' Sorkam', 46),
(2572, ' Barus', 46),
(2573, ' Barus Utara', 46),
(2574, ' Manduamas', 46),
(2575, ' Sosor Gadong', 46),
(2576, ' Sorkam Barat', 46),
(2577, ' Andam Dewi', 46),
(2578, ' Badiri', 46),
(2579, ' Sitahuis', 46),
(2580, ' Sirandorung', 46),
(2581, ' Tukka', 46),
(2582, ' Pandan', 46),
(2583, ' Sarudik', 46),
(2584, ' Pinang Sori', 46),
(2585, ' Batang Angkola', 45),
(2586, ' Padang Sidimpuan Timur', 45),
(2587, ' Siais', 45),
(2588, ' Padang Sidimpuan Barat', 45),
(2589, ' Batang Toru', 45),
(2590, ' Sipirok', 45),
(2591, ' Arse', 45),
(2592, ' Saipar Dolok Hole', 45),
(2593, ' Marancar', 45),
(2594, ' Sayur Matinggi', 45),
(2595, ' Aek Bilah', 45),
(2596, ' Muaro Batang Toru', 45),
(2597, ' Idano Gawo', 35),
(2598, ' Gido', 35),
(2599, ' Hiliduho', 35),
(2600, ' Bawalato', 35),
(2601, ' Ulugawo', 35),
(2602, ' Ma U', 35),
(2603, ' Somolo-Molo', 35),
(2604, ' Hili Serangkai', 35),
(2605, ' Botomuzoi', 35),
(2606, ' Batahan', 34),
(2607, ' Sinunukan', 34),
(2608, ' Batang Natal', 34),
(2609, ' Ranto Baek', 34),
(2610, ' Kotanopan', 34),
(2611, ' Puncak Sorik Merapi', 34),
(2612, ' Muara Sipongi', 34),
(2613, ' Pakantan', 34),
(2614, ' Panyabungan Kota', 34),
(2615, ' Huta Bargot', 34),
(2616, ' Natal', 34),
(2617, ' Muara Batang Gadis', 34),
(2618, ' Siabu', 34),
(2619, ' Panyabungan Utara', 34),
(2620, ' Panyabungan Barat', 34),
(2621, ' Panyabungan Timur', 34),
(2622, ' Panyabungan Selatan', 34),
(2623, ' Bukit Malintang', 34),
(2624, ' Naga Juang', 34),
(2625, ' Lembah Sorik Merapi', 34),
(2626, ' Ulu Pungut', 34),
(2627, ' Tambangan', 34),
(2628, ' Langga Bayu', 34),
(2629, ' Balige', 42),
(2630, ' Tampahan', 42),
(2631, ' Lagu Boti', 42),
(2632, ' Habinsaran', 42),
(2633, ' Nassau', 42),
(2634, ' Silaen', 42),
(2635, ' Sigumpar', 42),
(2636, ' Porsea', 42),
(2637, ' Siantar Narumonda', 42),
(2638, ' Parmaksian', 42),
(2639, ' Lumban Julu', 42),
(2640, ' Bonatua Lunasi', 42),
(2641, ' Uluan', 42),
(2642, ' Pintu Pohan Meranti', 42),
(2643, ' Ajibata', 42),
(2644, ' Borbor', 42),
(2645, ' Pulau-Pulau Batu', 37),
(2646, ' Teluk Dalam', 37),
(2647, ' Amandraya', 37),
(2648, ' Lahusa', 37),
(2649, ' Gomo', 37),
(2650, ' Lolomatua', 37),
(2651, ' Lolowa''U', 37),
(2652, ' Hibala', 37),
(2653, ' Salak', 41),
(2654, ' Kerajaan', 41),
(2655, ' Sitelutali Urang Jehe', 41),
(2656, ' Sitelutali Urang Jehe', 41),
(2657, ' Pangindar', 41),
(2658, ' Pergetteng-getteng Sengkut', 41),
(2659, ' Tinada', 41),
(2660, ' Siempat Rube', 41),
(2661, ' Pakkat', 28),
(2662, ' Onan Ganjang', 28),
(2663, ' Lintong Nihuta', 28),
(2664, ' Dolok Sanggul', 28),
(2665, ' Parlilitan', 28),
(2666, ' Pollung', 28),
(2667, ' Paranginan', 28),
(2668, ' Bakti Raja', 28),
(2669, ' Sijamapolang', 28),
(2670, ' Tarabintang', 28),
(2671, ' Harian', 42),
(2672, ' Sianjur Mula Mula', 42),
(2673, ' Onan Runggu Timur', 42),
(2674, ' Palipi', 42),
(2675, ' Pangururan', 42),
(2676, ' Simanindo', 42),
(2677, ' Nainggolan', 42),
(2678, ' Ronggur Nihuta', 42),
(2679, ' Sitiotio', 42),
(2680, ' Kotarih', 43),
(2681, ' Silinda', 43),
(2682, ' Bintang Bayu', 43),
(2683, ' Dolok Masihul', 43),
(2684, ' Serbajadi', 43),
(2685, ' Sipispis', 43),
(2686, ' Dolok Merawan', 43),
(2687, ' Tebing Tinggi', 43),
(2688, ' Tebing Syahbandar', 43),
(2689, ' Bandar Khalifah', 43),
(2690, ' Tanjung Beringin', 43),
(2691, ' Teluk Mengkudu', 43),
(2692, ' Sei Rampah', 43),
(2693, ' Sei Bamban', 43),
(2694, ' Perbaungan', 43),
(2695, ' Pegajahan', 43),
(2696, ' Pantai Cermin', 43),
(2697, ' Medang Deras', 25),
(2698, ' Air Putih', 25),
(2699, ' Lima Puluh', 25),
(2700, ' Sei Balai', 25),
(2701, ' Sei Suka', 25),
(2702, ' Talawi', 25),
(2703, ' Tanjung Tiram', 25),
(2704, ' Padang Bolak Julu', 40),
(2705, ' Padang Bolak', 40),
(2706, ' Halongonan', 40),
(2707, ' Dolok Sxigompulon', 40),
(2708, ' Portibi', 40),
(2709, ' Simangambat', 40),
(2710, ' Batang Onang', 40),
(2711, ' Dolok', 40),
(2712, ' Barumun', 39),
(2713, ' Sosa', 39),
(2714, ' Barumun Tengah', 39),
(2715, ' Batang Lubu Sutam. ', 39),
(2716, ' Huta Raja Tinggi', 39),
(2717, ' Lubuk Barumun', 39),
(2718, ' Huristak', 39),
(2719, ' Ulu Barumun', 39),
(2720, ' Sosopan', 39),
(2721, ' Na IX-X', 32),
(2722, ' Aek Natas', 32),
(2723, ' Aek Kuo', 32),
(2724, ' Kualuh Hilir', 32),
(2725, ' Kualuh Selatan', 32),
(2726, ' Kualuh Hulu', 32),
(2727, ' Kualuh Leidong', 32),
(2728, ' Sungai Kanan', 31),
(2729, ' Torgamba', 31),
(2730, ' Kota Pinang', 31),
(2731, ' Silangkitang', 31),
(2732, ' Kampung Rakyat', 31),
(2733, ' Lolofitu Moi', 36),
(2734, ' Sirombu', 36),
(2735, ' Lahomi', 36),
(2736, ' Mandrehe', 36),
(2737, ' Mandrehe Barat', 36),
(2738, ' Moro O', 36),
(2739, ' Mandrehe Barat', 36),
(2740, ' Ulo Moro O', 36),
(2741, ' Tuhemberua', 38),
(2742, ' Lotu', 38),
(2743, ' Sitolu Ori', 38),
(2744, ' Sawo', 38),
(2745, ' Alasa', 38),
(2746, ' Namohalu Esiwa', 38),
(2747, ' Alasa Talu Muzoi', 38),
(2748, ' Tugala Oyo', 38),
(2749, ' Lahewa', 38),
(2750, ' Afulu', 38),
(2751, ' Lahewa Timur', 38),
(2752, ' Medan Tuntungan', 51),
(2753, ' Medan Johor', 51),
(2754, ' Medan Amplas', 51),
(2755, ' Medan Denai', 51),
(2756, ' Medan Area', 51),
(2757, ' Medan Kota', 51),
(2758, ' Medan Maimun', 51),
(2759, ' Medan Polonia', 51),
(2760, ' Medan Baru', 51),
(2761, ' Medan Selayang', 51),
(2762, ' Medan Sunggal', 51),
(2763, ' Medan Helvetia', 51),
(2764, ' Medan Petisah', 51),
(2765, ' Medan Barat', 51),
(2766, ' Medan Timur', 51),
(2767, ' Medan Perjuangan', 51),
(2768, ' Medan Tembung', 51),
(2769, ' Medan Deli', 51),
(2770, ' Medan Labuhan', 51),
(2771, ' Medan Marelan', 51),
(2772, ' Medan Kota Belawan', 51),
(2773, ' Binjai Selatan', 49),
(2774, ' Binjai Kota', 49),
(2775, ' Binjai Timur', 49),
(2776, ' Binjai Utara', 49),
(2777, ' Binjai Barat', 49),
(2778, ' Padang Hulu', 56),
(2779, ' Rambutan', 56),
(2780, ' Padang Hilir', 56),
(2781, ' Bajenis', 56),
(2782, ' Tebing Tinggi Kota', 56),
(2783, ' Siantar Marihat', 53),
(2784, ' Siantar Marimbun', 53),
(2785, ' Siantar Selatan', 53),
(2786, ' Siantar Barat', 53),
(2787, ' Siantar Utara', 53),
(2788, ' Siantar Timur', 53),
(2789, ' Siantar Martoba', 53),
(2790, ' Siantar Sitalasari', 53),
(2791, ' Datuk Bandar', 55),
(2792, ' Tanjung Balai Selatan', 55),
(2793, ' Tanjung Balai Utara', 55),
(2794, ' S. Tualang Raso', 55),
(2795, ' Teluk Nibung', 55),
(2796, ' Sibolga Utara', 54),
(2797, ' Sibolga Kota', 54),
(2798, ' Sibolga Selatan', 54),
(2799, ' Sibolga Sambas', 54),
(2800, ' Padang Sidimpuan Selatan', 52),
(2801, ' Padang Sidimpuan Utara', 52),
(2802, ' Padang Sidimpuan Batu Nadua', 52),
(2803, ' Padang Sidimpuan Hutaimbaru', 52),
(2804, ' Padang Sidimpuan Angkola Julu', 52),
(2805, ' Padang Sidimpuan Tenggara', 52),
(2806, ' Gunung Sitoli Idanoi', 50),
(2807, ' Gunung Sitoli   Alo Oa', 50),
(2808, ' Gunung Sitoli', 50),
(2809, ' Gunung Sitoli Selatan', 50),
(2810, ' Gunung Sitoli Barat', 50),
(2811, ' Gunung Sitoli Utara', 50),
(2812, ' Tanjung Mutiara', 57),
(2813, ' Lubuk Basung', 57),
(2814, ' Tanjung Raya', 57),
(2815, ' Matur', 57),
(2816, ' IV Koto', 57),
(2817, ' IV Angkat Candung', 57),
(2818, ' Baso', 57),
(2819, ' Tilatang Kamang', 57),
(2820, ' Palembayan', 57),
(2821, ' Palupuh', 57),
(2822, ' IV Nagari', 57),
(2823, ' Sungai Pua', 57),
(2824, ' Candung', 57),
(2825, ' Kamang Magek', 57),
(2826, ' Banuhampu', 57),
(2827, ' Ampek Angkek', 57),
(2828, ' Malalak', 57),
(2829, ' Bonjol', 62),
(2830, ' Lubuk Sikaping', 62),
(2831, ' II Koto', 62),
(2832, ' Panti', 62),
(2833, ' III Nagari', 62),
(2834, ' Rao', 62),
(2835, ' Mapat Tunggul', 62),
(2836, ' Mapat Tunggul Selatan', 62),
(2837, ' Simpang Alahan Mati', 62),
(2838, ' Padang Gelugur', 62),
(2839, ' Rao Utara', 62),
(2840, ' Rao Selatan', 62),
(2841, ' Payakumbuh', 60),
(2842, ' Luak', 60),
(2843, ' Harau', 60),
(2844, ' Guguak', 60),
(2845, ' Suliki', 60),
(2846, ' Gunuang Omeh', 60),
(2847, ' Kapur IX', 60),
(2848, ' Pangkalan Koto Baru', 60),
(2849, ' Bukkt Barisan', 60),
(2850, ' Mungka', 60),
(2851, ' Akabiluru', 60),
(2852, ' Situjuah Limo Nagari', 60),
(2853, ' Lareh Sago Halaban', 60),
(2854, ' Pantai Cermin', 66),
(2855, ' Lembah Gumanti', 66),
(2856, ' Payung Sekaki', 66),
(2857, ' Lembang Jaya', 66),
(2858, ' Gunung Talang', 66),
(2859, ' Bukit Sundi', 66),
(2860, ' Kubung', 66),
(2861, ' IX Koto Sungai Lasi', 66),
(2862, ' X Koto Diatas', 66),
(2863, ' X Koto Singkarak', 66),
(2864, ' Junjung Sirih', 66),
(2865, ' Hiliran Gumanti', 66),
(2866, ' Tigo Lurah', 66),
(2867, ' Danau Kembar', 66),
(2868, ' Batang Anai', 61),
(2869, ' Lubuk Alung', 61),
(2870, ' Ulakan Tapakis', 61),
(2871, ' Nan Sabaris', 61),
(2872, ' 2 x 11 VI Lingkung', 61),
(2873, ' VII Koto Sungai Sarik', 61),
(2874, ' V Koto Kampung Dalam', 61),
(2875, ' Sungai Limau', 61),
(2876, ' Sungai Geringging', 61),
(2877, ' IV Koto Aur Malintang', 61),
(2878, ' Batang Gasan', 61),
(2879, ' V Koto Timur', 61),
(2880, ' Patamuan', 61),
(2881, ' Padang Sago', 61),
(2882, ' 2 x 11 Kayu Tanam', 61),
(2883, ' Sintuk Toboh Gadang', 61),
(2884, ' VI Lingkung', 61),
(2885, ' Lunang Silaut', 64),
(2886, ' Basa IV Balai Tapan', 64),
(2887, ' Pancung Soal', 64),
(2888, ' Linggo Saribaganti', 64),
(2889, ' Ranah Pesisir', 64),
(2890, ' Lengayang', 64),
(2891, ' Sutera', 64),
(2892, ' Batang Kapas', 64),
(2893, ' IV Jurai', 64),
(2894, ' Bayang', 64),
(2895, ' Koto XI Terusan', 64),
(2896, ' IV Bayang Utara', 64),
(2897, ' Sepuluh Koto', 68),
(2898, ' Batipuh', 68),
(2899, ' Pariangan', 68),
(2900, ' Rambatan', 68),
(2901, ' Lima Kaum', 68),
(2902, ' Tanjung Mas', 68),
(2903, ' Padang Ganting', 68),
(2904, ' Lintau Buo', 68),
(2905, ' Sungayang', 68),
(2906, ' Sungai Tarab', 68),
(2907, ' Salimpaung', 68),
(2908, ' Batipuh Selatan', 68),
(2909, ' Lintau Buo Utara', 68),
(2910, ' Tanjung Baru', 68),
(2911, ' Kamang Baru', 65),
(2912, ' Tanjung Gadang', 65),
(2913, ' Sijunjung', 65),
(2914, ' IV Nagari', 65),
(2915, ' Kupitan', 65),
(2916, ' Koto Tujuh', 65),
(2917, ' Sumpur Kudus', 65),
(2918, ' Lubuk Tarok', 65),
(2919, ' Pagai Utara', 59),
(2920, ' Sipora Selatan', 59),
(2921, ' Siberut Selatan', 59),
(2922, ' Siberut Utara', 59),
(2923, ' Siberut Barat', 59),
(2924, ' Siberut Barat Daya', 59),
(2925, ' Siberut Tengah', 59),
(2926, ' Sipora Utara', 59),
(2927, ' Sikakap', 59),
(2928, ' Pagai Selatan', 59),
(2929, ' Sangir', 67),
(2930, ' Sungai Pagu', 67),
(2931, ' Koto Parik Gadang Diateh', 67),
(2932, ' Sangir Jujuhan', 67),
(2933, ' Sangir Batanghari', 67),
(2934, ' Pauah Duo', 67),
(2935, ' Sangir Balai Janggo', 67),
(2936, ' Sungai Rumbai', 58),
(2937, ' Koto Baru', 58),
(2938, ' Sitiung', 58),
(2939, ' Pulau Punjung', 58),
(2940, ' Sungai Beremas', 63),
(2941, ' Ranah Batahan', 63),
(2942, ' Lembah Melintang', 63),
(2943, ' Gunung Tuleh', 63),
(2944, ' Pasaman', 63),
(2945, ' Kinali', 63),
(2946, ' Talamau', 63),
(2947, ' Koto Balingka', 63),
(2948, ' Luhak Nan Duo', 63),
(2949, ' Sasak Ranah Pesisir', 63),
(2950, ' Sungai Aur', 63),
(2951, ' Guguk Panjang', 69),
(2952, ' Mandiangin Koto Selayan', 69),
(2953, ' Aur Birugo Tigo Baleh', 69),
(2954, ' Bungus Teluk Kabung', 70),
(2955, ' Lubuk Kilangan', 70),
(2956, ' Lubuk Begalung', 70),
(2957, ' Padang Selatan', 70),
(2958, ' Padang Timur', 70),
(2959, ' Padang Barat', 70),
(2960, ' Padang Utara', 70),
(2961, ' Nanggalo', 70),
(2962, ' Kuranji', 70),
(2963, ' Pauh', 70),
(2964, ' Koto Tangah', 70),
(2965, ' Padang Panjang Barat', 71),
(2966, ' Padang Panjang Timur', 71),
(2967, ' Silungkang', 74),
(2968, ' Lembah Segar', 74),
(2969, ' Barangin', 74),
(2970, ' Talawi', 74),
(2971, ' Lubuk Sikarah', 75),
(2972, ' Tanjung Harapan', 75),
(2973, ' Payakumbuh Barat', 73),
(2974, ' Payakumbuh Timur', 73),
(2975, ' Payakumbuh Utara', 73),
(2976, ' Pariaman Selatan', 72),
(2977, ' Pariaman Tengah', 72),
(2978, ' Pariaman Utara', 72),
(2979, ' XIII Koto Kampar', 79),
(2980, ' Kampar Kiri', 79),
(2981, ' Kampar', 79),
(2982, ' Tambang', 79),
(2983, ' Bangkinang', 79),
(2984, ' Bangkinang Barat', 79),
(2985, ' Siak Hulu', 79),
(2986, ' Tapung', 79),
(2987, ' Kampar Kiri Hulu', 79),
(2988, ' Kampar Kiri Hilir', 79),
(2989, ' Tapung Hulu', 79),
(2990, ' Tapung Hilir', 79),
(2991, ' Tapung Kiri', 79),
(2992, ' Salo', 79),
(2993, ' Rumbio Jaya', 79),
(2994, ' Bangkinang Seberang', 79),
(2995, ' Perhentian Raja', 79),
(2996, ' Kampar Timur', 79),
(2997, ' Kampar Utara', 79),
(2998, ' Kampar Kiri Tengah', 79),
(2999, ' Gunung Sahilan', 79),
(3000, ' Mandau', 76),
(3001, ' Pinggir', 76),
(3002, ' Bukit Batu', 76),
(3003, ' Siak Kecil', 76),
(3004, ' Rupat', 76),
(3005, ' Rupat Utara', 76),
(3006, ' Bengkalis', 76),
(3007, ' Bantan', 76),
(3008, ' Peranap', 78),
(3009, ' Pasir Penyu', 78),
(3010, ' Kelayang', 78),
(3011, ' Seberida', 78),
(3012, ' Rengat', 78),
(3013, ' Rengat Barat', 78),
(3014, ' Lirik', 78),
(3015, ' Batang Gansal', 78),
(3016, ' Batang Cenaku', 78),
(3017, ' Batang Peranap', 78),
(3018, ' Lubuk Batu Jaya', 78),
(3019, ' Sei Lala', 78),
(3020, ' Rakit Kulim', 78),
(3021, ' Kuala Cenaku', 78),
(3022, ' Keritang', 77),
(3023, ' Reteh', 77),
(3024, ' Enok', 77),
(3025, ' Tanah Merah', 77),
(3026, ' Kuala Indragiri', 77),
(3027, ' Tembilahan', 77),
(3028, ' Tempuling', 77),
(3029, ' Batang Tuaka', 77),
(3030, ' Gaung Anak Serka', 77),
(3031, ' Gaung', 77),
(3032, ' Mandah', 77),
(3033, ' Kateman', 77),
(3034, ' Kemuning', 77),
(3035, ' Pelangiran', 77),
(3036, ' Pulau Burung', 77),
(3037, ' Teluk Blengkong', 77),
(3038, ' Tembilahan Hulu', 77),
(3039, ' Concong', 77),
(3040, ' Kempas', 77),
(3041, ' Sungai Batang', 77),
(3042, ' Langgam', 82),
(3043, ' Pangkalan Kuras', 82),
(3044, ' Bunut', 82),
(3045, ' Kuala Kampar', 82),
(3046, ' Pangkalan Kerinci', 82),
(3047, ' Ukui', 82),
(3048, ' Pangkalan Lesung', 82),
(3049, ' Kerumutan', 82),
(3050, ' Pelalawan', 82),
(3051, ' Teluk Meranti', 82),
(3052, ' Bandar Sei Kijang', 82),
(3053, ' Bandar Petalangan', 82),
(3054, ' Minas', 85),
(3055, ' Siak', 85),
(3056, ' Sungai Apit', 85),
(3057, ' Tualang', 85),
(3058, ' Kerinci Kanan', 85),
(3059, ' Dayun', 85),
(3060, ' Bunga Raya', 85),
(3061, ' Sungai Mandau', 85),
(3062, ' Kandis', 85),
(3063, ' Lubuk Dalam', 85),
(3064, ' Koto Gasip', 85),
(3065, ' Pusako', 85),
(3066, ' Sabak Auh', 85),
(3067, ' Sungai Mempura', 85),
(3068, ' Kuantan Mudik', 80),
(3069, ' Kuantan Tengah', 80),
(3070, ' Benai', 80),
(3071, ' Singingi', 80),
(3072, ' Kuantan Hilir', 80),
(3073, ' Cerenti', 80),
(3074, ' Pangean', 80),
(3075, ' Logas Tanah Darat', 80),
(3076, ' Inuman', 80),
(3077, ' Singingi Hilir', 80),
(3078, ' Hulu Kuantan', 80),
(3079, ' Gunung Toar', 80),
(3080, ' Ujung Batu', 84),
(3081, ' Rokan IV Koto', 84),
(3082, ' Rambah', 84),
(3083, ' Tembusai', 84),
(3084, ' Kepenuhan', 84),
(3085, ' Kunto Darussalam', 84),
(3086, ' Rambah Samo', 84),
(3087, ' Rambah Hilir', 84),
(3088, ' Tembusai Utara', 84),
(3089, ' Bangun Purba', 84),
(3090, ' Tandun', 84),
(3091, ' Kabun', 84),
(3092, ' Bonai Darussalam', 84),
(3093, ' Pagaran Tapah Darussalam', 84),
(3094, ' Pendalian IV Koto', 84),
(3095, ' Kubu', 83),
(3096, ' Bangko', 83),
(3097, ' Tanah Putih', 83),
(3098, ' Rimba Melintang', 83),
(3099, ' Bagan Sinembah', 83),
(3100, ' Pasir Limau Kapas', 83),
(3101, ' Sinaboi', 83),
(3102, ' Tanah Putih Tanjung Melawan', 83),
(3103, ' Pujud', 83),
(3104, ' Bangko Pusako', 83),
(3105, ' Simpang Kanan', 83),
(3106, ' Batu Hampar', 83),
(3107, ' Rantau Kopar', 83),
(3108, ' Merbau', 81),
(3109, ' Rangsang', 81),
(3110, ' Rangsang Barat', 81),
(3111, ' Tebing Tinggi', 81),
(3112, ' Tebing Tinggi Barat', 81),
(3113, ' Tampan', 87),
(3114, ' Bukit Raya', 87),
(3115, ' Lima Puluh', 87),
(3116, ' Sail', 87),
(3117, ' Pekanbaru Kota', 87),
(3118, ' Sukajadi', 87),
(3119, ' Senapelan', 87),
(3120, ' Rumbai', 87),
(3121, ' Tenayan Raya', 87),
(3122, ' Marpoyan Damai', 87),
(3123, ' Rumbai Pesisir', 87),
(3124, ' Payung Sekaki', 87),
(3125, ' Bukit Kapur', 86),
(3126, ' Dumai Barat', 86),
(3127, ' Dumai Timur', 86),
(3128, ' Medang Kampai', 86),
(3129, ' Sungai Sembilan', 86),
(3130, ' Bintan Utara', 88),
(3131, ' Gunung Kijang', 88),
(3132, ' Tambelan', 88),
(3133, ' Teluk Bintan', 88),
(3134, ' Teluk Sebong', 88),
(3135, ' Toapaya', 88),
(3136, ' Mantang', 88),
(3137, ' Bintan Pesisir', 88),
(3138, ' Seri Kuala Loban', 88),
(3139, ' Bintan Timur', 88),
(3140, ' Moro', 89),
(3141, ' Kundur', 89),
(3142, ' Karimun', 89),
(3143, ' Meral', 89),
(3144, ' Tebing', 89),
(3145, ' Buru', 89),
(3146, ' Kundur Utara', 89),
(3147, ' Kundur Barat', 89),
(3148, ' Durai', 89),
(3149, ' Midai', 92),
(3150, ' Bunguran Barat', 92),
(3151, ' Bunguran Timur', 92),
(3152, ' Serasan', 92),
(3153, ' Subi', 92),
(3154, ' Bunguran Utara', 92),
(3155, ' Pulau Laut', 92),
(3156, ' Pulau Tiga', 92),
(3157, ' Bunguran Timur Laut', 92),
(3158, ' Bunguran Tengah', 92),
(3159, ' Bunguran Selatan', 92),
(3160, ' Serasan Timur', 92),
(3161, ' Singkep', 91),
(3162, ' Lingga', 91),
(3163, ' Senayang', 91),
(3164, ' Singkep Barat', 91),
(3165, ' Lingga Utara', 91),
(3166, ' Jemaja', 90),
(3167, ' Jemaja Timur', 90),
(3168, ' Siantan', 90),
(3169, ' Pal Matak', 90),
(3170, ' Siantan Selatan', 90),
(3171, ' Siantan Timur', 90),
(3172, ' Siantan Tengah', 90),
(3173, ' Belakang Padang', 93),
(3174, ' Sekupang', 93),
(3175, ' Sei Beduk', 93),
(3176, ' Bulang', 93),
(3177, ' Lubuk Baja', 93),
(3178, ' Batu Ampar', 93),
(3179, ' Nongsa', 93),
(3180, ' Galang', 93),
(3181, ' Bengkong', 93),
(3182, ' Batam Kota', 93),
(3183, ' Sagulung', 93),
(3184, ' Batu Aji', 93),
(3185, ' Tanjung Pinang Barat', 94),
(3186, ' Tanjung Pinang Timur', 94),
(3187, ' Tanjung Pinang Kota', 94),
(3188, ' Bukit Bestari', 94),
(3189, ' Mersan', 105),
(3190, ' Muara Tembesi', 105),
(3191, ' Batin XXIV', 105),
(3192, ' Muara Bulian', 105),
(3193, ' Pemayung', 105),
(3194, ' Maro Sebo Ulu', 105),
(3195, ' Bajubang', 105),
(3196, ' Maro Sebo Ilir', 105),
(3197, ' Tanah Tumbuh', 110),
(3198, ' Tanah Sepenggal', 110),
(3199, ' Jujuhan', 110),
(3200, ' Rantau Pandan', 110),
(3201, ' Pasar Muara Bungo', 110),
(3202, ' Pelepat', 110),
(3203, ' Pelepat Ilir', 110),
(3204, ' Limbur Lubuk Mengkuang', 110),
(3205, ' Bathin II Babeko', 110),
(3206, ' Muko Muko Batin VII', 110),
(3207, ' Bungo Dani', 110),
(3208, ' Bathin III', 110),
(3209, ' Bathin III Ulu', 110),
(3210, ' Tanah Sepenggal Luas', 110),
(3211, ' Bathin II Pelayang', 110),
(3212, ' Jujuhan Ilir', 110),
(3213, ' Rimbo Tengah', 110),
(3214, ' Batang Asai', 104),
(3215, ' Limun', 104),
(3216, ' Sarolangon', 104),
(3217, ' Pelawan', 104),
(3218, ' Pauh', 104),
(3219, ' Mandiangin', 104),
(3220, ' Air Hitam', 104),
(3221, ' Bathin VIII', 104),
(3222, ' Singkut', 104),
(3223, ' Cermin Nan Gadang', 104),
(3224, ' Tungkal Ulu', 108),
(3225, ' Merlung', 108),
(3226, ' Batang Asam', 108),
(3227, ' Tebing Tinggi', 108),
(3228, ' Renah Mendalu', 108),
(3229, ' Muara Papalik', 108),
(3230, ' Pengabuan', 108),
(3231, ' Senyerang', 108),
(3232, ' Tungkal Ilir', 108),
(3233, ' Bram Itam', 108),
(3234, ' Seberang Kota', 108),
(3235, ' Betara', 108),
(3236, ' Kuala Betara', 108),
(3237, ' Gunung Raya', 102),
(3238, ' Batang Merangin', 102),
(3239, ' Keliling Danau', 102),
(3240, ' Danau Kerinci', 102),
(3241, ' Sitinjau Laut', 102),
(3242, ' Air Hangat', 102),
(3243, ' Air Hangat Timur', 102),
(3244, ' Depati Tujuh', 102),
(3245, ' Gunung Kerinci', 102),
(3246, ' Siulak', 102),
(3247, ' Kayu Aro', 102),
(3248, ' Gunung Tujuh', 102),
(3249, ' Rimbo Bujang', 109),
(3250, ' Tebo Ilir', 109),
(3251, ' Tebo Tengah', 109),
(3252, ' Tebo Ulu', 109),
(3253, ' Sumay', 109),
(3254, ' VII Koto', 109),
(3255, ' Rimbo Ilir', 109),
(3256, ' Rimbo Ulu', 109),
(3257, ' Tengah Ilir', 109),
(3258, ' Serai Serumpun', 109),
(3259, ' VII Koto Ilir', 109),
(3260, ' Muara Tabir', 109),
(3261, ' Jambi Luar Kota', 106),
(3262, ' Mestong', 106),
(3263, ' Kumpeh Ulu', 106),
(3264, ' Sekernan', 106),
(3265, ' Maro Sebo', 106),
(3266, ' Kumpeh', 106),
(3267, ' Sungai Bahar', 106),
(3268, ' Sungai Gelam', 106),
(3269, ' Muara Sabak', 107),
(3270, ' Mendahara', 107),
(3271, ' Dendang', 107),
(3272, ' Nipah Panjang', 107),
(3273, ' Rantau Rasau', 107),
(3274, ' Sadu', 107),
(3275, ' Mendahara Ulu', 107),
(3276, ' Geragai', 107),
(3277, ' Muara Sabak Barat', 107),
(3278, ' Muara Sabak Timur', 107),
(3279, ' Kuala Jambi', 107),
(3280, ' Berbak', 107),
(3281, ' Jangkat', 103),
(3282, ' Bangko', 103),
(3283, ' Pamenang', 103),
(3284, ' Muara Siau', 103),
(3285, ' Sungai Manau', 103),
(3286, ' Tabir', 103),
(3287, ' Tabir Ulu', 103),
(3288, ' Lembah Masuarai', 103),
(3289, ' Tabir Selatan', 103),
(3290, ' Bangko Barat', 103),
(3291, ' Nalo Tantan', 103),
(3292, ' Batang Masumai', 103),
(3293, ' Pamenang Barat', 103),
(3294, ' Tabir Ilir', 103),
(3295, ' Tabir Timur', 103),
(3296, ' Renah Pemparap', 103),
(3297, ' Pangkalan Jambu', 103),
(3298, ' Sungai Tenang', 103),
(3299, ' Tiang Pumpung', 103),
(3300, ' Renah Pamenang ', 103),
(3301, ' Pamenang Selatan', 103),
(3302, ' Tabir Lintas', 103),
(3303, ' Margo Tabir', 103),
(3304, ' Tabir Barat', 103),
(3305, ' Tanah Kampung', 112),
(3306, ' Sungai Penuh', 112),
(3307, ' Hamparan Rawang', 112),
(3308, ' Pesisir Bukit', 112),
(3309, ' Kumun Debai', 112),
(3310, ' Kota Baru', 111),
(3311, ' Jambi Selatan', 111),
(3312, ' Jelutung', 111),
(3313, ' Pasar Jambi', 111),
(3314, ' Telanai Pura', 111),
(3315, ' Danau Teluk', 111),
(3316, ' Pelayangan', 111),
(3317, ' Jambi Timur', 111),
(3318, ' Sanga Desa', 127),
(3319, ' Babat Toman', 127),
(3320, ' Sungai Keruh', 127),
(3321, ' Sekayu', 127),
(3322, ' Sungai Lilin', 127),
(3323, ' Bayung Lencir', 127),
(3324, ' Lais', 127),
(3325, ' Batanghari Leko', 127),
(3326, ' Keluang', 127),
(3327, ' Plakat Tinggi', 127),
(3328, ' Lalan', 127),
(3329, ' Lempuing', 130),
(3330, ' Mesuji', 130),
(3331, ' Tulung Selapan', 130),
(3332, ' Pedamaran', 130),
(3333, ' Kota Ayu Agung', 130),
(3334, ' Sirah Pulau Padang', 130),
(3335, ' Pampangan', 130),
(3336, ' Air Sugihan', 130),
(3337, ' Cengal', 130),
(3338, ' Jejawi', 130),
(3339, ' Sungai Menang', 130),
(3340, ' Lempuing Jaya', 130),
(3341, ' Mesuji Makmur', 130),
(3342, ' Mesuji Raya', 130),
(3343, ' Pedamaran Timur', 130),
(3344, ' Teluk Gelam', 130),
(3345, ' Pangkalan Lapam', 130),
(3346, ' Tanjung Lubuk', 130),
(3347, ' Sosoh Buay Rayap', 131),
(3348, ' Pengandonan', 131),
(3349, ' Peninjauan', 131),
(3350, ' Lubuk Batang', 131),
(3351, ' Ulu Ogan', 131),
(3352, ' Semidang Aji', 131),
(3353, ' Lengkiti', 131),
(3354, ' Baturaja Timur', 131),
(3355, ' Baturaja Barat', 131),
(3356, ' Sinar Peninjauan', 131),
(3357, ' Lubuk Raja', 131),
(3358, ' Semende Darat Laut', 126),
(3359, ' Tanjung Agung', 126),
(3360, ' Lawang Kidul', 126),
(3361, ' Muara Enim', 126),
(3362, ' Gunung Megang', 126),
(3363, ' Talang Ubi', 126),
(3364, ' Gelumbang', 126),
(3365, ' Sungai Rotan', 126),
(3366, ' Lembak', 126),
(3367, ' Benakat', 126),
(3368, ' Ujan Mas', 126),
(3369, ' Penukal ', 126),
(3370, ' Penukal Utara', 126),
(3371, ' Tanah Abang', 126),
(3372, ' Lubai', 126),
(3373, ' Rambang', 126),
(3374, ' Semende Darat Ulu', 126),
(3375, ' Semende Darat Tengah', 126),
(3376, ' Rambang Dangku', 126),
(3377, ' Abab', 126),
(3378, ' Kelekar', 126),
(3379, ' Muara Belida', 126),
(3380, ' Kota Agung', 125),
(3381, ' Pulau Pinang', 125),
(3382, ' Gumay Ulu', 125),
(3383, ' Jarai', 125),
(3384, ' Kikim Timur', 125),
(3385, ' Lahat', 125),
(3386, ' Merapi Selatan', 125),
(3387, ' Mulak Ulu', 125),
(3388, ' Pajar Bulan', 125),
(3389, ' Kikim Selatan', 125),
(3390, ' Kikim Barat', 125),
(3391, ' Kikim Tengah', 125),
(3392, ' Tanjung Sakti Pumi', 125),
(3393, ' Tanjung Sakti Pumu', 125),
(3394, ' Merapi Barat', 125),
(3395, ' Pseksu', 125),
(3396, ' Gumay Talang', 125),
(3397, ' Pagar Gunung', 125),
(3398, ' Merapi Timur', 125),
(3399, ' Rawas Ulu', 128),
(3400, ' Rupit', 128),
(3401, ' Tugu Mulyo', 128),
(3402, ' Muara Beliti', 128),
(3403, ' Jayaloka', 128),
(3404, ' Muara Kelingi', 128),
(3405, ' Muara Lakitan', 128),
(3406, ' Megang Sakti', 128),
(3407, ' Rawas Ilir', 128),
(3408, ' Purwodadi', 128),
(3409, ' Selangit', 128),
(3410, ' Karang Jaya', 128),
(3411, ' Karang Dapo', 128),
(3412, ' Bulan Tengah Suku Ulu', 128),
(3413, ' Ulu Rawas', 128),
(3414, ' Nibung', 128),
(3415, ' STL  Ulu Terawas ', 128),
(3416, ' Tiang Pumpung Kepungut', 128),
(3417, ' Sumber Harta', 128),
(3418, ' Tanah Negeri', 128),
(3419, ' Suka Karya', 128),
(3420, ' Rantau Bayur', 123),
(3421, ' Talang Kelapa', 123),
(3422, ' Banyuasin III', 123),
(3423, ' Betung', 123),
(3424, ' Makarti Jaya', 123),
(3425, ' Banyuasin I', 123),
(3426, ' Banyuasin II', 123),
(3427, ' Rambutan', 123),
(3428, ' Muara Telang', 123),
(3429, ' Muara Padang', 123),
(3430, ' Tanjung Lago', 123),
(3431, ' Muara Sugihan', 123),
(3432, ' Air Salek', 123),
(3433, ' Tungkal Ilir', 123),
(3434, ' Pulau Rimau', 123),
(3435, ' Martapura', 133),
(3436, ' Buay Madang', 133),
(3437, ' Cempaka', 133),
(3438, ' Madang Suku I', 133),
(3439, ' Madang Suku II', 133),
(3440, ' Belitang I', 133),
(3441, ' Belitang II', 133),
(3442, ' Belitang III', 133),
(3443, ' Buay Pemuka Peliung', 133),
(3444, ' Semendawai Suku III', 133),
(3445, ' Bunga Mayang', 133),
(3446, ' Buay Madang Timur', 133),
(3447, ' Madang Suku III', 133),
(3448, ' Semendawai Barat', 133),
(3449, ' Semendawai Timur', 133),
(3450, ' Jayapura', 133),
(3451, ' Belitang Jaya', 133),
(3452, ' Belitang Madang Raya', 133),
(3453, ' Buay Pemuka Bangsa Raja', 133),
(3454, ' Belitang Mulia', 133),
(3455, ' Banding Agung', 132),
(3456, ' Pulau Beringin', 132),
(3457, ' Muaradua Kisam', 132),
(3458, ' Muaradua', 132),
(3459, ' Simpang', 132),
(3460, ' Buay Sandang Aji', 132),
(3461, ' Buay Runjung', 132),
(3462, ' Buay Pemaca', 132),
(3463, ' Mekakau Ilir', 132),
(3464, ' Kisam Tinggi', 132),
(3465, ' Kisam Ilir', 132),
(3466, ' Buay Pematang Ribu Ranau Teng', 132),
(3467, ' Warkuk Ranau Selatan', 132),
(3468, ' Runjung Agung', 132),
(3469, ' Sungai Are', 132),
(3470, ' Sidang Danau', 132),
(3471, ' Buana Pemaca', 132),
(3472, ' Tiga Dihaji', 132),
(3473, ' Buay Rawan', 132),
(3474, ' Tanjung Raja', 129),
(3475, ' Muara Kuang', 129),
(3476, ' Tanjung Batu', 129),
(3477, ' Indralaya', 129),
(3478, ' Pemulutan', 129),
(3479, ' Rantau Alai', 129),
(3480, ' Rambang Kuang', 129),
(3481, ' Lubuk Keliat', 129),
(3482, ' Payaraman', 129),
(3483, ' Kandis', 129),
(3484, ' Pemulutan Selatan', 129),
(3485, ' Pemulutan Barat', 129),
(3486, ' Indralaya Selatan', 129),
(3487, ' Indralaya Utara', 129),
(3488, ' Rantau Panjang', 129),
(3489, ' Sungai Pinang', 129),
(3490, ' Lintang Kanan', 124),
(3491, ' Muara Pinang', 124),
(3492, ' Pasemah Air Keruh', 124),
(3493, ' Pendopo', 124),
(3494, ' Talang Padang', 124),
(3495, ' Tebing Tinggi', 124),
(3496, ' Ulu Musi', 124),
(3497, ' Ilir Barat II', 136),
(3498, ' Seberang Ulu I', 136),
(3499, ' Seberang Ulu II', 136),
(3500, ' Ilir Barat I', 136),
(3501, ' Ilir Timur I', 136),
(3502, ' Ilir Timur II', 136),
(3503, ' Sako', 136),
(3504, ' Sukarami', 136),
(3505, ' Kemuning', 136),
(3506, ' Plaju', 136),
(3507, ' Kertapati', 136),
(3508, ' Gandus', 136),
(3509, ' Bukit Kecil', 136),
(3510, ' Kalidoni', 136),
(3511, ' Alang-Alang Lebar', 136),
(3512, ' Sematang Borang', 136),
(3513, ' Prabumulih Timur', 137),
(3514, ' Prabumulih Barat', 137),
(3515, ' Cambai', 137),
(3516, ' Rambang Kapak Tengah', 137),
(3517, ' Prabumulih Utara', 137),
(3518, ' Prabumulih Selatan', 137),
(3519, ' Lubuk Linggau Barat I', 134),
(3520, ' Lubuk Linggau Timur I', 134),
(3521, ' Lubuk Linggau Selatan I', 134),
(3522, ' Lubuk Linggau Utara I', 134),
(3523, ' Lubuk Linggau Barat II', 134),
(3524, ' Lubuk Linggau Timur II', 134),
(3525, ' Lubuk Linggau Selatan II', 134),
(3526, ' Lubuk Linggau Utara II', 134),
(3527, ' Pagar Alam Utara', 135),
(3528, ' Pagar Alam Selatan', 135),
(3529, ' Dempo Utara', 135),
(3530, ' Dempo Selatan', 135),
(3531, ' Dempo Tengah', 135),
(3532, ' Mendo Barat', 95),
(3533, ' Merawang', 95),
(3534, ' Sungai Liat', 95),
(3535, ' Belinyu', 95),
(3536, ' Bakam', 95),
(3537, ' Pemali', 95),
(3538, ' Riau Silip', 95),
(3539, ' Puding Besar', 95),
(3540, ' Membalong', 99),
(3541, ' Sijuk', 99),
(3542, ' Badau', 99),
(3543, ' Selat Nasik', 99),
(3544, ' Tanjung Pandan', 99),
(3545, ' Koba', 98),
(3546, ' Lubuk Besar', 98),
(3547, ' Sungai Selan', 98),
(3548, ' Simpang Katis', 98),
(3549, ' Pangkalan Baru', 98),
(3550, ' Namang', 98),
(3551, ' Kelapa', 96),
(3552, ' Tempilang', 96),
(3553, ' Simpang Teritip', 96),
(3554, ' Jebus', 96),
(3555, ' Mentok', 96),
(3556, ' Payung', 97),
(3557, ' Pulau Besar', 97),
(3558, ' Simpang Rimba', 97),
(3559, ' Toboali', 97),
(3560, ' Tukak Sadai', 97),
(3561, ' Air Gegas', 97),
(3562, ' Lepar Pongok', 97),
(3563, ' Dendang', 100),
(3564, ' Gantung', 100),
(3565, ' Manggar', 100),
(3566, ' Kelapa Kampit', 100),
(3567, ' Rangkui', 101),
(3568, ' Bukit Intan', 101),
(3569, ' Pangkal Balam', 101),
(3570, ' Tamansari', 101),
(3571, ' Gerunggang', 101),
(3572, ' Enggano', 115),
(3573, ' Talang Empat', 115),
(3574, ' Karang Tinggi', 115),
(3575, ' Taba Penanjung', 115),
(3576, '" Pagar Jati', NULL),
(3577, '"', 115),
(3578, ' Pondok Kelapa', 115),
(3579, ' Pematang Tiga', 115),
(3580, ' Kerkap', 115),
(3581, ' Air Napal', 115),
(3582, ' Air Besi', 115),
(3583, ' Arga Makmur', 115),
(3584, ' Lais', 115),
(3585, ' Batik Nau', 115),
(3586, ' Giri Mulia', 115),
(3587, ' Padang Jaya', 115),
(3588, ' Ketahun', 115),
(3589, ' Napal Putih', 115),
(3590, ' Putri Hijau', 115),
(3591, ' Kota Padang', 120),
(3592, ' Padang Ulang Tanding', 120),
(3593, ' Curup', 120),
(3594, ' Sindang Kelingi', 120),
(3595, ' Bermani Ulu', 120),
(3596, ' Selupu Rejang', 120),
(3597, ' Sindang Beliti Ilir', 120),
(3598, ' Bindu Riang', 120),
(3599, ' Sindang Beliti Ulu', 120),
(3600, ' Sindang Dataran', 120),
(3601, ' Curup Selatan', 120),
(3602, ' Curup Tengah', 120),
(3603, ' Bermani Ulu Raya', 120),
(3604, ' Curup Utara', 120),
(3605, ' Curup Timur', 120),
(3606, ' Manna', 113),
(3607, ' Seginim', 113),
(3608, ' Pino', 113),
(3609, ' Kota Manna', 113),
(3610, ' Pinoraya', 113),
(3611, ' Kedurang', 113),
(3612, ' Bunga Mas', 113),
(3613, ' Pasar Manna', 113),
(3614, ' Kedurang Ilir', 113),
(3615, ' Air Nipis', 113),
(3616, ' Ulu Manna', 113),
(3617, ' Muko-Muko Selatan', 119),
(3618, ' Air Rami', 119),
(3619, ' Malin Deman', 119),
(3620, ' Pondok Suguh', 119),
(3621, ' Sungai Rumbai', 119),
(3622, ' Teramang Jaya', 119),
(3623, ' Teras Terunjam', 119),
(3624, ' Penarik', 119),
(3625, ' Selagan Raya', 119),
(3626, ' Muko-Muko Utara', 119),
(3627, ' Air Dikit', 119),
(3628, ' XIV Koto', 119),
(3629, ' Lubuk Pinang', 119),
(3630, ' Air Manjunto', 119),
(3631, ' V Koto', 119),
(3632, ' Kepahiang', 117),
(3633, ' Bermani Ilir', 117),
(3634, ' Tebat Karai', 117),
(3635, ' Ujan Mas', 117),
(3636, ' Muara Kemumu', 117),
(3637, ' Seberang Musi', 117),
(3638, ' Kaba Wetan', 117),
(3639, ' Merigi', 117),
(3640, ' Lebong Selatan', 118),
(3641, ' Lebong Utara', 118),
(3642, ' Rimbo Pegadang', 118),
(3643, ' Lebong Tengah', 118),
(3644, ' Lebong Atas', 118),
(3645, ' Padang Bano', 118),
(3646, ' Kaur Selatan', 116),
(3647, ' Kaur Tengah', 116),
(3648, ' Kaur Utara', 116),
(3649, ' Maje', 116),
(3650, ' Nasal', 116),
(3651, ' Kinal', 116),
(3652, ' Tanjung Kemuning', 116),
(3653, ' Muara Tetap', 116),
(3654, ' Luas', 116),
(3655, ' Muara Sahung', 116),
(3656, ' Semidang Gumai', 116),
(3657, ' Kelam Tengah', 116),
(3658, ' Padang Guci Hilir', 116),
(3659, ' Padang Guci Ulu', 116),
(3660, ' Lungkang Kule', 116),
(3661, ' Talo', 121),
(3662, ' Seluma', 121),
(3663, ' Sukaraja', 121),
(3664, ' Semidang Alas Maras', 121),
(3665, ' Semidang Alas', 121),
(3666, ' Ilir Talo', 121),
(3667, ' Talo Kecil', 121),
(3668, ' Ulu Talo', 121),
(3669, ' Seluma Selatan', 121),
(3670, ' Seluma Barat', 121),
(3671, ' Seluma Timur', 121),
(3672, ' Seluma Utara', 121),
(3673, ' Air Periukan', 121),
(3674, ' Lubuk Sandi', 121),
(3675, ' Talang Empat', 114),
(3676, ' Karang Tinggi', 114),
(3677, ' Taba Penanjung', 114),
(3678, '" Pagar Jati', NULL),
(3679, '"', 114),
(3680, ' Pondok Kelapa', 114),
(3681, ' Pematang Tiga', 114),
(3682, ' Selebar', 122),
(3683, ' Gading Cempaka', 122),
(3684, ' Teluk Segara', 122),
(3685, ' Muara Bangkahulu', 122),
(3686, ' Kampung Melayu', 122),
(3687, ' Ratu Agung', 122),
(3688, ' Ratu Samban', 122),
(3689, ' Sungai  Serut', 122),
(3690, ' Natar', 139),
(3691, ' Jati Agung', 139),
(3692, ' Tanjung Bintang', 139),
(3693, ' Katibung', 139),
(3694, ' Sidomulyo', 139),
(3695, ' Kalianda', 139),
(3696, ' Palas', 139),
(3697, ' Penengahan', 139),
(3698, ' Merbau Mataram', 139),
(3699, ' Candipuro', 139),
(3700, ' Rajabasa', 139),
(3701, ' Sragi', 139),
(3702, ' Ketapang', 139),
(3703, ' Padang Ratu', 140),
(3704, ' Kalirejo', 140),
(3705, ' Bangunrejo', 140),
(3706, ' Gunung Sugih', 140),
(3707, ' Trimurjo', 140),
(3708, ' Punggur', 140),
(3709, ' Seputih Raman', 140),
(3710, ' Terbanggi Besar', 140),
(3711, ' Terusan Nunyai', 140),
(3712, ' Seputih Mataram', 140),
(3713, ' Seputih Banyak', 140),
(3714, ' Rumbia', 140),
(3715, ' Seputih Surabaya', 140),
(3716, ' Bumi Ratu Nuban', 140),
(3717, ' Way Pengubuan', 140),
(3718, ' Seputih Agung', 140),
(3719, ' Bandar Mataram', 140),
(3720, ' Sendang Agung', 140),
(3721, ' Anak Tuha', 140),
(3722, ' Pubian', 140),
(3723, ' Bandar Surabaya', 140),
(3724, ' Bumi Nabung', 140),
(3725, ' Way Seputih', 140),
(3726, ' Kota Gajah', 140),
(3727, ' Selagai Lingga', 140),
(3728, ' Bekri', 140),
(3729, ' Anak Ratu Aji', 140),
(3730, ' Putra Rumbia', 140),
(3731, ' Bukit Kemuning', 142),
(3732, ' Tanjung Raja', 142),
(3733, ' Abung Barat', 142),
(3734, ' Kotabumi Kota', 142),
(3735, ' Abung Selatan', 142),
(3736, ' Abung Timur', 142),
(3737, ' Sungkai Selatan', 142),
(3738, ' Sungkai Utara', 142),
(3739, ' Abung Tinggi', 142),
(3740, ' Abung Tengah', 142),
(3741, ' Kotabumi Utara', 142),
(3742, ' Kotabumi Selatan', 142),
(3743, ' Abung Semuli', 142),
(3744, ' Abung Surakarta', 142),
(3745, ' Muara Sungkai', 142),
(3746, ' Bunga Mayang', 142),
(3747, ' Hulu Sungkai', 142),
(3748, ' Sungkai Tengah', 142),
(3749, ' Abung Pekurun', 142),
(3750, ' Sungkai Jaya', 142),
(3751, ' Sungkai Barat', 142),
(3752, ' Abung Kunang', 142),
(3753, ' Blambangan Pagar', 142),
(3754, ' Pesisir Selatan', 138),
(3755, ' Pesisir Tengah', 138),
(3756, ' Pesisir Utara', 138),
(3757, ' Balik Bukit', 138),
(3758, ' Belalau', 138),
(3759, ' Sumber Jaya', 138),
(3760, ' Sekincau', 138),
(3761, ' Bengkunat', 138),
(3762, ' Bengkunat Belimbing', 138),
(3763, ' Ngambur', 138),
(3764, ' Batu Brak', 138),
(3765, ' Karyapenggawa', 138),
(3766, ' Lemong', 138),
(3767, ' Waytenong', 138),
(3768, ' Gedung Surian', 138),
(3769, ' Sukau', 138),
(3770, ' Suoh', 138),
(3771, ' Banjar Agung', 147),
(3772, ' Gedung Aji', 147),
(3773, ' Manggala', 147),
(3774, ' Penawartama', 147),
(3775, ' Rawajitu Selatan', 147),
(3776, ' Gedung Meneng', 147),
(3777, ' Banjar Margo', 147),
(3778, ' Penawar Aji', 147),
(3779, ' Rawa Pitu', 147),
(3780, ' Rawajitu Timur', 147),
(3781, ' Meraksa Aji', 147),
(3782, ' Gedung AJI Baru', 147),
(3783, ' Dente Teladas', 147),
(3784, ' Wonosobo', 146),
(3785, ' Kota Agung', 146),
(3786, ' Pulau Panggung', 146),
(3787, ' Talang Padang', 146),
(3788, ' Pugung', 146),
(3789, ' Cukuh Balak', 146),
(3790, ' Pematang Sawa', 146),
(3791, ' Sumberejo', 146),
(3792, ' Semaka', 146),
(3793, ' Ulu Belu', 146),
(3794, ' Kelumbayan', 146),
(3795, 'Kota Agung Barat', 146),
(3796, 'Kota Agung Timur', 146),
(3797, ' Gisting', 146),
(3798, ' Gunung Alip', 146),
(3799, ' Limau', 146),
(3800, ' Bandar Negeri Semuong', 146),
(3801, ' Air Naningan', 146),
(3802, ' Bulok', 146),
(3803, ' Kelumbayan Barat', 146),
(3804, ' Metro Kibang', 141),
(3805, ' Batanghari', 141),
(3806, ' Sekampung', 141),
(3807, ' Margatiga', 141),
(3808, ' Sekampung Udik', 141),
(3809, ' Jabung', 141),
(3810, ' Labuhan Maringgai', 141),
(3811, ' Way Jepara', 141),
(3812, ' Sukadana', 141),
(3813, ' Pekalongan', 141),
(3814, ' Raman Utara', 141),
(3815, ' Purbolinggo', 141),
(3816, ' Bumi Agung', 141),
(3817, ' Braja Slebah', 141),
(3818, ' Bandar Sribawono', 141),
(3819, ' Mataram Baru', 141),
(3820, ' Melinting', 141),
(3821, ' Gunung Pelindung', 141),
(3822, ' Waway Karya', 141),
(3823, ' Pasir Sakti', 141),
(3824, ' Labuhan Ratu', 141),
(3825, ' Batanghari Nuban', 141),
(3826, ' Way Bungur', 141),
(3827, ' Marga Sekampung', 141),
(3828, ' Banjit', 149),
(3829, ' Baradatu', 149),
(3830, ' Kasui', 149),
(3831, ' Blambangan Umpu', 149),
(3832, ' Bahuga', 149),
(3833, ' Pakuan Ratu', 149),
(3834, ' Gunung Labuhan', 149),
(3835, ' Rebang Tangkas', 149),
(3836, ' Way Tuba', 149),
(3837, ' Negeri Agung', 149),
(3838, ' Negara Batin', 149),
(3839, ' Negeri Besar', 149),
(3840, ' Buay Bahuga', 149),
(3841, ' Bumi Agung', 149),
(3842, ' Padang Cermin', 144),
(3843, ' Punduh Pedada', 144),
(3844, ' Kedondong', 144),
(3845, ' Way Lima', 144),
(3846, ' Gedung Tataan', 144),
(3847, ' Negeri Katon', 144),
(3848, ' Tegineneng', 144),
(3849, ' Pagelaran', 145),
(3850, ' Sukoharjo', 145),
(3851, ' Adiluwih', 145),
(3852, ' Banyumas', 145),
(3853, ' Pringsewu', 145),
(3854, ' Ambarawa', 145),
(3855, ' Gadingrejo', 145),
(3856, ' Pardasuka', 145),
(3857, ' Mesuji', 143),
(3858, ' Tanjung Raya', 143),
(3859, ' Rawajitu Utara', 143),
(3860, ' Mesuji Timur', 143),
(3861, ' Simpang Pematang', 143),
(3862, ' Way Serdang', 143),
(3863, ' Panca Jaya', 143),
(3864, ' Tulang Bawang Udik', 148),
(3865, ' Tumijajar', 148),
(3866, ' Tulang Bawang Tengah', 148),
(3867, ' Lambu Kibang', 148),
(3868, ' Pagar Dewa', 148),
(3869, ' Way Kenanga', 148),
(3870, ' Gunung Terang', 148),
(3871, ' Gunung Agung', 148),
(3872, ' Teluk Betung Barat', 150),
(3873, ' Teluk Betung Selatan', 150),
(3874, ' Panjang', 150),
(3875, ' Tanjung Karang Timur', 150),
(3876, ' Teluk Betung Utara', 150),
(3877, ' Tanjung Karang Pusat', 150),
(3878, ' Tanjung Karang Barat', 150),
(3879, ' Kedaton', 150),
(3880, ' Sukarame', 150),
(3881, ' Kemiling', 150),
(3882, ' Rajabasa', 150),
(3883, ' Tanjung Senang', 150),
(3884, ' Sukabumi', 150),
(3885, ' Metro Pusat', 151),
(3886, ' Metro Utara', 151),
(3887, ' Metro Barat', 151),
(3888, ' Metro Timur', 151),
(3889, ' Metro Selatan', 151),
(3890, ' Selakau', 318),
(3891, ' Pemangkat', 318),
(3892, ' Tebas', 318),
(3893, ' Sambas', 318),
(3894, ' Jawai', 318),
(3895, ' Teluk Keramat', 318),
(3896, ' Sejangkung', 318),
(3897, ' Sajingan Besar', 318),
(3898, ' Paloh', 318),
(3899, ' Subah', 318),
(3900, ' Galing', 318),
(3901, ' Semparuk', 318),
(3902, ' Tekarang', 318),
(3903, ' Sajad', 318),
(3904, ' Sebawi', 318),
(3905, ' Jawai Selatan', 318),
(3906, ' Tangaran', 318),
(3907, ' Selakau Tua', 318),
(3908, ' Salatiga', 318),
(3909, ' Siantan', 317),
(3910, ' Sungai Pinyuh', 317),
(3911, ' Mempawah Hilir', 317),
(3912, ' Sungai Kunyit', 317),
(3913, ' Toho', 317),
(3914, ' Segedong', 317),
(3915, ' Anjongan', 317),
(3916, ' Sadaniang', 317),
(3917, ' Mempawah Timur', 317),
(3918, ' Toba', 319),
(3919, ' Meliau', 319),
(3920, ' Sanggau Kapuas', 319),
(3921, ' Mokok', 319),
(3922, ' Jangkang', 319),
(3923, ' Bonti', 319),
(3924, ' Parindu', 319),
(3925, ' Tayan Hilir', 319),
(3926, ' Balai', 319),
(3927, ' Tayan Hulu', 319),
(3928, ' Kembayan', 319),
(3929, ' Beduwai', 319),
(3930, ' Noyan', 319),
(3931, ' Sekayan', 319),
(3932, ' Entikong', 319),
(3933, ' Nanga Serawai', 321),
(3934, ' Ambalau', 321),
(3935, ' Kayan Hulu', 321),
(3936, ' Sepauk', 321),
(3937, ' Tempunak', 321),
(3938, ' Sungai Tebelian', 321),
(3939, ' Sintang', 321),
(3940, ' Dedai', 321),
(3941, ' Kayan Hilir', 321),
(3942, ' Kelam Permai', 321),
(3943, ' Binjai Hulu', 321),
(3944, ' Ketungau Hilir', 321),
(3945, ' Ketungau Tengah', 321),
(3946, ' Ketungau Hulu', 321),
(3947, ' Silat Hilir', 311),
(3948, ' Silat Hulu', 311),
(3949, ' Hulu Gurung', 311),
(3950, ' Bunut Hulu', 311),
(3951, ' Mentebah', 311),
(3952, ' Manday', 311),
(3953, ' Kalis', 311),
(3954, ' Kedamin', 311),
(3955, ' Embaloh Hilir', 311),
(3956, ' Bunut Hilir', 311),
(3957, ' Boyan Tanjung', 311),
(3958, ' Batu Datu', 311),
(3959, ' Embau', 311),
(3960, ' Selimbau', 311),
(3961, ' Suhaid', 311),
(3962, ' Seberuang', 311),
(3963, ' Semitau', 311),
(3964, ' Empanang', 311),
(3965, ' Puring Kencana', 311),
(3966, ' Badau', 311),
(3967, ' Batang Lupar', 311),
(3968, ' Embaloh Hulu', 311),
(3969, ' Putussibau', 311),
(3970, ' Hulu Kapuas', 311),
(3971, ' Danau Sentarum', 311),
(3972, ' Kendawangan', 313),
(3973, ' Manis Mata', 313),
(3974, ' Marau', 313),
(3975, ' Jelai Hulu', 313),
(3976, ' Tumbang Titi', 313),
(3977, ' Matan Hilir Selatan', 313),
(3978, ' Matan Hilir Utara', 313),
(3979, ' Nanga Tayap', 313),
(3980, ' Sandai', 313),
(3981, ' Sungai Laur', 313),
(3982, ' Simpang Hulu', 313),
(3983, ' Muara Pawan', 313),
(3984, ' Delta Pawan', 313),
(3985, ' Simpang Dua', 313),
(3986, ' Benua Kayong', 313),
(3987, ' Hulu Sungai', 313),
(3988, ' Air Upas', 313),
(3989, ' Singkup', 313);
INSERT INTO `master_kecam` (`kecam_id`, `nama_kecam`, `kota_id`) VALUES
(3990, ' Pemahan', 313),
(3991, ' Sungai Melayu Rayek', 313),
(3992, ' Sungai Raya', 310),
(3993, ' Capkala', 310),
(3994, ' Samalantan', 310),
(3995, ' Bengkayang', 310),
(3996, ' Ledo', 310),
(3997, ' Sanggau Ledo', 310),
(3998, ' Seluas', 310),
(3999, ' Jagoi Babang', 310),
(4000, ' Teriak', 310),
(4001, ' Monterado', 310),
(4002, ' Suti Semarang', 310),
(4003, ' Siding', 310),
(4004, ' Lumar', 310),
(4005, ' Sungai Betung', 310),
(4006, ' Sungai Raya Kepulauan', 310),
(4007, ' Lembah Bawang', 310),
(4008, ' Sebangki', 315),
(4009, ' Ngabang', 315),
(4010, ' Sengah Temila', 315),
(4011, ' Mandor', 315),
(4012, ' Menjalin', 315),
(4013, ' Mempawah Hulu', 315),
(4014, ' Menyuke', 315),
(4015, ' Meranti', 315),
(4016, ' Kuala Behe', 315),
(4017, ' Air Besar', 315),
(4018, ' Jelimpo', 315),
(4019, ' Sompak', 315),
(4020, ' Banyuke Hulu', 315),
(4021, ' Nanga Mahap', 320),
(4022, ' Nanga Taman', 320),
(4023, ' Sekadau Hulu', 320),
(4024, ' Sekadau Hilir', 320),
(4025, ' Belitang', 320),
(4026, ' Belitang Hilir', 320),
(4027, ' Belitang Hulu', 320),
(4028, ' Sokan', 316),
(4029, ' Tanah Pinoh', 316),
(4030, ' Sayan', 316),
(4031, ' Ella Hilir', 316),
(4032, ' Menukung', 316),
(4033, ' Nanga Pinoh', 316),
(4034, ' Belimbing', 316),
(4035, ' Tanah Pinoh Barat', 316),
(4036, ' Belimbing Hulu', 316),
(4037, ' Pinoh Selatan', 316),
(4038, ' Pinoh Utara', 316),
(4039, ' Pulau Maya Karimata', 312),
(4040, ' Simpang Hilir', 312),
(4041, ' Sukadana', 312),
(4042, ' Teluk Batang', 312),
(4043, ' Seponti', 312),
(4044, ' Kuala Mandor B', 314),
(4045, ' Sungai Ambawang', 314),
(4046, ' Sungai Kakap', 314),
(4047, ' Telok Pakedai', 314),
(4048, ' Terentang', 314),
(4049, ' Sungai Raya', 314),
(4050, ' Batu Ampar', 314),
(4051, ' Kubu', 314),
(4052, ' Rasau Jaya', 314),
(4053, ' Pontianak Selatan', 322),
(4054, ' Pontianak Timur', 322),
(4055, ' Pontianak Barat', 322),
(4056, ' Pontianak Utara', 322),
(4057, ' Pontianak Kota', 322),
(4058, ' Pontianak Tenggara', 322),
(4059, ' Singkawang Selatan', 323),
(4060, ' Singkawang Timur', 323),
(4061, ' Singkawang Utara', 323),
(4062, ' Singkawang Barat', 323),
(4063, ' Singkawang Tengah', 323),
(4064, ' Kapuas Kuala', 328),
(4065, ' Kapuas Timur', 328),
(4066, ' Selat', 328),
(4067, ' Basarang', 328),
(4068, ' Kapuas Hilir', 328),
(4069, ' Pulau Petak', 328),
(4070, ' Kapuas Murung', 328),
(4071, ' Kapuas Barat', 328),
(4072, ' Mantangai', 328),
(4073, ' Timpah', 328),
(4074, ' Kapuas Tengah', 328),
(4075, ' Kapuas Hulu', 328),
(4076, ' Dusun Hilir', 324),
(4077, ' Jenamas', 324),
(4078, ' Karau Kuala', 324),
(4079, ' Dusun Selatan', 324),
(4080, ' Dusun Utara', 324),
(4081, ' Gunung Bintang Awai', 324),
(4082, ' Montallat', 326),
(4083, ' Gunung Timang', 326),
(4084, ' Gunung Purei', 326),
(4085, ' Teweh Timur', 326),
(4086, ' Teweh Tengah', 326),
(4087, ' Lahei', 326),
(4088, ' Mentaya Hilir Selatan', 331),
(4089, ' Pulau Hanaut', 331),
(4090, ' Mentawa Baru/Ketapang', 331),
(4091, ' Mentaya Hilir Utara', 331),
(4092, ' Kota Besi', 331),
(4093, ' Baamang', 331),
(4094, ' Cempaga', 331),
(4095, ' Parenggean', 331),
(4096, ' Mentaya Hulu', 331),
(4097, ' Antang Kalang', 331),
(4098, ' Teluk Sampit', 331),
(4099, ' Seranau', 331),
(4100, ' Cempaga Hulu', 331),
(4101, ' Bukit Santuei', 331),
(4102, ' Telawang', 331),
(4103, ' Kotawaringin Lama', 330),
(4104, ' Arut Selatan', 330),
(4105, ' Kumai', 330),
(4106, ' Arut Utara', 330),
(4107, ' Pangkalan Banteng', 330),
(4108, ' Pangkalan Lada', 330),
(4109, ' Katingan Kuala', 329),
(4110, ' Mendawai', 329),
(4111, ' Kamipang', 329),
(4112, ' Tasik Payawan', 329),
(4113, ' Katingan Hilir', 329),
(4114, ' Tewang Sanggalang Garing', 329),
(4115, ' Pulau Malan', 329),
(4116, ' Katingan Tengah', 329),
(4117, ' Katingan Hulu', 329),
(4118, ' Marikit', 329),
(4119, ' Sanaman Mantikei', 329),
(4120, ' Petak Malai', 329),
(4121, ' Bukit Raya', 329),
(4122, ' Seruyan Hilir', 335),
(4123, ' Danau Sembuluh', 335),
(4124, ' Hanau', 335),
(4125, ' Seruyan Tengah', 335),
(4126, ' Seruyan Hulu', 335),
(4127, ' Jelai', 336),
(4128, ' Sukamara', 336),
(4129, ' Balai Riam', 336),
(4130, ' Pantai Lunci', 336),
(4131, ' Permata Kecubung', 336),
(4132, ' Bulik', 332),
(4133, ' Lamandau', 332),
(4134, ' Delang', 332),
(4135, ' Bulik Timur', 332),
(4136, ' Mentobi Raya', 332),
(4137, ' Sematu Jaya', 332),
(4138, ' Belantikan Raya', 332),
(4139, ' Batang Kawa', 332),
(4140, ' Tewah', 327),
(4141, ' Kurun', 327),
(4142, ' Sepang', 327),
(4143, ' Rungan', 327),
(4144, ' Manuhing', 327),
(4145, ' Kahayan Hulu Utara', 327),
(4146, ' Mihing Raya', 327),
(4147, ' Damang Batu', 327),
(4148, ' Miri Manasa', 327),
(4149, ' Rungan Hulu', 327),
(4150, ' Manuhing Raya', 327),
(4151, ' Kahayan Kuala', 334),
(4152, ' Pandih Batu', 334),
(4153, ' Maliku', 334),
(4154, ' Kahayan Hilir', 334),
(4155, ' Kahayan Tengah', 334),
(4156, ' Banama Tingan', 334),
(4157, ' Sebangau Kuala', 334),
(4158, ' Jabiren Raya', 334),
(4159, ' Laung Tuhup', 333),
(4160, ' Murung', 333),
(4161, ' Permata Intan', 333),
(4162, ' Tanah Siang', 333),
(4163, ' Sumber Barito', 333),
(4164, ' Barito Tuhup Raya', 333),
(4165, ' Tanah Siang Selatan', 333),
(4166, ' Sungai Babuat', 333),
(4167, ' Seribu Riam', 333),
(4168, ' Uut Murung', 333),
(4169, ' Dusun Timur', 325),
(4170, ' Benua Lima', 325),
(4171, ' Patangkep Tutui', 325),
(4172, ' Awang Lapai', 325),
(4173, ' Dusun Tengah', 325),
(4174, ' Pematang Karau', 325),
(4175, ' Paju Epat', 325),
(4176, ' Reren Batuah', 325),
(4177, ' Paku', 325),
(4178, ' Pahandut', 337),
(4179, ' Bukit Batu', 337),
(4180, ' Sabangau', 337),
(4181, ' Jekan Raya', 337),
(4182, ' Rakumpit', 337),
(4183, ' Aluh-Aluh', 339),
(4184, ' Gambut', 339),
(4185, ' Kertak Hanyar', 339),
(4186, ' Sungai Tabuk', 339),
(4187, ' Martapura', 339),
(4188, ' Astambul', 339),
(4189, ' Karang Intan', 339),
(4190, ' Aranio', 339),
(4191, ' Sungai Pinang', 339),
(4192, ' Pengaron', 339),
(4193, ' Mataraman', 339),
(4194, ' Simpang Empat', 339),
(4195, ' Beruntung Baru', 339),
(4196, ' Martapura Barat', 339),
(4197, ' Martapura Timur', 339),
(4198, ' Paramasan', 339),
(4199, ' Tatah Makmur', 339),
(4200, ' Sambung Makmur', 339),
(4201, ' Telaga Bauntung', 339),
(4202, ' Panyipatan', 347),
(4203, ' Takisung', 347),
(4204, ' Kurau', 347),
(4205, ' Bati-Bati', 347),
(4206, ' Tambang Ulang', 347),
(4207, ' Pelaihari', 347),
(4208, ' Batu Ampar', 347),
(4209, ' Jorong', 347),
(4210, ' Kintap', 347),
(4211, ' Harapan Bumi Makmur', 347),
(4212, ' Bajuin', 347),
(4213, ' Tabunganen', 340),
(4214, ' Tamban', 340),
(4215, ' Mekarsari', 340),
(4216, ' Anjir Pasar', 340),
(4217, ' Anjir Muara', 340),
(4218, ' Alalak', 340),
(4219, ' Mandastana', 340),
(4220, ' Belawang', 340),
(4221, ' Wanaraya', 340),
(4222, ' Barambai', 340),
(4223, ' Rantau Badauh', 340),
(4224, ' Cerbon', 340),
(4225, ' Bakumpai', 340),
(4226, ' Marabahan', 340),
(4227, ' Tabukan', 340),
(4228, ' Kuripan', 340),
(4229, ' Jejangkit', 340),
(4230, ' Binuang', 348),
(4231, ' Tapin Selatan', 348),
(4232, ' Tapin Tengah', 348),
(4233, ' Bungur', 348),
(4234, ' Piani', 348),
(4235, ' Lokpaikat', 348),
(4236, ' Tapin Utara', 348),
(4237, ' Bakarangan', 348),
(4238, ' Candi Laras Selatan', 348),
(4239, ' Candi Laras Utara', 348),
(4240, ' Hatungun', 348),
(4241, ' Salam Babaris', 348),
(4242, ' Padang Batung', 341),
(4243, ' Loksado', 341),
(4244, ' Telaga Langsat', 341),
(4245, ' Angkinang', 341),
(4246, ' Kandangan', 341),
(4247, ' Sungai Raya', 341),
(4248, ' Simpur', 341),
(4249, ' Kalumpang', 341),
(4250, ' Daha Selatan', 341),
(4251, ' Daha Utara', 341),
(4252, ' Daha Barat', 341),
(4253, ' Haruyan', 342),
(4254, ' Batu Benawa', 342),
(4255, ' Hantakan', 342),
(4256, ' Batang Alai Selatan', 342),
(4257, ' Barabai', 342),
(4258, ' Labuan Amas Selatan', 342),
(4259, ' Labuan Amas Utara', 342),
(4260, ' Pendawan', 342),
(4261, ' Batang Alai Utara', 342),
(4262, ' Batang Alai Timur', 342),
(4263, ' Limpasu', 342),
(4264, ' Danau Panggang', 343),
(4265, ' Babirik', 343),
(4266, ' Sungai Pandan', 343),
(4267, ' Amuntai Selatan', 343),
(4268, ' Amuntai Tengah', 343),
(4269, ' Banjang', 343),
(4270, ' Amuntai Utara', 343),
(4271, ' Paminggir', 343),
(4272, ' Sungai Tabukan', 343),
(4273, ' Haur Gading', 343),
(4274, ' Banua Lawas', 345),
(4275, ' Pugaan', 345),
(4276, ' Kelua', 345),
(4277, ' Muara Harus', 345),
(4278, ' Tanta', 345),
(4279, ' Tanjung', 345),
(4280, ' Murung Pudak', 345),
(4281, ' Haruai', 345),
(4282, ' Upau', 345),
(4283, ' Muara Uya', 345),
(4284, ' Jaro', 345),
(4285, ' Bintang Ara', 345),
(4286, ' Pulau Sembilan', 344),
(4287, ' Pulau Laut Barat', 344),
(4288, ' Pulau Laut Selatan', 344),
(4289, ' Pulau Laut Timur', 344),
(4290, ' Pulau Sebuku', 344),
(4291, ' Pulau Laut Utara', 344),
(4292, ' Pulau Laut Tengah', 344),
(4293, ' Kelumpang Hilir', 344),
(4294, ' Kelumpang Barat', 344),
(4295, ' Kelumpang Selatan', 344),
(4296, ' Kelumpang Hulu', 344),
(4297, ' Hampang', 344),
(4298, ' Sungai Durian', 344),
(4299, ' Kelumpang Tengah', 344),
(4300, ' Kelumpang Utara', 344),
(4301, ' Pamukan Selatan', 344),
(4302, ' Sampanahan', 344),
(4303, ' Pamukan Utara', 344),
(4304, ' Pulau Laut Kepulauan', 344),
(4305, ' Pamukan Barat', 344),
(4306, ' Lampihong', 338),
(4307, ' Batu Mandi', 338),
(4308, ' Awayan', 338),
(4309, ' Paringin', 338),
(4310, ' Juai', 338),
(4311, ' Halong', 338),
(4312, ' Tebing Tinggi', 338),
(4313, ' Paringin Selatan', 338),
(4314, ' Kusan Hilir', 346),
(4315, ' Sungai Loban', 346),
(4316, ' Satui', 346),
(4317, ' Kusan Hulu', 346),
(4318, ' Batu Licin', 346),
(4319, ' Simpang Empat', 346),
(4320, ' Karang Bintang', 346),
(4321, ' Mantewe', 346),
(4322, ' Angsana', 346),
(4323, ' Kuranji', 346),
(4324, ' Banjarmasin Selatan', 350),
(4325, ' Banjarmasin Timur', 350),
(4326, ' Banjarmasin Barat', 350),
(4327, ' Banjarmasin Utara', 350),
(4328, ' Banjarmasin Tengah', 350),
(4329, ' Landasan Ulin', 349),
(4330, ' Cempaka', 349),
(4331, ' Banjarbaru Utara', 349),
(4332, ' Banjarbaru Selatan', 349),
(4333, ' Liang Anggang', 349),
(4334, ' Batu Sopang', 358),
(4335, ' Tanjung Harapan', 358),
(4336, ' Pasir Balengkong', 358),
(4337, ' Tanah Grogot', 358),
(4338, ' Kuaro', 358),
(4339, ' Long Ikis', 358),
(4340, ' Muara Koman', 358),
(4341, ' Long Kali', 358),
(4342, ' Muara Samu', 358),
(4343, ' Batu Engau', 358),
(4344, ' Semboja', 354),
(4345, ' Muara Jawa', 354),
(4346, ' Sanga-Sanga', 354),
(4347, ' Loa Janan', 354),
(4348, ' Loa Kulu', 354),
(4349, ' Muara Muntai', 354),
(4350, ' Muara Wis', 354),
(4351, ' Kotabangun', 354),
(4352, ' Tenggarong', 354),
(4353, ' Sebulu', 354),
(4354, ' Tenggarong Seberang', 354),
(4355, ' Anggana', 354),
(4356, ' Muara Badak', 354),
(4357, ' Marang Kayu', 354),
(4358, ' Muara Kaman', 354),
(4359, ' Kenohan', 354),
(4360, ' Kembang Janggut', 354),
(4361, ' Tabang', 354),
(4362, ' Kelay', 351),
(4363, ' Talisayan', 351),
(4364, ' Biduk Biduk', 351),
(4365, ' Pulau Derawan', 351),
(4366, ' Sambaliung', 351),
(4367, ' Tanjung Redeb', 351),
(4368, ' Gunung Tabur', 351),
(4369, ' Segah', 351),
(4370, ' Teluk Bayur', 351),
(4371, ' Tubalar', 351),
(4372, ' Pulau Maratua', 351),
(4373, ' Batu Putih', 351),
(4374, ' Biatan', 351),
(4375, ' Peso', 352),
(4376, ' Peso Hilir', 352),
(4377, ' Tanjung Palas', 352),
(4378, ' Tanjung Palas Barat', 352),
(4379, ' Tanjung Palas Utara', 352),
(4380, ' Tanjung Palas Timur', 352),
(4381, ' Tanjung Selor', 352),
(4382, ' Tanjung Palas Tengah', 352),
(4383, ' Sekatak', 352),
(4384, ' Pulau Bunyu', 352),
(4385, ' Kayan Hulu', 356),
(4386, ' Kayan Hilir', 356),
(4387, ' Pujungan', 356),
(4388, ' Malinau', 356),
(4389, ' Mentarang', 356),
(4390, ' Sungai Boh', 356),
(4391, ' Malinau Selatan', 356),
(4392, ' Malinau Barat', 356),
(4393, ' Malinau Utara', 356),
(4394, ' Kayan Selatan', 356),
(4395, ' Bahan Ulu', 356),
(4396, ' Mentarang Hulu', 356),
(4397, ' Kerayan', 357),
(4398, ' Lumbis', 357),
(4399, ' Sembakung', 357),
(4400, ' Nunukan', 357),
(4401, ' Sebatik', 357),
(4402, ' Sebuku', 357),
(4403, ' Krayan Selatan', 357),
(4404, ' Sebatik Barat', 357),
(4405, ' Nunukan Selatan', 357),
(4406, ' Bongan', 353),
(4407, ' Jempang', 353),
(4408, ' Penyinggahan', 353),
(4409, ' Muara Pahu', 353),
(4410, ' Muara Lawa', 353),
(4411, ' Damai', 353),
(4412, ' Barong Tongkok', 353),
(4413, ' Melak', 353),
(4414, ' Long Iram', 353),
(4415, ' Long Hubung', 353),
(4416, ' Long Bagun', 353),
(4417, ' Long Pahangai', 353),
(4418, ' Long Apari', 353),
(4419, ' Bentian Besar', 353),
(4420, ' Linggang Bingung', 353),
(4421, ' Manor Bulatn', 353),
(4422, ' Laham', 353),
(4423, ' Nyuatan', 353),
(4424, ' Sekolaq Darat', 353),
(4425, ' Tering', 353),
(4426, ' Sendawar', 353),
(4427, ' Siluq Ngurai', 353),
(4428, ' Muara Ancalong', 355),
(4429, ' Muara Wahau', 355),
(4430, ' Muara Bengkal', 355),
(4431, ' Sengata Utara', 355),
(4432, ' Sangkulirang', 355),
(4433, ' Kaliorang', 355),
(4434, ' Kombeng', 355),
(4435, ' Bengalon', 355),
(4436, ' Busang', 355),
(4437, ' Sandaran', 355),
(4438, ' Telen', 355),
(4439, ' Sengata Selatan', 355),
(4440, ' Teluk Pandan', 355),
(4441, ' Rantau Pulung', 355),
(4442, ' Kaubun', 355),
(4443, ' Karangan', 355),
(4444, ' Batu Ampar', 355),
(4445, ' Long Mesangat', 355),
(4446, ' Babulu', 359),
(4447, ' Waru', 359),
(4448, ' Penajam', 359),
(4449, ' Sepaku', 359),
(4450, ' Sesayap', 360),
(4451, ' Sesayap Hilir', 360),
(4452, ' Tanah Lia', 360),
(4453, ' Palaran', 363),
(4454, ' Samarinda Ilir', 363),
(4455, ' Samarinda Seberang', 363),
(4456, ' Sungai Kunjang', 363),
(4457, ' Samarinda Ulu', 363),
(4458, ' Samarinda Utara', 363),
(4459, ' Balikpapan Selatan', 361),
(4460, ' Balikpapan Timur', 361),
(4461, ' Balikpapan Utara', 361),
(4462, ' Balikpapan Tengah', 361),
(4463, ' Balikpapan Barat', 361),
(4464, ' Tarakan Timur', 364),
(4465, ' Tarakan Tengah', 364),
(4466, ' Tarakan Barat', 364),
(4467, ' Tarakan Utara', 364),
(4468, ' Bontang Selatan', 362),
(4469, ' Bontang Utara', 362),
(4470, ' Bontang Barat', 362),
(4471, ' Lolayan', 418),
(4472, ' Poigar', 418),
(4473, ' Bolaang', 418),
(4474, ' Lolak', 418),
(4475, ' Sangtombolang', 418),
(4476, ' Dumoga Utara', 418),
(4477, ' Dumoga Barat', 418),
(4478, ' Dumoga Timur', 418),
(4479, ' Passi Barat', 418),
(4480, ' Passi Timur', 418),
(4481, ' Bilalang', 418),
(4482, ' Sangtombolang', 418),
(4483, ' Langowan Timur', 425),
(4484, ' Tompaso', 425),
(4485, ' Kawangkoan', 425),
(4486, ' Sonder', 425),
(4487, ' Tombariri', 425),
(4488, ' Pineleng', 425),
(4489, ' Tondano Timur', 425),
(4490, ' Remboken', 425),
(4491, ' Kakas', 425),
(4492, ' Lembean Timur', 425),
(4493, ' Eris', 425),
(4494, ' Kombi', 425),
(4495, ' Langowan Barat', 425),
(4496, ' Tombulu', 425),
(4497, ' Tondano Barat', 425),
(4498, ' Tondano Utara', 425),
(4499, ' Langowan Selatan', 425),
(4500, ' Tondano Selatan', 425),
(4501, ' Langowan Utara', 425),
(4502, ' Manganitu Selatan', 422),
(4503, ' Tamako', 422),
(4504, ' Tabukan Selatan', 422),
(4505, ' Tabukan Tengah', 422),
(4506, ' Manganitu', 422),
(4507, ' Tahuna', 422),
(4508, ' Tabukan Utara', 422),
(4509, ' Kendahe', 422),
(4510, ' Tatoareng', 422),
(4511, ' Nusa Tabukan', 422),
(4512, ' Tabukan Selatan Tengah', 422),
(4513, ' Tabukan Selatan Tenggara', 422),
(4514, ' Tahuna Timur', 422),
(4515, ' Tahuna Barat', 422),
(4516, ' Tabukan Utara', 422),
(4517, ' Kabaruan', 424),
(4518, ' Lirung', 424),
(4519, ' Melonguane', 424),
(4520, ' Beo', 424),
(4521, ' Rainis', 424),
(4522, ' Essang', 424),
(4523, ' Nanusa', 424),
(4524, ' Gemeh', 424),
(4525, ' Damau', 424),
(4526, ' Tanpa Namma', 424),
(4527, ' Lirung Selatan', 424),
(4528, ' Kalongan ', 424),
(4529, ' Moronge', 424),
(4530, ' Melonguane Timur', 424),
(4531, ' Beo Utara', 424),
(4532, ' Beo Selatan', 424),
(4533, ' Pulutan', 424),
(4534, ' Essang Selatan', 424),
(4535, ' Miangas', 424),
(4536, ' Modoinding', 426),
(4537, ' Tompaso Baru', 426),
(4538, ' Ranoyapo', 426),
(4539, ' Motoling', 426),
(4540, ' Tenga', 426),
(4541, ' Amurang', 426),
(4542, ' Tareran', 426),
(4543, ' Sinonsayang', 426),
(4544, ' Kumelembuai', 426),
(4545, ' Maesaan', 426),
(4546, ' Amurang Barat', 426),
(4547, ' Amurang Timur', 426),
(4548, ' Tatapan', 426),
(4549, ' Motoling Barat', 426),
(4550, ' Motoling Timur', 426),
(4551, ' Sulta', 426),
(4552, ' Tumpaan', 426),
(4553, ' Kauditan', 428),
(4554, ' Airmadidi', 428),
(4555, ' Dimembe', 428),
(4556, ' Wori', 428),
(4557, ' Likupang Timur', 428),
(4558, ' Kema', 428),
(4559, ' Likupang Barat', 428),
(4560, ' Kalawat', 428),
(4561, ' Talawaan', 428),
(4562, ' Likupang Selatan', 428),
(4563, ' Bintauna', 421),
(4564, ' Bolaang Itang Timur', 421),
(4565, ' Bolaang Itang Barat', 421),
(4566, ' Kaidipang', 421),
(4567, ' Pinogaluman', 421),
(4568, ' Sangkub', 421),
(4569, ' Biaro', 423),
(4570, ' Siau Barat', 423),
(4571, ' Siau Barat Selatan', 423),
(4572, ' Siau Barat Utara', 423),
(4573, ' Siau Tengah', 423),
(4574, ' Siau Timur', 423),
(4575, ' Siau Timur Selatan', 423),
(4576, ' Tagulandang', 423),
(4577, ' Tagulandang Selatan', 423),
(4578, ' Tagulandang Utara', 423),
(4579, ' Ratatotok', 427),
(4580, ' Pusomaen', 428),
(4581, ' Belang', 429),
(4582, ' Ratahan', 430),
(4583, ' Tombatu', 431),
(4584, ' Touluaan', 432),
(4585, ' Kotabunan', 420),
(4586, ' Nuangan', 421),
(4587, 'Tutuyan', 422),
(4588, ' Modayag', 423),
(4589, ' Modayag Barat', 424),
(4590, ' Bolaang Uki', 419),
(4591, ' Posigadan', 420),
(4592, ' Pinolosian', 421),
(4593, ' Pinolosian Timur', 422),
(4594, ' Pinolosian Tengah', 423),
(4595, ' Malalayang', 431),
(4596, ' Sario', 431),
(4597, ' Wenang', 431),
(4598, ' Mapanget', 431),
(4599, ' Bunaken', 431),
(4600, ' Wanea', 431),
(4601, ' Tikala', 431),
(4602, ' Tuminting', 431),
(4603, ' Singkil', 431),
(4604, ' Ranowulu', 429),
(4605, ' Matuari', 429),
(4606, ' Girian', 429),
(4607, ' Madidir', 429),
(4608, ' Maesa', 429),
(4609, ' Aertembaga', 429),
(4610, ' Lembeh Utara', 429),
(4611, ' Lembeh Selatan', 429),
(4612, ' Tomohon Utara', 432),
(4613, ' Tomohon Tengah', 432),
(4614, ' Tomohon Selatan', 432),
(4615, ' Tomohon Timur', 432),
(4616, ' Tomohon Barat', 432),
(4617, ' Kotamobagu Barat', 430),
(4618, ' Kotamobagu Timur', 430),
(4619, ' Kotamobagu Utara', 430),
(4620, ' Kotamobagu Selatan', 430),
(4621, ' Tilamuta', 365),
(4622, ' Paguyaman', 365),
(4623, ' Mananggu', 365),
(4624, ' Dulupi', 365),
(4625, ' Wonosari', 365),
(4626, ' Botumoito', 365),
(4627, ' Paguyaman Pantai', 365),
(4628, ' Batudaa Pantai', 367),
(4629, ' Batudaa', 367),
(4630, ' Tibawa', 367),
(4631, ' Boliyohuto', 367),
(4632, ' Limboto', 367),
(4633, ' Telaga', 367),
(4634, ' Bongomeme', 367),
(4635, ' Pulubala', 367),
(4636, ' Tolangohula', 367),
(4637, ' Mootilango', 367),
(4638, ' Telaga Biru', 367),
(4639, ' Limboto Barat', 367),
(4640, ' Biluhu', 367),
(4641, ' Tabongo', 367),
(4642, ' Asparaga', 367),
(4643, ' Tilango', 367),
(4644, ' Telaga Jaya', 367),
(4645, ' Popayato', 369),
(4646, ' Marisa', 369),
(4647, ' Paguat', 369),
(4648, ' Lemito', 369),
(4649, ' Randangan', 369),
(4650, ' Patilanggio', 369),
(4651, ' Taluduti', 369),
(4652, ' Popayato Barat', 369),
(4653, ' Popayato Timur', 369),
(4654, ' Wanggarasi', 369),
(4655, ' Buntu Lia', 369),
(4656, ' Duhiadaa', 369),
(4657, ' Dengilo', 369),
(4658, ' Tapa', 366),
(4659, ' Kabila', 366),
(4660, ' Suwawa', 366),
(4661, ' Bonepantai', 366),
(4662, ' Bulango Utara', 366),
(4663, ' Tilongkabila', 366),
(4664, ' Botu Pingge', 366),
(4665, ' Kabila Bone', 366),
(4666, ' Bone', 366),
(4667, ' Bone Raya', 366),
(4668, ' Bulango Selatan', 366),
(4669, ' Bulango Timur', 366),
(4670, ' Bulango Ulu', 366),
(4671, ' Suwawa Selatan', 366),
(4672, ' Suwawa Timur ', 366),
(4673, ' Suwawa Tengah', 366),
(4674, ' Bulawa', 366),
(4675, ' Anggrek', 368),
(4676, ' Atinggola', 368),
(4677, ' Kwandang', 368),
(4678, ' Sumalata', 368),
(4679, ' Tolinggula', 368),
(4680, ' Kota Barat', 370),
(4681, ' Kota Selatan', 370),
(4682, ' Kota Utara', 370),
(4683, ' Kota Timur', 370),
(4684, ' Dungingi', 370),
(4685, ' Kota Tengah', 370),
(4686, ' Labobo ', 408),
(4687, ' Banggai', 408),
(4688, ' Totikum', 408),
(4689, ' Tinangkung', 408),
(4690, ' Liang', 408),
(4691, ' Bulagi', 408),
(4692, ' Buko', 408),
(4693, ' Bokan Kepulauan', 408),
(4694, ' Bulagi Selatan', 408),
(4695, ' Bangkurung', 408),
(4696, ' Banggai Utara', 408),
(4697, ' Banggai Tengah', 408),
(4698, ' Banggai Selatan', 408),
(4699, ' Selatan', 408),
(4700, ' Tinangkung Selatan', 408),
(4701, ' Tinangkung Utara', 408),
(4702, ' Peling Tengah', 408),
(4703, ' Bulagi Utara', 408),
(4704, ' Buko Selatan', 408),
(4705, ' Banawa', 410),
(4706, ' Labuan', 410),
(4707, ' Sindue', 410),
(4708, ' Sirenja', 410),
(4709, ' Balaesang', 410),
(4710, ' Damsol', 410),
(4711, ' Sojol', 410),
(4712, ' Rio Pakava', 410),
(4713, ' Banawa Selatan', 410),
(4714, ' Tanantovea', 410),
(4715, ' Pinembani', 410),
(4716, ' Banawa Tengah', 410),
(4717, ' Sindue Tombusabora', 410),
(4718, ' Sindue Tobata', 410),
(4719, ' Sojol Utara', 410),
(4720, ' Pamona Selatan', 413),
(4721, ' Nokilalaki', 413),
(4722, ' Lore Selatan', 413),
(4723, ' Pamona Utara', 413),
(4724, ' Lore Utara', 413),
(4725, ' Lore Timur', 413),
(4726, ' Lore Peore', 413),
(4727, ' Poso Pesisir', 413),
(4728, ' Lage', 413),
(4729, ' Poso Kota', 413),
(4730, ' Pamona Timur', 413),
(4731, ' Lore Tengah', 413),
(4732, ' Pamona Barat', 413),
(4733, ' Poso Pesisir Selatan', 413),
(4734, ' Poso Pesisir Utara', 413),
(4735, ' Poso Kota Utara', 413),
(4736, ' Lore Barat', 413),
(4737, ' Poso Kota Selatan', 413),
(4738, ' Toili', 407),
(4739, ' Batui', 407),
(4740, ' Bunta', 407),
(4741, ' Kintom', 407),
(4742, ' Luwuk', 407),
(4743, ' Pagimana', 407),
(4744, ' Lamala', 407),
(4745, ' Balantak', 407),
(4746, ' Bualemo', 407),
(4747, ' Toili Barat', 407),
(4748, ' Nuhon', 407),
(4749, ' Luwuk Timur', 407),
(4750, ' Masama', 407),
(4751, ' Biau', 409),
(4752, ' Karamat', 409),
(4753, ' Momunu', 409),
(4754, ' Bokat', 409),
(4755, ' Bunobogu', 409),
(4756, ' Paleleh', 409),
(4757, ' Paleleh Barat', 409),
(4758, ' Tiloan', 409),
(4759, ' Bukal', 409),
(4760, ' Gadung', 409),
(4761, ' Lipunoto', 409),
(4762, ' Dampal Selatan', 416),
(4763, ' Dampal Utara', 416),
(4764, ' Dondo', 416),
(4765, ' Baolan', 416),
(4766, ' Galang', 416),
(4767, ' Utara Toli-Toli', 416),
(4768, ' Ogo Deide', 416),
(4769, ' Basidondo', 416),
(4770, ' Lampasio', 416),
(4771, ' Dako Pemean', 416),
(4772, ' Menui Kepulauan', 411),
(4773, ' Bungku Selatan', 411),
(4774, ' Bungku Tengah', 411),
(4775, ' Bungku Barat', 411),
(4776, ' Lembo', 411),
(4777, ' Mori Atas', 411),
(4778, ' Petasia', 411),
(4779, ' Bungku Utara', 411),
(4780, ' Bahodopi', 411),
(4781, ' Soyo Jaya', 411),
(4782, ' Witaponda', 411),
(4783, ' Mamosalato', 411),
(4784, ' Bumi Raya', 411),
(4785, ' Sausu', 412),
(4786, ' Parigi', 412),
(4787, ' Ampibabo', 412),
(4788, ' Tinombo', 412),
(4789, ' Tomini', 412),
(4790, ' Moutong', 412),
(4791, ' Bolano Lambunu', 412),
(4792, ' Kasimbar', 412),
(4793, ' Torue', 412),
(4794, ' Tinombo Selatan', 412),
(4795, ' Parigi Selatan', 412),
(4796, ' Mepanga', 412),
(4797, ' Malakosa', 412),
(4798, ' Parigi Barat', 412),
(4799, ' Parigi Utara', 412),
(4800, ' Ribulu', 412),
(4801, ' Siniu', 412),
(4802, ' Palasa', 412),
(4803, ' Taopa', 412),
(4804, ' Parigi Tengah', 412),
(4805, ' Tojo', 415),
(4806, ' Ulubongka', 415),
(4807, ' Ampana Tete', 415),
(4808, ' Ampana Kota', 415),
(4809, ' Una - Una', 415),
(4810, ' Walea Kepulauan', 415),
(4811, ' Togean', 415),
(4812, ' Tojo Barat', 415),
(4813, ' Walea Besar', 415),
(4814, ' Kulawi', 414),
(4815, ' Pipikoro', 414),
(4816, ' Kulawi Selatan', 414),
(4817, ' Lindu', 414),
(4818, ' Palolo', 414),
(4819, ' Nokilalaki', 414),
(4820, ' Dolo', 414),
(4821, ' Dolo Selatan', 414),
(4822, ' Dolo Barat', 414),
(4823, ' Marawola', 414),
(4824, ' Kinovaru', 414),
(4825, ' Marawola Barat', 414),
(4826, ' Sigibiromaru', 414),
(4827, ' Gumbasa', 414),
(4828, ' Tanambulava', 414),
(4829, ' Palu Barat', 417),
(4830, ' Palu Selatan', 417),
(4831, ' Palu Timur', 417),
(4832, ' Palu Utara', 417),
(4833, ' Mandai', 381),
(4834, ' Maros Baru', 381),
(4835, ' Maros Utara', 381),
(4836, ' Bantimurung', 381),
(4837, ' Tanralili', 381),
(4838, ' Camba', 381),
(4839, ' Mallawa', 381),
(4840, ' Moncongloe', 381),
(4841, ' Turikale', 381),
(4842, ' Marusu', 381),
(4843, ' Lau', 381),
(4844, ' Simbang', 381),
(4845, ' Tompobulu', 381),
(4846, ' Cenrana', 381),
(4847, ' Liukang Tangaya', 382),
(4848, ' Pangkajene', 382),
(4849, ' Balocci', 382),
(4850, ' Bungoro', 382),
(4851, ' Labakkang', 382),
(4852, ' Ma''rang', 382),
(4853, ' Sigeri', 382),
(4854, ' Minasatene', 382),
(4855, ' Tondong Tallasa', 382),
(4856, ' Mandalle', 382),
(4857, ' Liukang Kalukuang Masalim', 382),
(4858, ' Liukang Tapabiring', 382),
(4859, ' Bontonompo', 376),
(4860, ' Bajeng', 376),
(4861, ' Pallangga', 376),
(4862, ' Somba Opu', 376),
(4863, ' Bontomarannu', 376),
(4864, ' Parang Loe', 376),
(4865, ' Tinggi Moncong', 376),
(4866, ' Bungaya', 376),
(4867, ' Tompobulu', 376),
(4868, ' Barombong', 376),
(4869, ' Biring Bulu', 376),
(4870, ' Tombolo Pao', 376),
(4871, ' Manuju', 376),
(4872, ' Bontolempangan', 376),
(4873, ' Pattallassang', 376),
(4874, ' Bontonompo Selatan', 376),
(4875, ' Parigi', 376),
(4876, ' Bajeng Barat', 376),
(4877, ' Mangarabombang', 388),
(4878, ' Mappakasunggu', 388),
(4879, ' Polombangkeng Selatan', 388),
(4880, ' Polombangkeng Utara', 388),
(4881, ' Galesong Selatan', 388),
(4882, ' Galesong Utara', 388),
(4883, ' Pattallassang', 388),
(4884, ' Sanrobone', 388),
(4885, ' Galesong', 388),
(4886, ' Bangkala', 377),
(4887, ' Tamalatea', 377),
(4888, ' Binamu', 377),
(4889, ' Batang', 377),
(4890, ' Kelara', 377),
(4891, ' Bangkala Barat', 377),
(4892, ' Bontoramba', 377),
(4893, ' Turatea', 377),
(4894, ' Arungkeke', 377),
(4895, ' Rumbia', 377),
(4896, ' Tarowang', 377),
(4897, ' Tanete Riaja', 372),
(4898, ' Tanete Rilau', 372),
(4899, ' Barru', 372),
(4900, ' Soppeng Riaja', 372),
(4901, ' Mallusetasi', 372),
(4902, ' Balusu', 372),
(4903, ' Pujananting', 372),
(4904, ' Bontocani', 373),
(4905, ' Kahu', 373),
(4906, ' Kajuara', 373),
(4907, ' Selomekko', 373),
(4908, ' Tonra', 373),
(4909, ' Patimpeng', 373),
(4910, ' Libureng', 373),
(4911, ' Mare', 373),
(4912, ' Sibulue', 373),
(4913, ' Cina', 373),
(4914, ' Barebbo', 373),
(4915, ' Ponre', 373),
(4916, ' Lappariaja', 373),
(4917, ' Lamuru', 373),
(4918, ' Bengo', 373),
(4919, ' Ulaweng', 373),
(4920, ' Palakka', 373),
(4921, ' Awangpone', 373),
(4922, ' Tellu Siattinge', 373),
(4923, ' Amali', 373),
(4924, ' Ajangale', 373),
(4925, ' Dua Boccoe', 373),
(4926, ' Cenrana', 373),
(4927, ' Tanete Riattang Barat', 373),
(4928, ' Tanete Riattang', 373),
(4929, ' Tanete Riattang Timur', 373),
(4930, ' Tellu Limpoe', 373),
(4931, ' Sabbangparu', 391),
(4932, ' Tempe', 391),
(4933, ' Pammana', 391),
(4934, ' Bola', 391),
(4935, ' Takkalala', 391),
(4936, ' Sajo Anging', 391),
(4937, ' Majauleng', 391),
(4938, ' Tanasitolo', 391),
(4939, ' Belawa', 391),
(4940, ' Maniang Pajo', 391),
(4941, ' Keera', 391),
(4942, ' Pitumpanua', 391),
(4943, ' Gilireng', 391),
(4944, ' Penrang', 391),
(4945, ' Mariowiwawo', 387),
(4946, ' Lalabata', 387),
(4947, ' Liliriaja', 387),
(4948, ' Lili Rilau', 387),
(4949, ' Donri-Donri', 387),
(4950, ' Mario Riawa', 387),
(4951, ' Ganra', 387),
(4952, ' Citta', 387),
(4953, ' Bissappu', 371),
(4954, ' Bantaeng', 371),
(4955, ' Tompobulu', 371),
(4956, ' Ulu Ere', 371),
(4957, ' Ere Merasa', 371),
(4958, ' Pa''jukukang', 371),
(4959, ' Gantarang Keke', 371),
(4960, ' Sinoa', 371),
(4961, ' Ujung Bulu', 374),
(4962, ' Bontobahari', 374),
(4963, ' Bontotiro', 374),
(4964, ' Hero Lange-Lange', 374),
(4965, ' Kajang', 374),
(4966, ' Bulukumba', 374),
(4967, ' Rilau Ale', 374),
(4968, ' Kindang', 374),
(4969, ' Ujung Loe', 374),
(4970, ' Gantarang', 374),
(4971, ' Sinjai Barat', 386),
(4972, ' Sinjai Borong', 386),
(4973, ' Sinjai Selatan', 386),
(4974, ' Tellu Limpoe', 386),
(4975, ' Sinjai Timur', 386),
(4976, ' Sinjai Tengah', 386),
(4977, ' Sinjai Utara', 386),
(4978, ' Bulupoddo', 386),
(4979, ' Pulau Sembilan', 386),
(4980, ' Pasimarannu', 384),
(4981, ' Pasimassunggu', 384),
(4982, ' Bontosikuyu', 384),
(4983, ' Bontoharu', 384),
(4984, ' Bontomatene', 384),
(4985, ' Bontomanai', 384),
(4986, ' Benteng', 384),
(4987, ' Taka Bonerate', 384),
(4988, ' Pasilambena', 384),
(4989, ' Pasimasunggu Timur', 384),
(4990, ' Buki', 384),
(4991, ' Suppa', 383),
(4992, ' Mattiro Sompe', 383),
(4993, ' Mattiro Bulu', 383),
(4994, ' Watang Sawitto', 383),
(4995, ' Patampanua', 383),
(4996, ' Cempa', 383),
(4997, ' Duampanua', 383),
(4998, ' Lembang', 383),
(4999, ' Lanrisang', 383),
(5000, ' Tiroang', 383),
(5001, ' Paleteang', 383),
(5002, ' Batulappa', 383),
(5003, ' Panca Lautang', 385),
(5004, ' Tellulimpoe', 385),
(5005, ' Watangpulu', 385),
(5006, ' Baranti', 385),
(5007, ' Panca Rijang', 385),
(5008, ' Maritengae', 385),
(5009, ' Pitu Riawa', 385),
(5010, ' Duapitue', 385),
(5011, ' Kulo', 385),
(5012, ' Pitu Riase', 385),
(5013, ' Watang Sidenreng', 385),
(5014, ' Maiwa', 375),
(5015, ' Enrekang', 375),
(5016, ' Barakka', 375),
(5017, ' Anggeraja', 375),
(5018, ' Alla', 375),
(5019, ' Bungin', 375),
(5020, ' Cendana', 375),
(5021, ' Curio', 375),
(5022, ' Malua', 375),
(5023, ' Buntu Batu', 375),
(5024, ' Masale', 375),
(5025, ' Baroko', 375),
(5026, ' Larompong', 378),
(5027, ' Suli', 378),
(5028, ' Belopa', 378),
(5029, ' Bajo', 378),
(5030, ' Bassesangtempe', 378),
(5031, ' Buaponrang', 378),
(5032, ' Bua', 378),
(5033, ' Walenrang', 378),
(5034, ' Lamasi', 378),
(5035, ' Latimojong', 378),
(5036, ' Larompong Selatan', 378),
(5037, ' Kamanre', 378),
(5038, ' Walenrang Barat', 378),
(5039, ' Walenrang Utara', 378),
(5040, ' Walenrang Timur', 378),
(5041, ' Lamasi Timur', 378),
(5042, ' Suli Barat', 378),
(5043, ' Bajo Barat', 378),
(5044, ' Ponrang Selatan', 378),
(5045, ' Ponrang', 378),
(5046, ' Bolopa Utara', 378),
(5047, ' Bonggakaradeng', 389),
(5048, ' Simbuang', 389),
(5049, ' Ranomeeto', 389),
(5050, ' Mappak', 389),
(5051, ' Mengkendek', 389),
(5052, ' Gadang Batu Silanan', 389),
(5053, ' Sangalla', 389),
(5054, ' Sangala Selatan', 389),
(5055, ' Sangala Utara', 389),
(5056, ' Makale', 389),
(5057, ' Makale Selatan', 389),
(5058, ' Makale Utara', 389),
(5059, ' Saluputti', 389),
(5060, ' Bittuang', 389),
(5061, ' Rembon', 389),
(5062, ' Masanda', 389),
(5063, ' Malimbong Balepe', 389),
(5064, ' Rantetayo', 389),
(5065, ' Kurra', 389),
(5066, ' Rantepao', 390),
(5067, ' Sesean', 390),
(5068, ' Nanggala', 390),
(5069, ' Rindingallo', 390),
(5070, ' Buntao ', 390),
(5071, ' Sa''dan ', 390),
(5072, ' Sanggalangi', 390),
(5073, ' Sopai', 390),
(5074, ' Tikala', 390),
(5075, ' Balusu', 390),
(5076, ' Tallunglipu', 390),
(5077, ' Dende'' Piongan Napo', 390),
(5078, ' Buntu Pepasan', 390),
(5079, ' Baruppu', 390),
(5080, ' Kesu', 390),
(5081, ' Tondon ', 390),
(5082, ' Bengkelekila', 390),
(5083, ' Rantebua', 390),
(5084, ' Sesean Suloara', 390),
(5085, ' Kapala Pitu', 390),
(5086, ' Awan Rante karua', 390),
(5087, ' Sabbang', 380),
(5088, ' Baebunta', 380),
(5089, ' Malangke', 380),
(5090, ' Sukamaju', 380),
(5091, ' Bone-Bone', 380),
(5092, ' Massamba', 380),
(5093, ' Limbong', 380),
(5094, ' Mappedeceng', 380),
(5095, ' Sekko', 380),
(5096, ' Rampi', 380),
(5097, ' Malangke Barat', 380),
(5098, ' Burau', 379),
(5099, ' Tomoni', 379),
(5100, ' Wotu', 379),
(5101, ' Malili', 379),
(5102, ' Nuha', 379),
(5103, ' Mangkutana', 379),
(5104, ' Towuti', 379),
(5105, ' Angkona', 379),
(5106, ' Tomoni Timur', 379),
(5107, ' Kalaena', 379),
(5108, ' Wasuponda', 379),
(5109, ' Mariso', 392),
(5110, ' Mamajang', 392),
(5111, ' Tamalate', 392),
(5112, ' Makasar', 392),
(5113, ' Ujung Pandang', 392),
(5114, ' Wajo', 392),
(5115, ' Bontoala', 392),
(5116, ' Ujung Tanah', 392),
(5117, ' Tallo', 392),
(5118, ' Panakukkang', 392),
(5119, ' Biringkanaya', 392),
(5120, ' Tamalanrea', 392),
(5121, ' Rappocini', 392),
(5122, ' Manggala', 392),
(5123, ' Bacukiki', 394),
(5124, ' Bacukiki Barat', 394),
(5125, ' Ujung', 394),
(5126, ' Soreang', 394),
(5127, ' Wara', 393),
(5128, ' Wara Utara', 393),
(5129, ' Wara Selatan', 393),
(5130, ' Telluwanua', 393),
(5131, ' Wara Timur', 393),
(5132, ' Wara Barat', 393),
(5133, ' Sendana', 393),
(5134, ' Mungkajang', 393),
(5135, ' Bara', 393),
(5136, ' Tapalang', 435),
(5137, ' Mamuju', 435),
(5138, ' Kalukku', 435),
(5139, ' Kalumpang', 435),
(5140, ' Tapalang Barat', 435),
(5141, ' Papalang', 435),
(5142, ' Sampaga', 435),
(5143, ' Pangale', 435),
(5144, ' Tommo', 435),
(5145, ' Topoyo', 435),
(5146, ' Tobadak', 435),
(5147, ' Karossa', 435),
(5148, ' Simboro Kepulauan', 435),
(5149, ' Budong-Budong', 435),
(5150, ' Bonehau', 435),
(5151, ' Sarudu', 436),
(5152, ' Dapurang', 436),
(5153, ' Duripoku', 436),
(5154, ' Baras', 436),
(5155, ' Bulu Taba', 436),
(5156, ' Lariang', 436),
(5157, ' Pasangkayu', 436),
(5158, ' Tikke raya', 436),
(5159, ' Pedongga', 436),
(5160, ' Bambalamutu', 436),
(5161, ' Bambaira', 436),
(5162, ' Sarjo', 436),
(5163, ' Tinambung', 437),
(5164, ' Campalagian', 437),
(5165, ' Wonomulyo', 437),
(5166, ' Polewali', 437),
(5167, ' Tutallu', 437),
(5168, ' Binuang', 437),
(5169, ' Tapango', 437),
(5170, ' Mapili', 437),
(5171, ' Matangnga', 437),
(5172, ' Luyo', 437),
(5173, ' Limboro', 437),
(5174, ' Balanipa', 437),
(5175, ' Anreapi', 437),
(5176, ' Matakali', 437),
(5177, ' Allu', 437),
(5178, ' Bulo', 437),
(5179, ' Sumarorong', 434),
(5180, ' Pana', 434),
(5181, ' Mamasa', 434),
(5182, ' Mambi', 434),
(5183, ' Tabulahan', 434),
(5184, ' Tabang', 434),
(5185, ' Messawa', 434),
(5186, ' Sesenapadang', 434),
(5187, ' Tandukalua', 434),
(5188, ' Aralle', 434),
(5189, ' Nosu', 434),
(5190, ' Bambang', 434),
(5191, ' Balla', 434),
(5192, ' Tawalian', 434),
(5193, ' Rantebulahan Timur', 434),
(5194, ' Pamboang', 433),
(5195, ' Ulumunda', 433),
(5196, ' Tammerodo Sendana', 433),
(5197, ' Tubo Sendana', 433),
(5198, ' Banggai', 433),
(5199, ' Sendana', 433),
(5200, ' Malunda', 433),
(5201, ' Banggai Timur', 433),
(5202, ' Soropia', 400),
(5203, ' Sampara', 400),
(5204, ' Lambuya', 400),
(5205, ' Pondidaha', 400),
(5206, ' Wawotobi', 400),
(5207, ' Unaaha', 400),
(5208, ' Abuki', 400),
(5209, ' BondoAla', 400),
(5210, ' Uepai', 400),
(5211, ' Wonggeduku', 400),
(5212, ' Tongauna', 400),
(5213, ' Besulutu', 400),
(5214, ' Latoma', 400),
(5215, ' Puriala', 400),
(5216, ' Meluhu', 400),
(5217, ' Amonggedo', 400),
(5218, ' Wawonii Barat', 400),
(5219, ' Wawonii Timur', 400),
(5220, ' Wawonii Selatan', 400),
(5221, ' Wawonii Utara', 400),
(5222, ' Routa', 400),
(5223, ' Anggaberi', 400),
(5224, ' Wawoni Tengah', 400),
(5225, ' Kapoiala', 400),
(5226, ' Konawe', 400),
(5227, ' Tongkuno', 403),
(5228, ' Parigi', 403),
(5229, ' Kabawo', 403),
(5230, ' Lawa', 403),
(5231, ' Kusambi', 403),
(5232, ' Katobu', 403),
(5233, ' Napabalano', 403),
(5234, ' Wakorumba Selatan', 403),
(5235, ' Lohia', 403),
(5236, ' Kontunaga', 403),
(5237, ' Sawerigadi', 403),
(5238, ' Maginti', 403),
(5239, ' Kabangka', 403),
(5240, ' Maligano', 403),
(5241, ' Tiworo Tengah', 403),
(5242, ' Barangka', 403),
(5243, ' Watopute', 403),
(5244, ' Batalaiworu', 403),
(5245, ' Duruka', 403),
(5246, ' Lasalepa', 403),
(5247, ' Pasir Putih', 403),
(5248, ' Tiworo Kepulauan', 403),
(5249, ' Bone', 403),
(5250, ' Lasalimu', 396),
(5251, ' Pasar Wajo', 396),
(5252, ' Sampolawa', 396),
(5253, ' Batauga', 396),
(5254, ' Kapontori', 396),
(5255, ' Gu', 396),
(5256, ' Lakudo', 396),
(5257, ' Mawasangka', 396),
(5258, ' Batu Atas', 396),
(5259, ' Kadatua', 396),
(5260, ' Mawasangka Timur', 396),
(5261, ' Talaga Raya', 396),
(5262, ' Mawasangka Tengah', 396),
(5263, ' Sangia Wambulu', 396),
(5264, ' Siontapia', 396),
(5265, ' Wabula', 396),
(5266, ' Lapandewa', 396),
(5267, ' Siompu Barat', 396),
(5268, ' Siompu', 396),
(5269, ' Lasalimu Selatan', 396),
(5270, ' Wolowa', 396),
(5271, ' Watubangga', 398),
(5272, ' Pomalaa', 398),
(5273, ' Wundulako', 398),
(5274, ' Ladongi', 398),
(5275, ' Tirawuta', 398),
(5276, ' Kolaka', 398),
(5277, ' Wolo', 398),
(5278, ' Mowewe', 398),
(5279, ' Tanggetada', 398),
(5280, ' Baula', 398),
(5281, ' Lambandia', 398),
(5282, ' Latambaga', 398),
(5283, ' Samaturu', 398),
(5284, ' Uluiwoi', 398),
(5285, ' Tinondo', 398),
(5286, ' Poli-Polia', 398),
(5287, ' Lalolae', 398),
(5288, ' Toari', 398),
(5289, ' Polinggona', 398),
(5290, ' Loela', 398),
(5291, ' Tinanggea', 401),
(5292, ' Lalembuu', 401),
(5293, ' Andolo', 401),
(5294, ' Buke', 401),
(5295, ' Palangga', 401),
(5296, ' Palangga Selatan', 401),
(5297, ' Baito', 401),
(5298, ' Lainea', 401),
(5299, ' Laeya', 401),
(5300, ' Kolono', 401),
(5301, ' Laonti', 401),
(5302, ' Moramo', 401),
(5303, ' Moramo Utara', 401),
(5304, ' Konda', 401),
(5305, ' Wolasi', 401),
(5306, ' Ranomeeto', 401),
(5307, ' Ranomeeto Barat', 401),
(5308, ' Landono', 401),
(5309, ' Mowila', 401),
(5310, ' Angata', 401),
(5311, ' Benua', 401),
(5312, ' Basala', 401),
(5313, ' Binongko', 404),
(5314, ' Tomia', 404),
(5315, ' Kaledupa', 404),
(5316, ' Wangi-Wangi', 404),
(5317, ' Wangi-Wangi Selatan', 404),
(5318, ' Kaledupa Selatan', 404),
(5319, ' Tomia Timur', 404),
(5320, ' Togo Binongko', 404),
(5321, ' Kabaena', 395),
(5322, ' Kabaena Timur', 395),
(5323, ' Poleang', 395),
(5324, ' Poleang Timur', 395),
(5325, ' Rumbia', 395),
(5326, ' Rarowatu', 395),
(5327, ' Poleang Barat', 395),
(5328, ' Mataelo', 395),
(5329, ' Rarowatu Utara', 395),
(5330, ' Poleang Utara', 395),
(5331, ' Poleang Selatan', 395),
(5332, ' Poleang Tenggara', 395),
(5333, ' Kabaena Selatan', 395),
(5334, ' Kabaena Barat', 395),
(5335, ' Kabaena Utara', 395),
(5336, ' Kabaena Tengah', 395),
(5337, ' Kep. Masaloka Raya', 395),
(5338, ' Rumbia Tengah', 395),
(5339, ' Poleang Tengah', 395),
(5340, ' Tatonuwu', 395),
(5341, ' Lantari Jaya', 395),
(5342, ' Mata Usu', 395),
(5343, ' Lasusua', 399),
(5344, ' Pakue', 399),
(5345, ' Batu Putih', 399),
(5346, ' Ranteangin', 399),
(5347, ' Kodeoha', 399),
(5348, ' Ngapa', 399),
(5349, ' Wawo', 399),
(5350, ' Lambai', 399),
(5351, ' Watunohu', 399),
(5352, ' Pakue Tengah', 399),
(5353, ' Pakue Utara', 399),
(5354, ' Porehu', 399),
(5355, ' Katoi', 399),
(5356, ' Langkima', 402),
(5357, ' Molawe', 402),
(5358, ' Lembo', 402),
(5359, ' Asera', 402),
(5360, ' Wiwirano', 402),
(5361, ' Lasolo', 402),
(5362, ' Sawa', 402),
(5363, ' Kulisusu', 397),
(5364, ' Kulisusu Barat', 397),
(5365, ' Kulisusu Utara', 397),
(5366, ' Kambowa', 397),
(5367, ' Bonenugu', 397),
(5368, ' Wakorumba Utara', 397),
(5369, ' Mandonga', 406),
(5370, ' Poasia', 406),
(5371, ' Kendari', 406),
(5372, ' Baruga', 406),
(5373, ' Kendari Barat', 406),
(5374, ' Abeli', 406),
(5375, ' Puwato', 406),
(5376, ' Kadia', 406),
(5377, ' Wua-Wua', 406),
(5378, ' Kambu', 406),
(5379, ' Wolio', 405),
(5380, ' Betoambari', 405),
(5381, ' Sorowalio', 405),
(5382, ' Bungi', 405),
(5383, ' Kokalukuna', 405),
(5384, ' Murhum', 405),
(5385, ' Banda', 442),
(5386, ' Tehoru', 442),
(5387, ' Amahai', 442),
(5388, ' Teon Nila Serua', 442),
(5389, ' Saparua', 442),
(5390, ' Pulau Haruku', 442),
(5391, ' Salahutu', 442),
(5392, ' Leihitu', 442),
(5393, ' Seram Utara', 442),
(5394, ' Masohi', 442),
(5395, ' Nusa Laut', 442),
(5396, ' Teluk Elpaputih', 442),
(5397, ' Seram Utara Barat', 442),
(5398, ' Kei Kecil', 443),
(5399, ' Kei Besar', 443),
(5400, ' Kei Besar Selatan', 443),
(5401, ' Kei Besar Utara Timur', 443),
(5402, ' Kei Kecil Barat', 443),
(5403, ' Kei Kecil Timur', 443),
(5404, ' Air Buaya', 438),
(5405, ' Waeapo', 438),
(5406, ' Namlea', 438),
(5407, ' Waplau', 438),
(5408, ' Bata Baul', 438),
(5409, ' Pulau-Pulau Terselatan', 444),
(5410, ' P.P. Letimoa Lakor', 444),
(5411, ' Pulau-Pulau Babar', 444),
(5412, ' Tanimbar Selatan', 444),
(5413, ' Tanimbar Utara', 444),
(5414, ' Damer', 444),
(5415, ' PP Wetar', 444),
(5416, ' Wer Tamrian', 444),
(5417, ' Wer Maktian', 444),
(5418, ' Selaru', 444),
(5419, ' Yaru', 444),
(5420, ' Wuar Labobar', 444),
(5421, ' Nirun Mas', 444),
(5422, ' Kormomolin', 444),
(5423, ' Huamual Belakang', 445),
(5424, ' Seram Barat', 445),
(5425, ' Kairatu', 445),
(5426, ' Taniwel', 445),
(5427, ' Waisala', 445),
(5428, ' Pulau-pulau Gorom', 446),
(5429, ' Seram Timur', 446),
(5430, ' Werinama', 446),
(5431, ' Bula', 446),
(5432, ' Aru Selatan', 440),
(5433, ' Aru Selatan Timur', 440),
(5434, ' Aru Tengah', 440),
(5435, ' Aru Tengah Timur', 440),
(5436, ' Aru Tengah Selatan', 440),
(5437, ' Pulau-Pulau Aru', 440),
(5438, ' Aru Utara', 440),
(5439, ' Babar Timur', 441),
(5440, ' Damer', 441),
(5441, ' Mdona Hiera', 441),
(5442, ' Moa Lakor', 441),
(5443, ' Pulau Letti', 441),
(5444, ' Pulau-pulau Babar', 441),
(5445, ' Pulau-pulau Terselatan', 441),
(5446, ' Ambalau', 439),
(5447, ' Kepala Madan', 439),
(5448, ' Leksula', 439),
(5449, ' Namrole', 439),
(5450, ' Waesama', 439),
(5451, ' Nusaniwe', 447),
(5452, ' Sirimau', 447),
(5453, ' Teluk Ambon ', 447),
(5454, ' Baguala', 447),
(5455, ' Lei Timur Selatan', 447),
(5456, ' PP Kur Mangur', 448),
(5457, ' Pulau Dullah Selatan', 448),
(5458, ' Pulau Dullah Utara', 448),
(5459, ' Tayando Tam', 448),
(5460, ' Weda', 451),
(5461, ' Pulau Gebe', 451),
(5462, ' Patani', 451),
(5463, ' Weda Utara', 451),
(5464, ' Weda Selatan', 451),
(5465, ' Patani Utara', 451),
(5466, ' Sahu', 449),
(5467, ' Ibu', 449),
(5468, ' Loloda', 449),
(5469, ' Jailolo Selatan', 449),
(5470, ' Jailolo', 449),
(5471, ' Sahu Timur', 449),
(5472, ' Ibu Selatan', 449),
(5473, ' Ibu Utara', 449),
(5474, ' Morotai Utara', 453),
(5475, ' Morotai Selatan Barat', 453),
(5476, ' Morotai Selatan', 453),
(5477, ' Galela', 453),
(5478, ' Tobelo', 453),
(5479, ' Tobelo Selatan', 453),
(5480, ' Kao', 453),
(5481, ' Malifut', 453),
(5482, ' Loloda Utara', 453),
(5483, ' Tobelo Utara', 453),
(5484, ' Tobelo Tengah', 453),
(5485, ' Tobelo Timur', 453),
(5486, ' Tobelo Barat', 453),
(5487, ' Galela Barat', 453),
(5488, ' Galela Utara', 453),
(5489, ' Galela Selatan', 453),
(5490, ' Morotai Timur', 453),
(5491, ' Morotai Jaya', 453),
(5492, ' Loloda Kepulauan', 453),
(5493, ' Kao Utara', 453),
(5494, ' Kao Barat', 453),
(5495, ' Kao Teluk', 453),
(5496, ' Bacan Timur', 450),
(5497, ' Bacan Barat', 450),
(5498, ' Bacan', 450),
(5499, ' Obi', 450),
(5500, ' Gane Barat', 450),
(5501, ' Gane Timur', 450),
(5502, ' Kayoa', 450),
(5503, ' Pulau Makian', 450),
(5504, ' Obi Selatan', 450),
(5505, ' Obi Barat', 450),
(5506, ' Obi Timur', 450),
(5507, ' Obi Utara', 450),
(5508, ' Mandioli Selatan', 450),
(5509, ' Mandioli Utara', 450),
(5510, ' Bancan Selatan', 450),
(5511, ' Batang Lomang', 450),
(5512, ' Bacan Timur Selatan', 450),
(5513, ' Bacan Timur Tengah', 450),
(5514, ' Kasiruta Barat', 450),
(5515, ' Kasiruta Timur', 450),
(5516, ' Bacan Barat Utara', 450),
(5517, ' Kayoa Barat', 450),
(5518, ' Kayoa Selatan', 450),
(5519, ' Kayoa Utara', 450),
(5520, ' Makian Barat', 450),
(5521, ' Gane Selatan', 450),
(5522, ' Gane Utara', 450),
(5523, ' Kepulauan Joronga', 450),
(5524, ' Gane Timur Tengah', 450),
(5525, ' Gane Timur Selatan', 450),
(5526, ' Wasile Tengah', 452),
(5527, ' Wasile Utara', 452),
(5528, ' Wasile Timur', 452),
(5529, ' Maba Tengah', 452),
(5530, ' Maba Utara', 452),
(5531, ' Kota Maba', 452),
(5532, ' Wasile', 452),
(5533, ' Maba', 452),
(5534, ' Maba Selatan', 452),
(5535, ' Wasile Selatan', 452),
(5536, ' Sanana', 454),
(5537, ' Sula Besi Barat', 454),
(5538, ' Mangoli Timur', 454),
(5539, ' Taliabu Barat', 454),
(5540, ' Taliabu Timur', 454),
(5541, ' Mangoli Barat', 454),
(5542, ' Sula Besi Selatan', 454),
(5543, ' Sula Besi Tengah', 454),
(5544, ' Sula Besi Timur', 454),
(5545, ' Sanana Utara', 454),
(5546, ' Mangoli Tengah', 454),
(5547, ' Mangoli Utara Timur', 454),
(5548, ' Mangoli Utara', 454),
(5549, ' Mangoli Selatan', 454),
(5550, ' Taliabu Timur Selatan', 454),
(5551, ' Taliabu Utara', 454),
(5552, ' Taliabu Barat Laut', 454),
(5553, ' Lede', 454),
(5554, ' Taliabu Selatan', 454),
(5555, ' Morotai Selatan Barat', 455),
(5556, ' Morotai Selatan', 455),
(5557, ' Morotai Utara', 455),
(5558, ' Morotai Jaya', 455),
(5559, ' Morotai Timur', 455),
(5560, ' Pulau Ternate', 456),
(5561, ' Ternate Selatan', 456),
(5562, ' Ternate Utara', 456),
(5563, ' Moti', 456),
(5564, ' Pulau Batang Dua', 456),
(5565, ' Ternate Tengah', 456),
(5566, ' Tidore Selatan', 457),
(5567, ' Tidore Utara', 457),
(5568, ' Oba', 457),
(5569, ' Oba Utara', 457),
(5570, ' Oba Tengah', 457),
(5571, ' Oba Selatan', 457),
(5572, ' Tidore', 457),
(5573, ' Tidore Timur', 457),
(5574, ' Gerokgak', 272),
(5575, ' Seririt', 272),
(5576, ' Busungbiu', 272),
(5577, ' Banjar', 272),
(5578, ' Sukasada', 272),
(5579, ' Buleleng', 272),
(5580, ' Sawan', 272),
(5581, ' Kubutambahan', 272),
(5582, ' Tejakula', 272),
(5583, ' Melaya', 274),
(5584, ' Negara', 274),
(5585, ' Jembrana', 274),
(5586, ' Mendoyo', 274),
(5587, ' Pekutatan', 274),
(5588, ' Selemadeg', 277),
(5589, ' Selemadeg Timur', 277),
(5590, ' Selemadeg Barat', 277),
(5591, ' Kerambitan', 277),
(5592, ' Tabanan', 277),
(5593, ' Kediri', 277),
(5594, ' Marga', 277),
(5595, ' Baturiti', 277),
(5596, ' Penebel', 277),
(5597, ' Pupuan', 277),
(5598, ' Kuta Selatan', 270),
(5599, ' Kuta', 270),
(5600, ' Kuta Utara', 270),
(5601, ' Mengwi', 270),
(5602, ' Abiansemal', 270),
(5603, ' Petang', 270),
(5604, ' Sukawati', 273),
(5605, ' Blahbatuh', 273),
(5606, ' Gianyar', 273),
(5607, ' Tampak Siring', 273),
(5608, ' Ubud', 273),
(5609, ' Tegallalang', 273),
(5610, ' Payangan', 273),
(5611, ' Nusapenida', 276),
(5612, ' Banjarangkan', 276),
(5613, ' Klungkung', 276),
(5614, ' Dawan', 276),
(5615, ' Susut', 271),
(5616, ' Bangli', 271),
(5617, ' Tembuku', 271),
(5618, ' Kintamani', 271),
(5619, ' Rendang', 275),
(5620, ' Sidemen', 275),
(5621, ' Manggis', 275),
(5622, ' Karang Asem', 275),
(5623, ' Abang', 275),
(5624, ' Bebandem', 275),
(5625, ' Selat', 275),
(5626, ' Kubu', 275),
(5627, ' Denpasar Selatan', 278),
(5628, ' Denpasar Timur', 278),
(5629, ' Denpasar Barat', 278),
(5630, ' Denpasar Utara', 278),
(5631, ' Sekotong Tengah', 281),
(5632, ' Gerung', 281),
(5633, ' Labuapi', 281),
(5634, ' Kediri', 281),
(5635, ' Narmada', 281),
(5636, ' Gunung Sari', 281),
(5637, ' Kuripan', 281),
(5638, ' Lembar', 281),
(5639, ' Batu Layar', 281),
(5640, ' Lingsar', 281),
(5641, ' Praya Barat', 282),
(5642, ' Pujut', 282),
(5643, ' Praya Timur', 282),
(5644, ' Janapria', 282),
(5645, ' Kopang', 282),
(5646, ' Praya', 282),
(5647, ' Jonggat', 282),
(5648, ' Pringgarata', 282),
(5649, ' Batukliang', 282),
(5650, ' Batukliang Utara', 282),
(5651, ' Praya Barat Daya', 282),
(5652, ' Praya Tengah', 282),
(5653, ' Keruak', 283),
(5654, ' Sakra', 283),
(5655, ' Terara', 283),
(5656, ' Sikur', 283),
(5657, ' Masbagik', 283),
(5658, ' Sukamulia', 283),
(5659, ' Selong', 283),
(5660, ' Pringgabaya', 283),
(5661, ' Aikmel', 283),
(5662, ' Sambelia', 283),
(5663, ' Labuhan Haji', 283),
(5664, ' Suralaga', 283),
(5665, ' Sakra Timur', 283),
(5666, ' Sakra Barat', 283),
(5667, ' Jerowaru', 283),
(5668, ' Pringgasela', 283),
(5669, ' Montong Gading', 283),
(5670, ' Wanasaba', 283),
(5671, ' Sembalun', 283),
(5672, ' Suela', 283),
(5673, ' Lunyuk', 285),
(5674, ' Alas', 285),
(5675, ' Batu Lanten', 285),
(5676, ' Sumbawa', 285),
(5677, ' Moyohilir', 285),
(5678, ' Moyohulu', 285),
(5679, ' Ropang', 285),
(5680, ' Plampang', 285),
(5681, ' Empang', 285),
(5682, ' Labuhan Badas', 285),
(5683, ' Alas Barat', 285),
(5684, ' Labangka', 285),
(5685, ' Unter Iwes', 285),
(5686, ' Rhee', 285),
(5687, ' Buer', 285),
(5688, ' Moyo Utara', 285),
(5689, ' Maronge', 285),
(5690, ' Tarano', 285),
(5691, ' Lopok', 285),
(5692, ' Lenangguar', 285),
(5693, ' Orong Telu', 285),
(5694, ' Utan', 285),
(5695, ' Lape', 285),
(5696, ' Hu''U', 280),
(5697, ' Dompu', 280),
(5698, ' Woja', 280),
(5699, ' Kilo', 280),
(5700, ' Kempo', 280),
(5701, ' Pekat', 280),
(5702, ' Pajo', 280),
(5703, ' Manggelewa', 280),
(5704, ' Monta', 279),
(5705, ' Bolo', 279),
(5706, ' Woha', 279),
(5707, ' Belo', 279),
(5708, ' Wawo', 279),
(5709, ' Sape', 279),
(5710, ' Wera', 279),
(5711, ' Donggo', 279),
(5712, ' Sanggar', 279),
(5713, ' Lambu', 279),
(5714, ' Tambora', 279),
(5715, ' Ambalawi', 279),
(5716, ' Mada Pangga', 279),
(5717, ' Langgudu', 279),
(5718, ' Soromandi', 279),
(5719, ' Parado', 279),
(5720, ' Lambitu', 279),
(5721, ' Palibelo', 279),
(5722, ' Jereweh', 286),
(5723, ' Taliwang', 286),
(5724, ' Seteluk', 286),
(5725, ' Brang Rea', 286),
(5726, ' Sekongkang', 286),
(5727, ' Maluk', 286),
(5728, ' Brang Ene', 286),
(5729, ' Poto Tano', 286),
(5730, ' Tanjung', 284),
(5731, ' Gangga', 284),
(5732, ' Bayan', 284),
(5733, ' Pemenang', 284),
(5734, ' Kayangan', 284),
(5735, ' Ampenan', 288),
(5736, ' Mataram', 288),
(5737, ' Cakranegara', 288),
(5738, ' Sekarbela', 288),
(5739, ' Selaperang', 288),
(5740, ' Sandubaya', 288),
(5741, ' Rasanae Barat', 287),
(5742, ' Rasanae Timur', 287),
(5743, ' Asakota', 287),
(5744, ' Raba', 287),
(5745, ' Mpunda', 287),
(5746, ' Raijua', 293),
(5747, ' Sabu Barat', 293),
(5748, ' Sabu Timur', 293),
(5749, ' Semau', 293),
(5750, ' Kupang Barat', 293),
(5751, ' Kupang Tengah', 293),
(5752, ' Amarasi', 293),
(5753, ' Kupang Timur', 293),
(5754, ' Sulamu', 293),
(5755, ' Fatuleu', 293),
(5756, ' Takari', 293),
(5757, ' Amfoang Selatan', 293),
(5758, ' Amfoang Utara', 293),
(5759, ' Sabu Tengah', 293),
(5760, ' Nekamese', 293),
(5761, ' Amabi Oefeto Timur', 293),
(5762, ' Amarasi Selatan', 293),
(5763, ' Amarasi Timur', 293),
(5764, ' Amarasi Barat', 293),
(5765, ' Amfoang Barat Daya', 293),
(5766, ' Amfoang Barat Laut', 293),
(5767, ' Sabu Liae', 293),
(5768, ' Hawu Mehara', 293),
(5769, ' Semau Selatan', 293),
(5770, ' Taebenu', 293),
(5771, ' Amabi Oefeto ', 293),
(5772, ' Fatuleu Tengah', 293),
(5773, ' Fatuleu Barat', 293),
(5774, ' Amfoang Timur', 293),
(5775, ' Mollo Utara', 307),
(5776, ' Mollo Selatan', 307),
(5777, ' Kota Soe', 307),
(5778, ' Amanuban Barat', 307),
(5779, ' Amanuban Selatan', 307),
(5780, ' Kuanfatu', 307),
(5781, ' Amanuban Tengah', 307),
(5782, ' Amanuban Timur', 307),
(5783, ' Kie', 307),
(5784, ' Amanatun Selatan', 307),
(5785, ' Amanatun Utara', 307),
(5786, ' Fatumnasi', 307),
(5787, ' Polen', 307),
(5788, ' Batuputih', 307),
(5789, ' Boking', 307),
(5790, ' Noebana', 307),
(5791, ' Nunkolo', 307),
(5792, ' Kot''Olin', 307),
(5793, ' Oenino', 307),
(5794, ' Kalbano', 307),
(5795, ' Kualin', 307),
(5796, ' Toianas', 307),
(5797, ' Mollo Barat', 307),
(5798, ' Kokbaun', 307),
(5799, ' Tobu', 307),
(5800, ' Nunbena', 307),
(5801, ' Mollo Tengah', 307),
(5802, ' Kuatnana', 307),
(5803, ' Noebeba', 307),
(5804, 'Fautmolo', 307),
(5805, 'Fatukopa', 307),
(5806, ' Santian', 307),
(5807, ' Miomafo Barat', 308),
(5808, ' Miomafo Timur', 308),
(5809, ' Kota Kefamenanu', 308),
(5810, ' Insana', 308),
(5811, ' Biboki Selatan', 308),
(5812, ' Biboki Utara', 308),
(5813, ' Noemuti', 308),
(5814, ' Insana Utara', 308),
(5815, ' Biboki Anleu', 308),
(5816, ' Noemuti Timur', 308),
(5817, ' Miomafo Tengah', 308),
(5818, ' Musi', 308),
(5819, ' Mutis', 308),
(5820, ' Bikomi Selatan', 308),
(5821, ' Bikomi Tengah', 308),
(5822, ' Bikomi Nilulat', 308),
(5823, ' Bikomi Utara', 308),
(5824, ' Naibenu', 308),
(5825, ' Insana Fafinesu', 308),
(5826, ' Insana Barat', 308),
(5827, ' Insana Tengah', 308),
(5828, ' Biboki Tanpah', 308),
(5829, ' Biboki Moenleu', 308),
(5830, ' Biboki Feotleu', 308),
(5831, ' Malaka Barat', 290),
(5832, ' Malaka Tengah', 290),
(5833, ' Malaka Timur', 290),
(5834, ' Kobalima', 290),
(5835, ' Tasifeto Barat', 290),
(5836, ' Atambua', 290),
(5837, ' Tasifeto Timur', 290),
(5838, ' Lamakmen', 290),
(5839, ' Kakuluk Mesak', 290),
(5840, ' Raihat', 290),
(5841, ' Rinhat', 290),
(5842, ' Sasita Mean', 290),
(5843, ' Weliman', 290),
(5844, ' Wewiku', 290),
(5845, ' Rai Manuk', 290),
(5846, ' Laen Manen', 290),
(5847, ' Lasiolat', 290),
(5848, ' Lamakmen Selatan', 290),
(5849, ' Lo Kufeu', 290),
(5850, ' Botin Leo Bele', 290),
(5851, ' Atambua Barat', 290),
(5852, ' Atambua Selatan', 290),
(5853, ' Nanaet Duabesi', 290),
(5854, ' Kobalima Timur', 290),
(5855, ' Pantar', 289),
(5856, ' Alor Barat Daya', 289),
(5857, ' Alor Selatan', 289),
(5858, ' Alor Timur', 289),
(5859, ' Teluk Mutiara', 289),
(5860, ' Alor Barat Laut', 289),
(5861, ' Alor Timur Laut', 289),
(5862, ' Alor Tengah Utara', 289),
(5863, ' Pantar Barat', 289),
(5864, ' Pantar Timur', 289),
(5865, ' Pantar Barat Laut', 289),
(5866, ' Pantar Tengah', 289),
(5867, ' Mataru', 289),
(5868, ' Pureman', 289),
(5869, ' Kabola', 289),
(5870, ' Pulau Pura', 289),
(5871, ' Lembur', 289),
(5872, ' Wulang Gitang', 292),
(5873, ' Tanjung Bunga', 292),
(5874, ' Larantuka', 292),
(5875, ' Solor Barat', 292),
(5876, ' Solor Timur', 292),
(5877, ' Adonara Barat', 292),
(5878, ' Adonara Timur', 292),
(5879, ' Titehena', 292),
(5880, ' Ile Boleng', 292),
(5881, ' Witihama', 292),
(5882, ' Kelubagolit', 292),
(5883, ' Wotan Ulumado', 292),
(5884, ' Ile Mandiri', 292),
(5885, ' Demon Pagong', 292),
(5886, ' Lewolema', 292),
(5887, ' Ilebura', 292),
(5888, ' Adonara', 292),
(5889, ' Adonara Tengah', 292),
(5890, ' Paga', 302),
(5891, ' Lela', 302),
(5892, ' Bola', 302),
(5893, ' Talibura', 302),
(5894, ' Kewapante', 302),
(5895, ' Nelle', 302),
(5896, ' Nitta', 302),
(5897, ' Alok', 302),
(5898, ' Mego', 302),
(5899, ' Waigete', 302),
(5900, ' Palue', 302),
(5901, ' Waiblama', 302),
(5902, ' Alok Barat', 302),
(5903, ' Alok Timur', 302),
(5904, ' Magependa', 302),
(5905, ' Koting', 302),
(5906, ' Tana Wawo', 302),
(5907, ' Hewokloang', 302),
(5908, ' Kangae', 302),
(5909, ' Doreng', 302),
(5910, ' Mapitara', 302),
(5911, ' Nangapanda', 291),
(5912, ' Ende', 291),
(5913, ' Ende Selatan', 291),
(5914, ' Ndona', 291),
(5915, ' Wolowaru', 291),
(5916, ' Mangekoba/Maurole', 291),
(5917, ' Detusoko', 291),
(5918, ' Maukaro', 291);
INSERT INTO `master_kecam` (`kecam_id`, `nama_kecam`, `kota_id`) VALUES
(5919, ' Wewaria', 291),
(5920, ' Wolojita', 291),
(5921, ' Pulau Ende', 291),
(5922, ' Kotabaru', 291),
(5923, ' Ndona Timur', 291),
(5924, ' Kelimutu', 291),
(5925, ' Lio Timur', 291),
(5926, ' Detukeli', 291),
(5927, ' Ndori', 291),
(5928, ' Ende Utara', 291),
(5929, ' Ende Tengah', 291),
(5930, ' Ende Timur', 291),
(5931, ' Aimere', 299),
(5932, ' Bajawa', 299),
(5933, ' Bajawa Utara', 299),
(5934, ' Riung', 299),
(5935, ' Golewa', 299),
(5936, ' Riung Barat', 299),
(5937, ' Soa', 299),
(5938, ' Jerebuu', 299),
(5939, ' Wolomeze', 299),
(5940, ' Satarmese', 295),
(5941, ' Langke Rembong', 295),
(5942, ' Ruteng', 295),
(5943, ' Cibal', 295),
(5944, ' Reok', 295),
(5945, ' Wae Ri''I', 295),
(5946, ' Lewa', 306),
(5947, ' Tabundung', 306),
(5948, ' Paberiwai', 306),
(5949, ' Pahunga Lodu', 306),
(5950, ' Rindi', 306),
(5951, ' Pandawai', 306),
(5952, ' Kota Waingapu', 306),
(5953, ' Haharu', 306),
(5954, ' Nggaha Oriangu', 306),
(5955, ' Karera', 306),
(5956, ' Umalulu', 306),
(5957, ' Kahaungu Eti', 306),
(5958, ' Matawai La Pau', 306),
(5959, ' Pinu Pahar', 306),
(5960, ' Wula Waijelu', 306),
(5961, ' Katala Hamu Lingu', 306),
(5962, ' Mahu', 306),
(5963, ' Ngadu Langa', 306),
(5964, ' Kambata Mapambuhang', 306),
(5965, ' Kambera', 306),
(5966, ' Kanatang', 306),
(5967, ' Loli', 303),
(5968, ' Kota Waikabubak', 303),
(5969, ' Wanokaka', 303),
(5970, ' Lamboya', 303),
(5971, ' Tana Righu', 303),
(5972, ' Laboya Barat', 303),
(5973, ' Naga Wutung', 294),
(5974, ' Atadei', 294),
(5975, ' Ile Ape', 294),
(5976, ' Lebatukan', 294),
(5977, ' Nubatukan', 294),
(5978, ' Omesuri', 294),
(5979, ' Buyasuri', 294),
(5980, ' Wulandoni', 294),
(5981, ' Ile Ape Timur', 294),
(5982, ' Rote Barat Daya', 300),
(5983, ' Rote Barat Laut', 300),
(5984, ' Lobalain', 300),
(5985, ' Rote Tengah', 300),
(5986, ' Pantai Baru', 300),
(5987, ' Rote Timur', 300),
(5988, ' Rote Barat', 300),
(5989, ' Rote Selatan', 300),
(5990, ' Komodo', 296),
(5991, ' Sano Nggoang', 296),
(5992, ' Lembor', 296),
(5993, ' Kuwus', 296),
(5994, ' Macang Pacar', 296),
(5995, ' Boleng', 296),
(5996, ' Welak', 296),
(5997, ' Aesesa', 298),
(5998, ' Boawae', 298),
(5999, ' Keo Tengah', 298),
(6000, ' Mauponggo', 298),
(6001, ' Nangaroro', 298),
(6002, ' Wolowae', 298),
(6003, ' Aesesa Selatan', 298),
(6004, ' Katikutana', 305),
(6005, ' Mamboro', 305),
(6006, ' Umbu Ratu Nggay', 305),
(6007, ' Umbu Ratu Nggay Barat', 305),
(6008, ' Katikutana Selatan', 305),
(6009, ' Kodi', 304),
(6010, ' Kodi Bangedo', 304),
(6011, ' Laura', 304),
(6012, ' Wewewa Barat', 304),
(6013, ' Wewewa Selatan', 304),
(6014, ' Wewewa Timur', 304),
(6015, ' Wewewa Utara', 304),
(6016, ' Kodi Utara', 304),
(6017, ' Elar', 297),
(6018, ' Kota Komba', 297),
(6019, ' Lamba Leda', 297),
(6020, ' Ponco Ranaka', 297),
(6021, ' Sambi Rambas', 297),
(6022, ' Borong', 297),
(6023, ' Raijua', 301),
(6024, ' Sabu Barat', 301),
(6025, ' Hawu Mehara', 301),
(6026, ' Sabu Timur', 301),
(6027, ' Sabu Liae', 301),
(6028, ' Sabu Tengah', 301),
(6029, ' Alak', 293),
(6030, ' Maulafa', 293),
(6031, ' Oebodo', 293),
(6032, ' Kelapa Lima', 293),
(6033, ' Kaureh', 486),
(6034, ' Kemtuk', 486),
(6035, ' Kemtuk Gresie', 486),
(6036, ' Nimboran', 486),
(6037, ' Nimbokrang', 486),
(6038, ' Unurum Guay', 486),
(6039, ' Demta', 486),
(6040, ' Depapre', 486),
(6041, ' Sentani Barat', 486),
(6042, ' Sentani', 486),
(6043, ' Sentani Timur', 486),
(6044, ' Airu', 486),
(6045, ' Yapsi', 486),
(6046, ' Nimboran Timur/Namblong', 486),
(6047, ' Waibu', 486),
(6048, ' Ebungfau', 486),
(6049, ' Ravenirara', 486),
(6050, ' Yokari', 486),
(6051, ' Gresi Selatan', 486),
(6052, ' Numfor Barat', 473),
(6053, ' Numfor Timur', 473),
(6054, ' Padaido', 473),
(6055, ' Biak Timur', 473),
(6056, ' Biak Kota', 473),
(6057, ' Samofa', 473),
(6058, ' Yendidori', 473),
(6059, ' Biak Utara', 473),
(6060, ' Warsa', 473),
(6061, ' Biak Barat', 473),
(6062, ' Swandiwe', 473),
(6063, ' Orkeri', 473),
(6064, ' Bruyandori', 473),
(6065, ' Poiru', 473),
(6066, ' Ainando Padaido', 473),
(6067, ' Oridek', 473),
(6068, ' Andey', 473),
(6069, ' Yawosi', 473),
(6070, ' Bondifuar', 473),
(6071, ' Yapen Timur', 485),
(6072, ' Angkaisera', 485),
(6073, ' Yapen Selatan', 485),
(6074, ' Yapen Barat', 485),
(6075, ' Poom', 485),
(6076, ' Kosiwo', 485),
(6077, ' Yapen Utara', 485),
(6078, ' Raimbawi', 485),
(6079, ' Teluk Ampimoi', 485),
(6080, ' Kepulauan Ambai', 485),
(6081, ' Wonawa', 485),
(6082, ' Windesi', 485),
(6083, ' Kimaam', 469),
(6084, ' Okaba', 469),
(6085, ' Kurik', 469),
(6086, ' Merauke', 469),
(6087, ' Muting', 469),
(6088, ' Distrik Ulilin', 469),
(6089, ' Semangga', 469),
(6090, ' Tanah Miring', 469),
(6091, ' Jagebob', 469),
(6092, ' Sota', 469),
(6093, ' Eligobel', 469),
(6094, ' Naukenjerai', 469),
(6095, ' Animha', 469),
(6096, ' Malind', 469),
(6097, ' Tubang', 469),
(6098, ' Ngunti', 469),
(6099, ' Kaptel', 469),
(6100, ' Tabonji', 469),
(6101, ' Waan', 469),
(6102, ' Ilwayab', 469),
(6103, ' Asologaima', 470),
(6104, ' Kurulu', 470),
(6105, ' Abenaho', 470),
(6106, ' Walelagama', 470),
(6107, ' Musatfak', 470),
(6108, ' Asolokobal', 470),
(6109, ' Pelebaga', 470),
(6110, ' Yalengga', 470),
(6111, ' Wamena', 470),
(6112, ' Hubikosi', 470),
(6113, ' Bolakme', 470),
(6114, ' Wollo', 470),
(6115, ' Uwapa', 471),
(6116, ' Yaur', 471),
(6117, ' Wanggar', 471),
(6118, ' Nabire', 471),
(6119, ' Napan', 471),
(6120, ' Siriwo', 471),
(6121, ' Teluk Umar', 471),
(6122, ' Makimi', 471),
(6123, ' Teluk Kimi', 471),
(6124, ' Yarokibisay', 471),
(6125, ' Dipa', 471),
(6126, ' Nabire Barat', 471),
(6127, ' Wapoga', 471),
(6128, ' Paniai Timur', 474),
(6129, ' Bibida', 474),
(6130, ' Aradide', 474),
(6131, ' Paniai Barat', 474),
(6132, ' Bogoboida', 474),
(6133, ' Yatamo', 474),
(6134, ' Kebo', 474),
(6135, ' Dumadama', 474),
(6136, ' Ekadide', 474),
(6137, ' Siriwo', 474),
(6138, ' Fawi', 475),
(6139, ' Mulia', 475),
(6140, ' Ilu', 475),
(6141, ' Mewoluk', 475),
(6142, ' Yamo', 475),
(6143, ' Torere', 475),
(6144, ' Jigonikme', 475),
(6145, ' Tingginambut', 475),
(6146, ' Mimika Barat', 476),
(6147, ' Mimika Timur', 476),
(6148, ' Mimika Baru', 476),
(6149, ' Agimuga', 476),
(6150, ' Mimika Barat Jauh', 476),
(6151, ' Mimika Barat Tengah', 476),
(6152, ' Tembagapura', 476),
(6153, ' Jila', 476),
(6154, ' Jita', 476),
(6155, ' Kuala Kencana', 476),
(6156, ' Mimika Timur Tengah', 476),
(6157, ' Mimika Timur Jauh', 476),
(6158, ' Jair', 477),
(6159, ' Mindiptana', 477),
(6160, ' Mandobo', 477),
(6161, ' Kouh', 477),
(6162, ' Waropko', 477),
(6163, ' Distrik Bomakia', 477),
(6164, ' Subur', 477),
(6165, ' Iniyandit', 477),
(6166, ' Fofi', 477),
(6167, ' Arimop', 477),
(6168, ' Firiwage', 477),
(6169, ' Manggelum', 477),
(6170, ' Yaniruma', 477),
(6171, ' Ambatkwi', 477),
(6172, ' Nambioman Bapai', 478),
(6173, ' Edera', 478),
(6174, ' Obaa', 478),
(6175, ' Haju', 478),
(6176, ' Assue', 478),
(6177, ' Citakmitak', 478),
(6178, ' Minyamur', 478),
(6179, ' Venaha', 478),
(6180, ' Passue', 478),
(6181, ' Kaibar', 478),
(6182, ' Pantai Kasuari', 479),
(6183, ' Fayit', 479),
(6184, ' Atsy', 479),
(6185, ' Suator', 479),
(6186, ' Akat', 479),
(6187, ' Agats', 479),
(6188, ' Sawaerma', 479),
(6189, ' Kurima', 480),
(6190, ' Ninia', 480),
(6191, ' Anggruk', 480),
(6192, ' Dekai', 480),
(6193, ' Obio', 480),
(6194, ' Suru Suru', 480),
(6195, ' Wusuma', 480),
(6196, ' Amuma', 480),
(6197, ' Wusaik', 480),
(6198, ' Pasema', 480),
(6199, ' Hogio', 480),
(6200, ' Mogi', 480),
(6201, ' Soba', 480),
(6202, ' Werima', 480),
(6203, ' Tangma', 480),
(6204, ' Ukha', 480),
(6205, ' Panggema', 480),
(6206, ' Kosarek', 480),
(6207, ' Nipsan', 480),
(6208, ' Ubahak', 480),
(6209, ' Pronggoli', 480),
(6210, ' Walma', 480),
(6211, ' Yahuliambut', 480),
(6212, ' Puldama', 480),
(6213, ' Hereapingi', 480),
(6214, ' Ubahili', 480),
(6215, ' Talambo', 480),
(6216, ' Endomen', 480),
(6217, ' Kona', 480),
(6218, ' Dirwemna', 480),
(6219, ' Holuwon', 480),
(6220, ' Lolat', 480),
(6221, ' Soloikma', 480),
(6222, ' Sela', 480),
(6223, ' Korupun', 480),
(6224, ' Langda', 480),
(6225, ' Bomela', 480),
(6226, ' Suntamon', 480),
(6227, ' Seredela', 480),
(6228, ' Sobaham', 480),
(6229, ' Kabianggama', 480),
(6230, ' Kwelamdua', 480),
(6231, ' Kwikma', 480),
(6232, ' Hilipuk', 480),
(6233, ' Duram', 480),
(6234, ' Yogosem', 480),
(6235, ' Kayo', 480),
(6236, ' Sumo', 480),
(6237, ' Silimo', 480),
(6238, ' Samenage', 480),
(6239, ' Nalca', 480),
(6240, ' Okiwur', 481),
(6241, ' Oksibil', 481),
(6242, ' Borme', 481),
(6243, ' Okbibab', 481),
(6244, ' Kiwirok', 481),
(6245, ' Batom', 481),
(6246, ' Pepera', 481),
(6247, ' Bime', 481),
(6248, ' Aboy', 481),
(6249, ' Kiwirok Timur', 481),
(6250, ' Kawor', 481),
(6251, ' Tarup', 481),
(6252, ' Alemsom', 481),
(6253, ' Serambakon', 481),
(6254, ' Kalomdom', 481),
(6255, ' Oksop', 481),
(6256, ' Epumek', 481),
(6257, ' Weime', 481),
(6258, ' Okbab', 481),
(6259, ' Teiraplu', 481),
(6260, ' Sopsebang', 481),
(6261, ' Hokhika', 481),
(6262, 'Oklip', 481),
(6263, ' Oksamol', 481),
(6264, ' Bemta', 481),
(6265, ' Kanggime', 482),
(6266, ' Karubaga', 482),
(6267, ' Bokondini', 482),
(6268, ' Kembu', 482),
(6269, ' Goyage', 482),
(6270, ' Kubu', 482),
(6271, ' Geya', 482),
(6272, ' Numba', 482),
(6273, ' Dundu', 482),
(6274, ' Gudage', 482),
(6275, ' Timori', 482),
(6276, ' Konda', 482),
(6277, ' Nelawi', 482),
(6278, ' Kuari', 482),
(6279, ' Bokoneri', 482),
(6280, ' Bewani', 482),
(6281, ' Komboneri', 482),
(6282, ' Nabunage', 482),
(6283, ' Wakuo', 482),
(6284, ' Nunggawi', 482),
(6285, ' Woniki', 482),
(6286, ' Wunin', 482),
(6287, ' Wina', 482),
(6288, ' Panaga', 482),
(6289, ' Poganeri', 482),
(6290, ' Dow', 482),
(6291, ' Wari/Taiyeve', 482),
(6292, ' Dorman', 482),
(6293, ' Sbey', 482),
(6294, ' Umagi', 482),
(6295, ' Gilungbandu', 482),
(6296, ' Yuneri', 482),
(6297, ' Taginire', 482),
(6298, ' Egiam', 482),
(6299, ' Air Garam', 482),
(6300, ' Pantai Timur', 483),
(6301, ' Bonggo', 483),
(6302, ' Tor Atas', 483),
(6303, ' Sarmi', 483),
(6304, ' Pantai Barat', 483),
(6305, ' Pantai Timur Bagian Barat', 483),
(6306, ' Pantai Timur Bagian Timur', 483),
(6307, ' Bonggo Barat', 483),
(6308, ' Bonggo Timur', 483),
(6309, ' Sarmi Timur', 483),
(6310, ' Sarmi Barat', 483),
(6311, ' Apawert Hulu', 483),
(6312, ' Web', 484),
(6313, ' Senggi', 484),
(6314, ' Waris', 484),
(6315, ' Arso', 484),
(6316, ' Skamto', 484),
(6317, ' Towe Hitam', 484),
(6318, ' Arso Timur', 484),
(6319, ' Waropen Bawah', 485),
(6320, ' Masirei', 485),
(6321, ' Wulani', 485),
(6322, ' Inggerus', 485),
(6323, ' Ureifaisei', 485),
(6324, ' Oudate', 485),
(6325, ' Risei Sayati', 485),
(6326, ' Demba', 485),
(6327, ' Kirihi', 485),
(6328, ' Supiori Selatan', 495),
(6329, ' Yenggarbun', 495),
(6330, ' Supiori Timur', 495),
(6331, ' Kepulauan Aruri', 495),
(6332, ' Supiori Barat', 495),
(6333, ' Waropen Atas', 491),
(6334, ' Mamberamo Ilir', 491),
(6335, ' Mamberamo Tengah', 491),
(6336, ' Mamberamo Tengah Timur', 491),
(6337, ' Rufaer', 491),
(6338, ' Mamberamo Ulu', 491),
(6339, ' Benuki', 491),
(6340, ' Sawai', 491),
(6341, ' Wosak', 493),
(6342, ' Kenyam', 493),
(6343, ' Geselma', 493),
(6344, ' Mapenduma', 493),
(6345, ' Mugi', 493),
(6346, ' Yigi', 493),
(6347, ' Mbuwa', 493),
(6348, ' Gearek', 493),
(6349, ' Makki', 490),
(6350, ' Pirime', 490),
(6351, ' Tiom', 490),
(6352, ' Balingga', 490),
(6353, ' Kuyawage', 490),
(6354, ' Malagaineri', 490),
(6355, ' Tiomneri', 490),
(6356, ' Dimba', 490),
(6357, ' Gamelia', 490),
(6358, ' Poga', 490),
(6359, ' Kobakma', 492),
(6360, ' Ilugwa', 492),
(6361, ' Kelila', 492),
(6362, ' Eragayam', 492),
(6363, ' Megambilis', 492),
(6364, ' Welarek', 496),
(6365, ' Apalapsili', 496),
(6366, ' Abenaho', 496),
(6367, ' Elelim', 496),
(6368, ' Benawa', 496),
(6369, ' Agadugume', 494),
(6370, ' Gome', 494),
(6371, ' Ilaga', 494),
(6372, ' Sinak', 494),
(6373, ' Pogoma', 494),
(6374, ' Wangbe', 494),
(6375, ' Beoga', 494),
(6376, ' Doufo', 494),
(6377, ' Sukikai Selatan', 488),
(6378, ' Piyaiye', 488),
(6379, ' Mapia Barat', 488),
(6380, ' Mapia', 488),
(6381, ' Dogiyai', 488),
(6382, ' Kamu Selatan', 488),
(6383, ' Kamu', 488),
(6384, ' Mapia Tengah', 488),
(6385, ' Kamu Tmur', 488),
(6386, ' Kamu Utara', 488),
(6387, ' Tigi', 487),
(6388, ' Tigi Barat', 487),
(6389, ' Tigi Timur', 487),
(6390, ' Bowobado', 487),
(6391, ' Kapiraya', 487),
(6392, ' Sugapa', 489),
(6393, ' Hitadipa', 489),
(6394, ' Homeyo', 489),
(6395, ' Biandoga', 489),
(6396, ' Wandai', 489),
(6397, ' Agisiga', 489),
(6398, ' Muara Tami', 497),
(6399, ' Abepura', 497),
(6400, ' Heram', 497),
(6401, ' Jayapura Selatan', 497),
(6402, ' Jayapura Utara', 497),
(6403, ' Fak-Fak Timur', 458),
(6404, ' Karas', 458),
(6405, ' Fak-Fak', 458),
(6406, ' Fak-Fak Tengah', 458),
(6407, ' Fak-Fak Barat', 458),
(6408, ' Kokas', 458),
(6409, ' Teluk Patipi', 458),
(6410, ' Kramongmongga', 458),
(6411, ' Bomberay', 458),
(6412, ' Buruway', 459),
(6413, ' Teluk Arguni', 459),
(6414, ' Teluk Arguni Bawah', 459),
(6415, ' Kaimana', 459),
(6416, ' Kambrau', 459),
(6417, ' Teluk Etna', 459),
(6418, ' Yamor', 459),
(6419, ' Naikere', 467),
(6420, ' Wondiboy', 467),
(6421, ' Rasiey', 467),
(6422, ' Kuri Wamesa', 467),
(6423, ' Wasior', 467),
(6424, ' Duairi', 467),
(6425, ' Roon', 467),
(6426, ' Windesi', 467),
(6427, ' Wamesa', 467),
(6428, ' Roswar', 467),
(6429, ' Rumberpon', 467),
(6430, ' Soug Jaya', 467),
(6431, ' Irorutu/Fafuwar', 466),
(6432, ' Babo', 466),
(6433, ' Sumuri', 466),
(6434, ' Aroba', 466),
(6435, ' Kaitaro', 466),
(6436, ' Kuri', 466),
(6437, ' Idoor', 466),
(6438, ' Bintuni', 466),
(6439, ' Manimeri', 466),
(6440, ' Tuhiba', 466),
(6441, ' Dataran Beimes', 466),
(6442, ' Tembuni', 466),
(6443, ' Aranday', 466),
(6444, ' Komundan', 466),
(6445, ' Tomu', 466),
(6446, ' Weriagar', 466),
(6447, ' Moskona Selatan', 466),
(6448, ' Meyado', 466),
(6449, ' Moskona Barat', 466),
(6450, ' Merdey', 466),
(6451, ' Biscoop', 466),
(6452, ' Masyeta', 466),
(6453, ' Moskona Utara', 466),
(6454, ' Moskona Timur', 466),
(6455, ' Ransiki', 460),
(6456, ' Momi Waren', 460),
(6457, ' Nenei', 460),
(6458, ' Sururay', 460),
(6459, ' Anggi', 460),
(6460, ' Taige', 460),
(6461, ' Membey', 460),
(6462, ' Oransbari', 460),
(6463, ' Warmare', 460),
(6464, ' Prafi', 460),
(6465, ' Menyambouw', 460),
(6466, ' Catubouw', 460),
(6467, ' Manokwari Barat', 460),
(6468, ' Manokwari Timur', 460),
(6469, ' Manokwari Utara', 460),
(6470, ' Manokwari Selatan', 460),
(6471, ' Testega', 460),
(6472, ' Tanah Rubu', 460),
(6473, ' Kebar', 460),
(6474, ' Senopi', 460),
(6475, ' Amberbaken', 460),
(6476, ' Murbani/Arfu', 460),
(6477, ' Masni', 460),
(6478, ' Sidey', 460),
(6479, ' Tahosta', 460),
(6480, ' Didohu', 460),
(6481, ' Dataran Isim', 460),
(6482, ' Anggi Gida', 460),
(6483, ' Hingk', 460),
(6484, ' Inanwatan', 464),
(6485, ' Kokoda', 464),
(6486, ' Metemeini Kais', 464),
(6487, ' Aifat Timur', 464),
(6488, ' Aifat', 464),
(6489, ' Aitinyo', 464),
(6490, ' Peef', 464),
(6491, ' Moswaren', 464),
(6492, ' Teminabuan', 464),
(6493, ' Seremuk', 464),
(6494, ' Wayer', 464),
(6495, ' Sawiat', 464),
(6496, ' Ayamaru', 464),
(6497, ' Mare', 464),
(6498, ' Ayamaru Utara', 464),
(6499, ' Sausapor', 463),
(6500, ' Fef', 463),
(6501, ' Abun', 463),
(6502, ' Miyah', 463),
(6503, ' Moraid', 463),
(6504, ' Makbon', 463),
(6505, ' Beraur', 463),
(6506, ' Klamono', 463),
(6507, ' Salawati', 463),
(6508, ' Manyamuk', 463),
(6509, ' Seget', 463),
(6510, ' Segun', 463),
(6511, ' Salawati Selatan', 463),
(6512, ' Aimas', 463),
(6513, ' Sayosa', 463),
(6514, ' Misool Selatan', 462),
(6515, ' Misool', 462),
(6516, ' Kofiau', 462),
(6517, ' Misool Timur Utara', 462),
(6518, ' Salawati Utara', 462),
(6519, ' Selat Sagawin', 462),
(6520, ' Waigeo Selatan', 462),
(6521, ' Teluk Mayalibit', 462),
(6522, ' Meos Mansar', 462),
(6523, ' Waigeo Barat', 462),
(6524, ' Waigeo Utara', 462),
(6525, ' Kepulauan Ayau', 462),
(6526, ' Waigeo Timur', 462),
(6527, ' Feef', 465),
(6528, ' Miyah', 465),
(6529, ' Yembun', 465),
(6530, ' Kwoor', 465),
(6531, ' Sausapor', 465),
(6532, ' Abun', 465),
(6533, ' Aifat', 461),
(6534, ' Aifat Utara', 461),
(6535, ' Aifat Timur', 461),
(6536, ' Aifat Selatan', 461),
(6537, ' Aitinyo Barat', 461),
(6538, ' Aitinyo', 461),
(6539, ' Aitinyo Utara', 461),
(6540, ' Ayamaru ', 461),
(6541, ' Ayamaru Utara', 461),
(6542, ' Ayamaru Timur', 461),
(6543, ' Mare', 461),
(6544, ' Sorong Barat', 468),
(6545, ' Sorong Timur', 468),
(6546, ' Sorong', 468),
(6547, ' Sorong Kepulauan', 468),
(6548, ' Sorong Utara', 468);

-- --------------------------------------------------------

--
-- Table structure for table `master_kokab`
--

CREATE TABLE IF NOT EXISTS `master_kokab` (
`kota_id` int(10) NOT NULL,
  `kokab_nama` varchar(30) DEFAULT NULL,
  `provinsi_id` int(10) DEFAULT NULL
) ENGINE=InnoDB AUTO_INCREMENT=503 DEFAULT CHARSET=latin1;

--
-- Dumping data for table `master_kokab`
--

INSERT INTO `master_kokab` (`kota_id`, `kokab_nama`, `provinsi_id`) VALUES
(1, 'Kabupaten Aceh Barat', 1),
(2, 'Kabupaten Aceh Barat Daya', 1),
(3, 'Kabupaten Aceh Besar', 1),
(4, 'Kabupaten Aceh Jaya', 1),
(5, 'Kabupaten Aceh Selatan', 1),
(6, 'Kabupaten Aceh Singkil', 1),
(7, 'Kabupaten Aceh Tamiang', 1),
(8, 'Kabupaten Aceh Tengah', 1),
(9, 'Kabupaten Aceh Tenggara', 1),
(10, 'Kabupaten Aceh Timur', 1),
(11, 'Kabupaten Aceh Utara', 1),
(12, 'Kabupaten Bener Meriah', 1),
(13, 'Kabupaten Bireuen', 1),
(14, 'Kabupaten Gayo Luwes', 1),
(15, 'Kabupaten Nagan Raya', 1),
(16, 'Kabupaten Pidie', 1),
(17, 'Kabupaten Pidie Jaya', 1),
(18, 'Kabupaten Simeulue', 1),
(19, 'Kota Banda Aceh', 1),
(20, 'Kota Langsa', 1),
(21, 'Kota Lhokseumawe', 1),
(22, 'Kota Sabang', 1),
(23, 'Kota Subulussalam', 1),
(24, 'Kabupaten Asahan', 2),
(25, 'Kabupaten Batubara', 2),
(26, 'Kabupaten Dairi', 2),
(27, 'Kabupaten Deli Serdang', 2),
(28, 'Kabupaten Humbang Hasundutan', 2),
(29, 'Kabupaten Karo', 2),
(30, 'Kabupaten Labuhan Batu', 2),
(31, 'Kabupaten Labuhanbatu Selatan', 2),
(32, 'Kabupaten Labuhanbatu Utara', 2),
(33, 'Kabupaten Langkat', 2),
(34, 'Kabupaten Mandailing Natal', 2),
(35, 'Kabupaten Nias', 2),
(36, 'Kabupaten Nias Barat', 2),
(37, 'Kabupaten Nias Selatan', 2),
(38, 'Kabupaten Nias Utara', 2),
(39, 'Kabupaten Padang Lawas', 2),
(40, 'Kabupaten Padang Lawas Utara', 2),
(41, 'Kabupaten Pakpak Barat', 2),
(42, 'Kabupaten Samosir', 2),
(43, 'Kabupaten Serdang Bedagai', 2),
(44, 'Kabupaten Simalungun', 2),
(45, 'Kabupaten Tapanuli Selatan', 2),
(46, 'Kabupaten Tapanuli Tengah', 2),
(47, 'Kabupaten Tapanuli Utara', 2),
(48, 'Kabupaten Toba Samosir', 2),
(49, 'Kota Binjai', 2),
(50, 'Kota Gunung Sitoli', 2),
(51, 'Kota Medan', 2),
(52, 'Kota Padangsidempuan', 2),
(53, 'Kota Pematang Siantar', 2),
(54, 'Kota Sibolga', 2),
(55, 'Kota Tanjung Balai', 2),
(56, 'Kota Tebing Tinggi', 2),
(57, 'Kabupaten Agam', 3),
(58, 'Kabupaten Dharmas Raya', 3),
(59, 'Kabupaten Kepulauan Mentawai', 3),
(60, 'Kabupaten Lima Puluh Kota', 3),
(61, 'Kabupaten Padang Pariaman', 3),
(62, 'Kabupaten Pasaman', 3),
(63, 'Kabupaten Pasaman Barat', 3),
(64, 'Kabupaten Pesisir Selatan', 3),
(65, 'Kabupaten Sijunjung', 3),
(66, 'Kabupaten Solok', 3),
(67, 'Kabupaten Solok Selatan', 3),
(68, 'Kabupaten Tanah Datar', 3),
(69, 'Kota Bukittinggi', 3),
(70, 'Kota Padang', 3),
(71, 'Kota Padang Panjang', 3),
(72, 'Kota Pariaman', 3),
(73, 'Kota Payakumbuh', 3),
(74, 'Kota Sawah Lunto', 3),
(75, 'Kota Solok', 3),
(76, 'Kabupaten Bengkalis', 4),
(77, 'Kabupaten Indragiri Hilir', 4),
(78, 'Kabupaten Indragiri Hulu', 4),
(79, 'Kabupaten Kampar', 4),
(80, 'Kabupaten Kuantan Singingi', 4),
(81, 'Kabupaten Meranti', 4),
(82, 'Kabupaten Pelalawan', 4),
(83, 'Kabupaten Rokan Hilir', 4),
(84, 'Kabupaten Rokan Hulu', 4),
(85, 'Kabupaten Siak', 4),
(86, 'Kota Dumai', 4),
(87, 'Kota Pekanbaru', 4),
(88, 'Kabupaten Bintan', 5),
(89, 'Kabupaten Karimun', 5),
(90, 'Kabupaten Kepulauan Anambas', 5),
(91, 'Kabupaten Lingga', 5),
(92, 'Kabupaten Natuna', 5),
(93, 'Kota Batam', 5),
(94, 'Kota Tanjung Pinang', 5),
(95, 'Kabupaten Bangka', 6),
(96, 'Kabupaten Bangka Barat', 6),
(97, 'Kabupaten Bangka Selatan', 6),
(98, 'Kabupaten Bangka Tengah', 6),
(99, 'Kabupaten Belitung', 6),
(100, 'Kabupaten Belitung Timur', 6),
(101, 'Kota Pangkal Pinang', 6),
(102, 'Kabupaten Kerinci', 7),
(103, 'Kabupaten Merangin', 7),
(104, 'Kabupaten Sarolangun', 7),
(105, 'Kabupaten Batang Hari', 7),
(106, 'Kabupaten Muaro Jambi', 7),
(107, 'Kabupaten Tanjung Jabung Timur', 7),
(108, 'Kabupaten Tanjung Jabung Barat', 7),
(109, 'Kabupaten Tebo', 7),
(110, 'Kabupaten Bungo', 7),
(111, 'Kota Jambi', 7),
(112, 'Kota Sungai Penuh', 7),
(113, 'Kabupaten Bengkulu Selatan', 8),
(114, 'Kabupaten Bengkulu Tengah', 8),
(115, 'Kabupaten Bengkulu Utara', 8),
(116, 'Kabupaten Kaur', 8),
(117, 'Kabupaten Kepahiang', 8),
(118, 'Kabupaten Lebong', 8),
(119, 'Kabupaten Mukomuko', 8),
(120, 'Kabupaten Rejang Lebong', 8),
(121, 'Kabupaten Seluma', 8),
(122, 'Kota Bengkulu', 8),
(123, 'Kabupaten Banyuasin', 9),
(124, 'Kabupaten Empat Lawang', 9),
(125, 'Kabupaten Lahat', 9),
(126, 'Kabupaten Muara Enim', 9),
(127, 'Kabupaten Musi Banyu Asin', 9),
(128, 'Kabupaten Musi Rawas', 9),
(129, 'Kabupaten Ogan Ilir', 9),
(130, 'Kabupaten Ogan Komering Ilir', 9),
(131, 'Kabupaten Ogan Komering Ulu', 9),
(132, 'Kabupaten Ogan Komering Ulu Se', 9),
(133, 'Kabupaten Ogan Komering Ulu Ti', 9),
(134, 'Kota Lubuklinggau', 9),
(135, 'Kota Pagar Alam', 9),
(136, 'Kota Palembang', 9),
(137, 'Kota Prabumulih', 9),
(138, 'Kabupaten Lampung Barat', 10),
(139, 'Kabupaten Lampung Selatan', 10),
(140, 'Kabupaten Lampung Tengah', 10),
(141, 'Kabupaten Lampung Timur', 10),
(142, 'Kabupaten Lampung Utara', 10),
(143, 'Kabupaten Mesuji', 10),
(144, 'Kabupaten Pesawaran', 10),
(145, 'Kabupaten Pringsewu', 10),
(146, 'Kabupaten Tanggamus', 10),
(147, 'Kabupaten Tulang Bawang', 10),
(148, 'Kabupaten Tulang Bawang Barat', 10),
(149, 'Kabupaten Way Kanan', 10),
(150, 'Kota Bandar Lampung', 10),
(151, 'Kota Metro', 10),
(152, 'Kabupaten Lebak', 11),
(153, 'Kabupaten Pandeglang', 11),
(154, 'Kabupaten Serang', 11),
(155, 'Kabupaten Tangerang', 11),
(156, 'Kota Cilegon', 11),
(157, 'Kota Serang', 11),
(158, 'Kota Tangerang', 11),
(159, 'Kota Tangerang Selatan', 11),
(160, 'Kabupaten Adm. Kepulauan Serib', 12),
(161, 'Kota Jakarta Barat', 12),
(162, 'Kota Jakarta Pusat', 12),
(163, 'Kota Jakarta Selatan', 12),
(164, 'Kota Jakarta Timur', 12),
(165, 'Kota Jakarta Utara', 12),
(166, 'Kabupaten Bandung', 13),
(167, 'Kabupaten Bandung Barat', 13),
(168, 'Kabupaten Bekasi', 13),
(169, 'Kabupaten Bogor', 13),
(170, 'Kabupaten Ciamis', 13),
(171, 'Kabupaten Cianjur', 13),
(172, 'Kabupaten Cirebon', 13),
(173, 'Kabupaten Garut', 13),
(174, 'Kabupaten Indramayu', 13),
(175, 'Kabupaten Karawang', 13),
(176, 'Kabupaten Kuningan', 13),
(177, 'Kabupaten Majalengka', 13),
(178, 'Kabupaten Purwakarta', 13),
(179, 'Kabupaten Subang', 13),
(180, 'Kabupaten Sukabumi', 13),
(181, 'Kabupaten Sumedang', 13),
(182, 'Kabupaten Tasikmalaya', 13),
(183, 'Kota Bandung', 13),
(184, 'Kota Banjar', 13),
(185, 'Kota Bekasi', 13),
(186, 'Kota Bogor', 13),
(187, 'Kota Cimahi', 13),
(188, 'Kota Cirebon', 13),
(189, 'Kota Depok', 13),
(190, 'Kota Sukabumi', 13),
(191, 'Kota Tasikmalaya', 13),
(192, 'Kabupaten Banjarnegara', 14),
(193, 'Kabupaten Banyumas', 14),
(194, 'Kabupaten Batang', 14),
(195, 'Kabupaten Blora', 14),
(196, 'Kabupaten Boyolali', 14),
(197, 'Kabupaten Brebes', 14),
(198, 'Kabupaten Cilacap', 14),
(199, 'Kabupaten Demak', 14),
(200, 'Kabupaten Grobogan', 14),
(201, 'Kabupaten Jepara', 14),
(202, 'Kabupaten Karanganyar', 14),
(203, 'Kabupaten Kebumen', 14),
(204, 'Kabupaten Kendal', 14),
(205, 'Kabupaten Klaten', 14),
(206, 'Kabupaten Kota Tegal', 14),
(207, 'Kabupaten Kudus', 14),
(208, 'Kabupaten Magelang', 14),
(209, 'Kabupaten Pati', 14),
(210, 'Kabupaten Pekalongan', 14),
(211, 'Kabupaten Pemalang', 14),
(212, 'Kabupaten Purbalingga', 14),
(213, 'Kabupaten Purworejo', 14),
(214, 'Kabupaten Rembang', 14),
(215, 'Kabupaten Semarang', 14),
(216, 'Kabupaten Sragen', 14),
(217, 'Kabupaten Sukoharjo', 14),
(218, 'Kabupaten Temanggung', 14),
(219, 'Kabupaten Wonogiri', 14),
(220, 'Kabupaten Wonosobo', 14),
(221, 'Kota Magelang', 14),
(222, 'Kota Pekalongan', 14),
(223, 'Kota Salatiga', 14),
(224, 'Kota Semarang', 14),
(225, 'Kota Surakarta', 14),
(226, 'Kota Tegal', 14),
(227, 'Kabupaten Bantul', 15),
(228, 'Kabupaten Gunung Kidul', 15),
(229, 'Kabupaten Kulon Progo', 15),
(230, 'Kabupaten Sleman', 15),
(231, 'Kota Yogyakarta', 15),
(232, 'Kabupaten Bangkalan', 16),
(233, 'Kabupaten Banyuwangi', 16),
(234, 'Kabupaten Blitar', 16),
(235, 'Kabupaten Bojonegoro', 16),
(236, 'Kabupaten Bondowoso', 16),
(237, 'Kabupaten Gresik', 16),
(238, 'Kabupaten Jember', 16),
(239, 'Kabupaten Jombang', 16),
(240, 'Kabupaten Kediri', 16),
(241, 'Kabupaten Lamongan', 16),
(242, 'Kabupaten Lumajang', 16),
(243, 'Kabupaten Madiun', 16),
(244, 'Kabupaten Magetan', 16),
(245, 'Kabupaten Malang', 16),
(246, 'Kabupaten Mojokerto', 16),
(247, 'Kabupaten Nganjuk', 16),
(248, 'Kabupaten Ngawi', 16),
(249, 'Kabupaten Pacitan', 16),
(250, 'Kabupaten Pamekasan', 16),
(251, 'Kabupaten Pasuruan', 16),
(252, 'Kabupaten Ponorogo', 16),
(253, 'Kabupaten Probolinggo', 16),
(254, 'Kabupaten Sampang', 16),
(255, 'Kabupaten Sidoarjo', 16),
(256, 'Kabupaten Situbondo', 16),
(257, 'Kabupaten Sumenep', 16),
(258, 'Kabupaten Trenggalek', 16),
(259, 'Kabupaten Tuban', 16),
(260, 'Kabupaten Tulungagung', 16),
(261, 'Kota Batu', 16),
(262, 'Kota Blitar', 16),
(263, 'Kota Kediri', 16),
(264, 'Kota Madiun', 16),
(265, 'Kota Malang', 16),
(266, 'Kota Mojokerto', 16),
(267, 'Kota Pasuruan', 16),
(268, 'Kota Probolinggo', 16),
(269, 'Kota Surabaya', 16),
(270, 'Kabupaten Badung', 17),
(271, 'Kabupaten Bangli', 17),
(272, 'Kabupaten Buleleng', 17),
(273, 'Kabupaten Gianyar', 17),
(274, 'Kabupaten Jembrana', 17),
(275, 'Kabupaten Karang Asem', 17),
(276, 'Kabupaten Klungkung', 17),
(277, 'Kabupaten Tabanan', 17),
(278, 'Kota Denpasar', 17),
(279, 'Kabupaten Bima', 18),
(280, 'Kabupaten Dompu', 18),
(281, 'Kabupaten Lombok Barat', 18),
(282, 'Kabupaten Lombok Tengah', 18),
(283, 'Kabupaten Lombok Timur', 18),
(284, 'Kabupaten Lombok Utara', 18),
(285, 'Kabupaten Sumbawa', 18),
(286, 'Kabupaten Sumbawa Barat', 18),
(287, 'Kota Bima', 18),
(288, 'Kota Mataram', 18),
(289, 'Kabupaten Alor', 19),
(290, 'Kabupaten Belu', 19),
(291, 'Kabupaten Ende', 19),
(292, 'Kabupaten Flores Timur', 19),
(293, 'Kabupaten Kupang', 19),
(294, 'Kabupaten Lembata', 19),
(295, 'Kabupaten Manggarai', 19),
(296, 'Kabupaten Manggarai Barat', 19),
(297, 'Kabupaten Manggarai Timur', 19),
(298, 'Kabupaten Nagekeo', 19),
(299, 'Kabupaten Ngada', 19),
(300, 'Kabupaten Rote Ndao', 19),
(301, 'Kabupaten Sabu Raijua', 19),
(302, 'Kabupaten Sikka', 19),
(303, 'Kabupaten Sumba Barat', 19),
(304, 'Kabupaten Sumba Barat Daya', 19),
(305, 'Kabupaten Sumba Tengah', 19),
(306, 'Kabupaten Sumba Timur', 19),
(307, 'Kabupaten Timor Tengah Selatan', 19),
(308, 'Kabupaten Timor Tengah Utara', 19),
(309, 'Kota Kupang', 19),
(310, 'Kabupaten Bengkayang', 20),
(311, 'Kabupaten Kapuas Hulu', 20),
(312, 'Kabupaten Kayong Utara', 20),
(313, 'Kabupaten Ketapang', 20),
(314, 'Kabupaten Kubu Raya', 20),
(315, 'Kabupaten Landak', 20),
(316, 'Kabupaten Melawi', 20),
(317, 'Kabupaten Pontianak', 20),
(318, 'Kabupaten Sambas', 20),
(319, 'Kabupaten Sanggau', 20),
(320, 'Kabupaten Sekadau', 20),
(321, 'Kabupaten Sintang', 20),
(322, 'Kota Pontianak', 20),
(323, 'Kota Singkawang', 20),
(324, 'Kabupaten Barito Selatan', 21),
(325, 'Kabupaten Barito Timur', 21),
(326, 'Kabupaten Barito Utara', 21),
(327, 'Kabupaten Gunung Mas', 21),
(328, 'Kabupaten Kapuas', 21),
(329, 'Kabupaten Katingan', 21),
(330, 'Kabupaten Kotawaringin Barat', 21),
(331, 'Kabupaten Kotawaringin Timur', 21),
(332, 'Kabupaten Lamandau', 21),
(333, 'Kabupaten Murung Raya', 21),
(334, 'Kabupaten Pulang Pisau', 21),
(335, 'Kabupaten Seruyan', 21),
(336, 'Kabupaten Sukamara', 21),
(337, 'Kota Palangkaraya', 21),
(338, 'Kabupaten Balangan', 22),
(339, 'Kabupaten Banjar', 22),
(340, 'Kabupaten Barito Kuala', 22),
(341, 'Kabupaten Hulu Sungai Selatan', 22),
(342, 'Kabupaten Hulu Sungai Tengah', 22),
(343, 'Kabupaten Hulu Sungai Utara', 22),
(344, 'Kabupaten Kota Baru', 22),
(345, 'Kabupaten Tabalong', 22),
(346, 'Kabupaten Tanah Bumbu', 22),
(347, 'Kabupaten Tanah Laut', 22),
(348, 'Kabupaten Tapin', 22),
(349, 'Kota Banjar Baru', 22),
(350, 'Kota Banjarmasin', 22),
(351, 'Kabupaten Berau', 23),
(352, 'Kabupaten Bulongan', 23),
(353, 'Kabupaten Kutai Barat', 23),
(354, 'Kabupaten Kutai Kartanegara', 23),
(355, 'Kabupaten Kutai Timur', 23),
(356, 'Kabupaten Malinau', 23),
(357, 'Kabupaten Nunukan', 23),
(358, 'Kabupaten Paser', 23),
(359, 'Kabupaten Penajam Paser Utara', 23),
(360, 'Kabupaten Tana Tidung', 23),
(361, 'Kota Balikpapan', 23),
(362, 'Kota Bontang', 23),
(363, 'Kota Samarinda', 23),
(364, 'Kota Tarakan', 23),
(365, 'Kabupaten Boalemo', 24),
(366, 'Kabupaten Bone Bolango', 24),
(367, 'Kabupaten Gorontalo', 24),
(368, 'Kabupaten Gorontalo Utara', 24),
(369, 'Kabupaten Pohuwato', 24),
(370, 'Kota Gorontalo', 24),
(371, 'Kabupaten Bantaeng', 25),
(372, 'Kabupaten Barru', 25),
(373, 'Kabupaten Bone', 25),
(374, 'Kabupaten Bulukumba', 25),
(375, 'Kabupaten Enrekang', 25),
(376, 'Kabupaten Gowa', 25),
(377, 'Kabupaten Jeneponto', 25),
(378, 'Kabupaten Luwu', 25),
(379, 'Kabupaten Luwu Timur', 25),
(380, 'Kabupaten Luwu Utara', 25),
(381, 'Kabupaten Maros', 25),
(382, 'Kabupaten Pangkajene Kepulauan', 25),
(383, 'Kabupaten Pinrang', 25),
(384, 'Kabupaten Selayar', 25),
(385, 'Kabupaten Sidenreng Rappang', 25),
(386, 'Kabupaten Sinjai', 25),
(387, 'Kabupaten Soppeng', 25),
(388, 'Kabupaten Takalar', 25),
(389, 'Kabupaten Tana Toraja', 25),
(390, 'Kabupaten Toraja Utara', 25),
(391, 'Kabupaten Wajo', 25),
(392, 'Kota Makassar', 25),
(393, 'Kota Palopo', 25),
(394, 'Kota Pare-pare', 25),
(395, 'Kabupaten Bombana', 26),
(396, 'Kabupaten Buton', 26),
(397, 'Kabupaten Buton Utara', 26),
(398, 'Kabupaten Kolaka', 26),
(399, 'Kabupaten Kolaka Utara', 26),
(400, 'Kabupaten Konawe', 26),
(401, 'Kabupaten Konawe Selatan', 26),
(402, 'Kabupaten Konawe Utara', 26),
(403, 'Kabupaten Muna', 26),
(404, 'Kabupaten Wakatobi', 26),
(405, 'Kota Bau-bau', 26),
(406, 'Kota Kendari', 26),
(407, 'Kabupaten Banggai', 27),
(408, 'Kabupaten Banggai Kepulauan', 27),
(409, 'Kabupaten Buol', 27),
(410, 'Kabupaten Donggala', 27),
(411, 'Kabupaten Morowali', 27),
(412, 'Kabupaten Parigi Moutong', 27),
(413, 'Kabupaten Poso', 27),
(414, 'Kabupaten Sigi', 27),
(415, 'Kabupaten Tojo Una-Una', 27),
(416, 'Kabupaten Toli Toli', 27),
(417, 'Kota Palu', 27),
(418, 'Kabupaten Bolaang Mangondow', 28),
(419, 'Kabupaten Bolaang Mangondow Se', 28),
(420, 'Kabupaten Bolaang Mangondow Ti', 28),
(421, 'Kabupaten Bolaang Mangondow Ut', 28),
(422, 'Kabupaten Kepulauan Sangihe', 28),
(423, 'Kabupaten Kepulauan Siau Tagul', 28),
(424, 'Kabupaten Kepulauan Talaud', 28),
(425, 'Kabupaten Minahasa', 28),
(426, 'Kabupaten Minahasa Selatan', 28),
(427, 'Kabupaten Minahasa Tenggara', 28),
(428, 'Kabupaten Minahasa Utara', 28),
(429, 'Kota Bitung', 28),
(430, 'Kota Kotamobagu', 28),
(431, 'Kota Manado', 28),
(432, 'Kota Tomohon', 28),
(433, 'Kabupaten Majene', 29),
(434, 'Kabupaten Mamasa', 29),
(435, 'Kabupaten Mamuju', 29),
(436, 'Kabupaten Mamuju Utara', 29),
(437, 'Kabupaten Polewali Mandar', 29),
(438, 'Kabupaten Buru', 30),
(439, 'Kabupaten Buru Selatan', 30),
(440, 'Kabupaten Kepulauan Aru', 30),
(441, 'Kabupaten Maluku Barat Daya', 30),
(442, 'Kabupaten Maluku Tengah', 30),
(443, 'Kabupaten Maluku Tenggara', 30),
(444, 'Kabupaten Maluku Tenggara Bara', 30),
(445, 'Kabupaten Seram Bagian Barat', 30),
(446, 'Kabupaten Seram Bagian Timur', 30),
(447, 'Kota Ambon', 30),
(448, 'Kota Tual', 30),
(449, 'Kabupaten Halmahera Barat', 31),
(450, 'Kabupaten Halmahera Selatan', 31),
(451, 'Kabupaten Halmahera Tengah', 31),
(452, 'Kabupaten Halmahera Timur', 31),
(453, 'Kabupaten Halmahera Utara', 31),
(454, 'Kabupaten Kepulauan Sula', 31),
(455, 'Kabupaten Pulau Morotai', 31),
(456, 'Kota Ternate', 31),
(457, 'Kota Tidore Kepulauan', 31),
(458, 'Kabupaten Fakfak', 32),
(459, 'Kabupaten Kaimana', 32),
(460, 'Kabupaten Manokwari', 32),
(461, 'Kabupaten Maybrat', 32),
(462, 'Kabupaten Raja Ampat', 32),
(463, 'Kabupaten Sorong', 32),
(464, 'Kabupaten Sorong Selatan', 32),
(465, 'Kabupaten Tambrauw', 32),
(466, 'Kabupaten Teluk Bintuni', 32),
(467, 'Kabupaten Teluk Wondama', 32),
(468, 'Kota Sorong', 32),
(469, 'Kabupaten Merauke', 33),
(470, 'Kabupaten Jayawijaya', 33),
(471, 'Kabupaten Nabire', 33),
(472, 'Kabupaten Kepulauan Yapen', 33),
(473, 'Kabupaten Biak Numfor', 33),
(474, 'Kabupaten Paniai', 33),
(475, 'Kabupaten Puncak Jaya', 33),
(476, 'Kabupaten Mimika', 33),
(477, 'Kabupaten Boven Digoel', 33),
(478, 'Kabupaten Mappi', 33),
(479, 'Kabupaten Asmat', 33),
(480, 'Kabupaten Yahukimo', 33),
(481, 'Kabupaten Pegunungan Bintang', 33),
(482, 'Kabupaten Tolikara', 33),
(483, 'Kabupaten Sarmi', 33),
(484, 'Kabupaten Keerom', 33),
(485, 'Kabupaten Waropen', 33),
(486, 'Kabupaten Jayapura', 33),
(487, 'Kabupaten Deiyai', 33),
(488, 'Kabupaten Dogiyai', 33),
(489, 'Kabupaten Intan Jaya', 33),
(490, 'Kabupaten Lanny Jaya', 33),
(491, 'Kabupaten Mamberamo Raya', 33),
(492, 'Kabupaten Mamberamo Tengah', 33),
(493, 'Kabupaten Nduga', 33),
(494, 'Kabupaten Puncak', 33),
(495, 'Kabupaten Supiori', 33),
(496, 'Kabupaten Yalimo', 33),
(497, 'Kota Jayapura', 33),
(498, 'Kabupaten Bulungan', 34),
(499, 'Kabupaten Malinau', 34),
(500, 'Kabupaten Nunukan', 34),
(501, 'Kabupaten Tana Tidung', 34),
(502, 'Kota Tarakan', 34);

-- --------------------------------------------------------

--
-- Table structure for table `master_provinsi`
--

CREATE TABLE IF NOT EXISTS `master_provinsi` (
`provinsi_id` int(10) NOT NULL,
  `provinsi_nama` varchar(30) DEFAULT NULL
) ENGINE=InnoDB AUTO_INCREMENT=35 DEFAULT CHARSET=latin1;

--
-- Dumping data for table `master_provinsi`
--

INSERT INTO `master_provinsi` (`provinsi_id`, `provinsi_nama`) VALUES
(1, 'Nanggroe Aceh Darussalam'),
(2, 'Sumatera Utara'),
(3, 'Sumatera Barat'),
(4, 'Riau'),
(5, 'Kepulauan Riau'),
(6, 'Kepulauan Bangka-Belitung'),
(7, 'Jambi'),
(8, 'Bengkulu'),
(9, 'Sumatera Selatan'),
(10, 'Lampung'),
(11, 'Banten'),
(12, 'DKI Jakarta'),
(13, 'Jawa Barat'),
(14, 'Jawa Tengah'),
(15, 'Daerah Istimewa Yogyakarta  '),
(16, 'Jawa Timur'),
(17, 'Bali'),
(18, 'Nusa Tenggara Barat'),
(19, 'Nusa Tenggara Timur'),
(20, 'Kalimantan Barat'),
(21, 'Kalimantan Tengah'),
(22, 'Kalimantan Selatan'),
(23, 'Kalimantan Timur'),
(24, 'Gorontalo'),
(25, 'Sulawesi Selatan'),
(26, 'Sulawesi Tenggara'),
(27, 'Sulawesi Tengah'),
(28, 'Sulawesi Utara'),
(29, 'Sulawesi Barat'),
(30, 'Maluku'),
(31, 'Maluku Utara'),
(32, 'Papua Barat'),
(33, 'Papua'),
(34, 'Kalimantan Utara');

-- --------------------------------------------------------

--
-- Table structure for table `order_produk`
--

CREATE TABLE IF NOT EXISTS `order_produk` (
`nmr_order` int(5) NOT NULL,
  `nmr_produk` varchar(30) NOT NULL,
  `customer` varchar(150) NOT NULL,
  `nama_produk` varchar(500) NOT NULL,
  `gambar_produk` varchar(800) NOT NULL,
  `kuantitas` varchar(50) NOT NULL,
  `harga` varchar(80) NOT NULL,
  `subtotal` bigint(10) NOT NULL,
  `total` bigint(10) NOT NULL,
  `ongkir` bigint(10) NOT NULL,
  `tgl` int(10) NOT NULL,
  `e_t_a` date NOT NULL,
  `barang_dikirim` int(1) NOT NULL,
  `metode_bayar` varchar(30) NOT NULL,
  `no_customer` int(5) NOT NULL,
  `no_cst_sementara` int(5) NOT NULL
) ENGINE=InnoDB AUTO_INCREMENT=49 DEFAULT CHARSET=latin1;

--
-- Dumping data for table `order_produk`
--

INSERT INTO `order_produk` (`nmr_order`, `nmr_produk`, `customer`, `nama_produk`, `gambar_produk`, `kuantitas`, `harga`, `subtotal`, `total`, `ongkir`, `tgl`, `e_t_a`, `barang_dikirim`, `metode_bayar`, `no_customer`, `no_cst_sementara`) VALUES
(2, '33|36', 'noname@gmail.com', 'Toshiba Satellite C55T-B5230 Hitam Laptop [4 GB RAM/Intel DualCore N2830/15 Inch]|Dell Xps Touch 15 Silver Ultrabook [15.6 Inch/ Corei7-4712HQ/512GB/Windows 8.1]', 'bursa-notebook_toshiba-satellite-c55t-b5230-hitam-laptop-4-gb-ram-intel-dualcore-n2830-15-inch_full01.jpg|yolori_dell-xps-touch-15-silver-ultrabook_full01.jpg', '2|1', '8998000|28400000', 37398000, 37998000, 600000, 1434103751, '2015-06-18', 0, 'Bank BNI', 6, 0),
(4, '10', 'yesname@gmail.com', 'Asus N551ZU-CN041H Silver Notebook [15.6`` FHD/AMD FX-7600P/Radeon R9/8 GB/Win8.1)', 'asus-n551zu-cn041h-silver-notebook-15-6inch-full01.jpg', '3', '36657180', 36657180, 37257180, 600000, 1434132215, '2015-06-18', 0, 'Bank BCA', 7, 0),
(15, '112|114|117', 'yesname@gmail.com', 'Mito T700 Dual GSM White|Acer Iconia TAB 7 Silver Tablet|Acer Smartphone Iconia Tab A1-811 Putih', 'mito_mito-t700-dual-gsm-white_white_full01.jpg|dolphin-kuningan_acer-iconia-tab-7-silver-tablet_full01.jpg|blibli_acer-iconia-tab-a1-811-white_white_full01.jpg', '1|1|3', '1091160|1579000|6297000', 8967160, 9967160, 1000000, 1434332823, '2015-06-21', 1, 'Bank BNI', 7, 0),
(28, '70|67|127|129|94', 'test7@testing.com', 'Lenovo PC All In One C560 [i5-4560T] Desktop PC|Intel Core i5-4690K Processor [Box]|Acer Aspire E5-471G GF 820M White + Bonus Notebook Carry|Samsung ATIV Book 2 NP270E4V-X01ID Notebook|Xiaomi Redmi Note 4G Dual SIM White Smartphone', 'digital-teknologi_lenovo-pc-all-in-one-c560-i5-4560t-desktop-pc_full01.jpg|asus-sennheiser-sandisk_intel-box-core-i5-4690k-processor_full01.jpg|paziashop_acer-aspire-e5-471g-gf-820m-white-free-notebook-carry_full01.jpg|butik-dukomsel_samsung-ativ-book-2-np270e4v-x01id-notebook_full01.jpg|gadget-store-yogya_xiaomi-redmi-note-4g-dual-sim-white-smartphone_full01.jpg', '1|1|1|2|2', '9712000|3860000|5804500|10198000|3912000', 33486500, 34886500, 1400000, 1435101127, '2015-07-00', 0, 'Bank BNI', 0, 1),
(35, '114|74', 'test2@testing.com', 'Acer Iconia TAB 7 Silver Tablet|Intel Core i5-4590 Processor [Box]', 'dolphin-kuningan_acer-iconia-tab-7-silver-tablet_full01.jpg|asus-sennheiser-sandisk_intel-box-core-i5-4590-processor_full01.jpg', '2|1', '3158000|3189000', 6347000, 6947000, 600000, 1435107615, '2015-07-00', 1, 'Bank BRI', 0, 4),
(42, '80|100|91|125|67', 'client2@yahoo.com', 'Asus Zenfone 2 ZE551ML Merah Smartphone [RAM 4 GB/32 GB/Garansi Resmi]|Sony Xperia M C1905 Kuning Smartphone|Xiaomi Mi 4i Dual SIM 16 GB Putih Android [Garansi Resmi]|Dell Inspiron 11 3148 Silver Notebook [Ci3-4030U/4 GB/500 GB/Intel HD/Windows 8.1/Touchscreen]|Intel Core i5-4690K Processor [Box]', 'kiosteknologi_asus-zenfone-2-ze551ml-merah-smartphone-ram-4-gb-32-gb-garansi-resmi_full01.jpg|opo-cell_sony-xperia-m-c1905-kuning-smartphone_full01.jpg|sumber-cell_xiaomi-mi-4i-dual-sim-16-gb-putih-android-garansi-resmi_full01.jpg|yolori_dell-inspiron-11-3148-silver-notebook-i3-4030u-4-gb-500-gb-intel-hd-windows-8-1-touchscreen_full01.jpg|asus-sennheiser-sandisk_intel-box-core-i5-4690k-processor_full01.jpg', '1|1|3|2|1', '3568725|1750000|9237360|19100000|3860000', 37516085, 39116085, 1600000, 1435146099, '2015-07-00', 1, 'Bank BRI', 3, 0),
(43, '112|115|95', 'client1@yahoo.com', 'Mito T700 Dual GSM White|Acer Iconia W511 Silver Putih Tablet Windows|Xiaomi Redmi 2 Putih Smartphone', 'mito_mito-t700-dual-gsm-white_white_full01.jpg|paziashop_acer-iconia-w511-silver-putih-tablet-android_full01.jpg|gadget-store-yogya_xiaomi-redmi-2-putih-smartphone_full01.jpg', '1|2|1', '1091160|8006960|1678750', 10776870, 11576870, 800000, 1435146871, '2015-07-00', 0, 'Bank BNI', 4, 0),
(44, '122', 'client2@yahoo.com', 'Lenovo Ideapad Yoga 3 Pro Orange Notebook [13.3"/M5Y71/8GB/Qin 8.1]', 'compshop_lenovo-ideapad-yoga-3-pro-orange-notebook-m5y71_full01.jpg', '1', '18439000', 18439000, 18639000, 200000, 1435237980, '2015-07-01', 1, 'Bank BRI', 3, 0),
(45, '116', 'client2@yahoo.com', 'Acer Iconia W511 Silver Putih Free Magnetic Stylus + Modem WIFI Advan', 'paziashop_acer-iconia-w511-silver-putih-tablet-android-bonus-advan_full01.jpg', '1', '3926490', 3926490, 4126490, 200000, 1435238178, '2015-07-01', 2, 'Bank BNI', 3, 0),
(46, '90', 'client2@yahoo.com', 'Xiaomi Redmi Mi4i Putih Smartphone', '58celluler_xiaomi-redmi-mi4i-putih-smartphone_full01.jpg', '2', '6898000', 6898000, 7298000, 400000, 1435238246, '2015-07-01', 1, 'Bank Mandiri', 3, 0),
(47, '75|108|76', 'client2@yahoo.com', 'Lenovo C460 Desktop PC [2GB RAM/Intel Core i3/21.5'']|MITO Fantasy Selfie T777 White Tablet|Lenovo PC All In One C260 - A8508 Intel Proc J1800 Desktop PC', 'digital-teknologi_lenovo-c460-desktop-pc-2gb-ram-intel-core-i3-21-5inch_full01.jpg|mito_mito-t777-selfie-white-tablet_full01.jpg|digital-teknologi_lenovo-pc-all-in-one-c260-a8508-intel-proc-j1800-desktop-pc_full01.jpg', '1|3|2', '7244000|3273270|9504060', 20021330, 21221330, 1200000, 1435912349, '2015-07-09', 0, 'Bank BNI', 3, 0),
(48, '70', 'client2@yahoo.com', 'Lenovo PC All In One C560 [i5-4560T] Desktop PC', 'digital-teknologi_lenovo-pc-all-in-one-c560-i5-4560t-desktop-pc_full01.jpg', '1', '9712000', 9712000, 9912000, 200000, 1435928995, '2015-07-09', 0, 'Bank Mandiri', 3, 0);

-- --------------------------------------------------------

--
-- Table structure for table `produk`
--

CREATE TABLE IF NOT EXISTS `produk` (
`nomor` int(11) NOT NULL,
  `nama_produk` varchar(100) NOT NULL,
  `gambar_produk` varchar(500) NOT NULL,
  `deskripsi` varchar(800) NOT NULL,
  `info` varchar(700) NOT NULL,
  `no_kategori` int(5) NOT NULL,
  `no_brand` int(5) NOT NULL,
  `harga` bigint(9) NOT NULL,
  `diskon` int(3) NOT NULL,
  `harga_diskon` bigint(9) NOT NULL,
  `stok` int(4) NOT NULL,
  `tgl` int(10) NOT NULL,
  `dilihat` int(5) NOT NULL,
  `terjual` int(5) NOT NULL
) ENGINE=InnoDB AUTO_INCREMENT=131 DEFAULT CHARSET=latin1;

--
-- Dumping data for table `produk`
--

INSERT INTO `produk` (`nomor`, `nama_produk`, `gambar_produk`, `deskripsi`, `info`, `no_kategori`, `no_brand`, `harga`, `diskon`, `harga_diskon`, `stok`, `tgl`, `dilihat`, `terjual`) VALUES
(10, 'Asus N551ZU-CN041H Silver Notebook [15.6`` FHD/AMD FX-7600P/Radeon R9/8 GB/Win8.1)', 'asus-n551zu-cn041h-silver-notebook-15-6inch-full01.jpg,asus-n551zu-cn041h-silver-notebook-15-6inch-full02.jpg,asus-n551zu-cn041h-silver-notebook-15-6inch-full03.jpg', '<b>SKU Number: BLK-15020-00271</b><br /><br />\r\nAsus N551ZU-CN041H Silver Notebook [15.6`` FHD/AMD FX-7600P/Radeon R9/8 GB/Win8.1) merupakan notebook yang hadir dengan desain yang elegan. Balutan bahan metal, dengan pola lingkaran konsentrik ikonik yang indah dan khas. Keyboard backlight menambah nuansa mewah dan body ramping bergaya praktis. Full HD IPS display anti-silau memberikan suguhan visual, ASUS Splendiid teknologi grafis. Bonus Tas', '<b>Detail Produk</b><br /><br />\r\nDisplay : LCD 15.6`` FHD (1920x1080) Wide-View<br /><br />\r\nProsesor : AMD FX-7600P 2.7 GHz (4M Cache, up to 3.6 GHz)<br /><br />\r\nGraphics : AMD Radeon R9 M280X 4 GB DDR5<br /><br />\r\nMemory : 8 GB DDR3 (1600 Mhz)<br /><br />\r\nHDD : 1 TB (7200 rpm 2.5` HDD)<br /><br />\r\nOS : Windows 8.1', 1, 1, 12999000, 6, 12219060, 3, 1433500849, 2, 0),
(22, 'Lenovo G40-30-9QID Hitam Notebook', 'it-galeri_lenovo-g40-30-9qid-hitam-notebook_full01.jpg,it-galeri_lenovo-g40-30-9qid-hitam-notebook_full02.jpg,it-galeri_lenovo-g40-30-9qid-hitam-notebook_full03.jpg,it-galeri_lenovo-g40-30-9qid-hitam-notebook_full04.jpg', '<b>SKU Number: ITG-17865-00006</b><br /><br />\r\nLenovo G40-30-9QID Hitam Notebook didesain bagi Anda yang menginginkan notebook untuk kebutuhan harian dengan harga yang terjangkau. Prosesor Intel Pentium Quad-Core N3540 dengan kecepatan 2.16 GHz serta RAM 2 GB DDR3L pada notebook ini memungkinkan proses komputasi dilakukan dengan cukup baik. Berkat pengolahan grafis yang terintegrasi pada prosessor dan layar berukuran 14 inch dengan resolusi 1366 x 768 pixel membuat Lenovo IdeaPad G40-30-9QID menampilkan visual yang tajam dan detil saat digunakan untuk bekerja, menikmati konten hiburan, berselancar di dunia maya, atau bermain game. Tak ketinggalan sistem operasi Windows 8.1 untuk mempermudah segala aktivitas Anda.', '<b>Detail Produk</b><br /><br />\r\nProcessor : Intel Pentium Quad Core N3540 Processor (2.16 - 2.66 GHz, 2M Cache)<br /><br />\r\nMemory : 2 GB DDR3L<br /><br />\r\nDisplay : 14.0-inch HD LED<br /><br />\r\nHard Drive : 500 GB 5400RPM HDD<br /><br />\r\nOperating System : Windows 8.1 with Bing<br /><br />\r\nGaransi<br /><br />\r\nResmi 1 Tahun dari Lenovo Indonesia', 1, 6, 4199000, 0, 4199000, 3, 1433503040, 2, 0),
(23, 'Lenovo Thinkpad Yoga-RIF (12.5`` Touch/i7/8GB/Pen/Win 8.1)', 'lenovo-thinkpad-yoga-rif-12-5-touch-i7-8gb-pen-win-8-1_full01.jpg', '<b>SKU Number: BLI-00106-04237</b><br /><br />\r\nLenovo ThinkPad Yoga-RIF [12,5 inch/i7/8 GB] + Bag 0B95518 merupakan notebook berdesain elegan dengan layar berukuran 12,5 inch touch screen. Lenovo ThinkPad Yoga ditunjang dengan prosesor Intel Core i7-4500U, memori 8 GB 1333MHz DDR3, dan HDD 1TB. Untuk grafis, Lenovo Notebook didukung dengan Intel HD Graphics 4400. Lenovo ThinkPad Yoga-RIF juga dilengkapi dengan fitur Mini HDMI, 4in1 Card Reader, 720p HD Webcam, Wifi, Bluetooth 4.0, Trackpoint, USB 3.0. Free Bag 0B95518.', '<b>Detail Produk</b><br /><br />\r\nProcessor : Intel Core i7-4500U (Up to 3.0Ghz, 3MB Cache)<br /><br />\r\nMemory : 8 GB 1333MHz DDR3, 1TB HDD (5400rpm) + 16GB mSATA SSD Cache<br /><br />\r\nGraphics : Intel HD Graphics 4400<br /><br />\r\nScreen : 12.5 Inch FullHD(1920x1080) IPS 400nits Gorilla Glass,10 Finger MultiTouch, Anti Glare Coating, Wacom Digitizer Pen<br /><br />\r\nOS : Windows 8.1 Professional 64bit English', 1, 6, 20999000, 0, 20999000, 4, 1433503420, 2, 0),
(24, 'Asus Notebook X200MA-KX419B [11.6``/N2920/500GB/Win 8.1] Hitam', 'asus-notebook-x200ma-kx419b-11-6-n2920-500gb-win8-1-hitam_hitam_full01.jpg', '<b>SKU Number: BLK-15020-00043</b><br /><br />\r\nAsus Notebook X200MA-KX419B [11.6``/N2920/500GB/Win8.1] Hitam merupakan notebook berdesain elegan dengan layar berukuran 11.6 inch dan menggunakan sistem operasi windows 8 yang ditunjang dengan prosesor Intel Celeron N2920, memori 2GB 1600MHz DDR3, dan HDD 500 GB. Untuk grafis, Asus Notebook didukung dengan Intel HD Graphics, Asus X200MA juga dilengkapi dengan fitur SonicMaster Lite , 2-second Instant On, ASUS IceCool Technology, Chiclet Keyboard, USB 3.0 (10 times faster than USB 2.0), dan HD Web Camera.', '<b>Detail Produk</b><br /><br />\r\nProsesor : Intel Celeron N2920 (2M Cache, up to 2 GHz, 4 Cores)<br /><br />\r\nMemori RAM : 2 GB 1600MHz DDR3 : Tipe Grafis<br /><br />\r\nIntel HD Graphics : Ukuran Layar<br /><br />\r\n11.6`` LED Backlight HD screen ress (1366X768)<br /><br />\r\nKapasitas Penyimpanan : 500 GB (5400rpm)<br /><br />\r\nGaransi<br /><br />\r\n1 year global warranty', 1, 1, 3479000, 6, 3270260, 5, 1433504197, 4, 0),
(25, 'Samsung Series 3 (NP370R4E-A01ID) Titan', 'samsung-series-3-np370r4e-a01id-titan_full01.jpg,samsung-series-3-np370r4e-a01id-titan_full02.jpg', '<b>SKU Number: PAA-11269-00037</b><br />\r\n<br />\r\nSamsung Series 3 (NP370R4E-A01ID) Titan merupakan notebook tipis dan ringan berukuran 14 inch yang diperkuat dengan Intel Core i3 3110M-2.4Ghz. Notebook ini dilengkapi dengan 500 GB S-ATA hardrive dan memory 4 GB DDR3 PC-10600. Display notebook ini ditunjang dengan HD LED (1366x768), Web Camera 720p dan kartu grafis Intel HD 4000. Notebook ini juga didukung dengan konektor VGA, HDMI, USB 3.0 dan 2.0, 3 in 1 Multi Card Reader, dan juga koneksi Bluetooth 4.0.', '<b>Detail Produk</b><br />\r\nOperating System : Windows 8<br />\r\nProcessor : Intel Core i3 3110M - 2.4Ghz<br />\r\nGraphic : Intel HD 4000-729MB<br />\r\nMemory : 4 GB DDR3 PC-10600<br />\r\nStorage : 500 GB Serial ATA 5400 RPM', 1, 4, 6099000, 4, 5855040, 5, 1433505413, 0, 3),
(26, 'Dell Inspiron 14 3458 Hitam Notebook [Ci3-4005U]', 'yolori_dell-inspiron-14-3458-hitam-notebook-i3-4005u_full01.jpg,yolori_dell-inspiron-14-3458-hitam-notebook-i3-4005u_full02.jpg', '<b>SKU Number: YOI-16136-00034</b><br />\r\n<br />\r\nDell Inspiron 14 3458 Hitam Notebook [Ci3-4005U], hadir dengan 14.0-inch HD (1366 x 768) Truelife LED-Backlit Display dan prosesor Intel Core i3-4005U Processor (3M Cache, 1.70 GHz). Notebook ini sangat ringan dengan performa yang powerfull untuk menunjang kinerja Anda. Free Dell Carrying Bag.', '<b>Detail Produk</b><br />\r\nDisplay : 14.0-inch HD (1366 x 768) Truelife LED-Backlit Display<br />\r\nProcessor : Intel Core i3-4005U Processor (3M Cache, 1.70 GHz)<br />\r\nMemory : 4 GB DDR3L 1600 MHz<br />\r\nStorage : 500 GB HDD SATA 5400 rpm<br />\r\nGraphics : nVidia Geforce GT820M, GDDR3 2 GB<br />\r\n<b>Garansi</b><br />\r\n1 Year Dell ProSupport, Next Bussines Day OnSite Warranty.', 1, 7, 6200000, 0, 6200000, 6, 1433505866, 13, 0),
(27, 'Dell Inspiron 14-3442 Merah Notebook [14.1``/Intel i5/Nvidia/4 GB/500 GB]', 'dell-inspiron-14-3442-merah-notebook-14-1inch-intel-i5-nvidia-4-gb-500-gb_full01.jpg,dell-inspiron-14-3442-merah-notebook-14-1inch-intel-i5-nvidia-4-gb-500-gb_full02.jpg,dell-inspiron-14-3442-merah-notebook-14-1inch-intel-i5-nvidia-4-gb-500-gb_full03.jpg', '<b>SKU Number: ANT-15661-00070</b><br /><br />\r\nDell Notebook Inspiron 14-3442 (14.1``/Intel i5/4GB/500GB) - merupakan notebook berdesain elegan dengan layar berukuran 14 inch yang ditunjang dengan prosesor Intel Core i5-4210-2.7Ghz, memori 4 GB DDR3 dan HDD SATA 500 GB. Dengan desain yang ramping dan praktis laptop ini cocok untuk kegiatan sehari-hari. Untuk grafis, Dell Notebook didukung dengan VGA Nvidia GT820 2 GB. DELL Inspiron dilengkapi dengan fitur Webcam, WIFI, Card Reader, dan Bluetooth 4.0.', '<b>Detail Produk</b><br /><br />\r\nDisplay : 14.1`` (inch)<br />\r\nProsesor : 4th Generation Intel Core i5-4210-2.7 Ghz<br />\r\nMemori : 4 GB DDR3<br />\r\nMemori penyimpanan : 500 GB HDD SATA<br />\r\nTipe Grafis : VGA Nvidia GT820 2 GB<br />\r\n<b>Garansi</b><br />\r\nResmi 1 Tahun', 1, 7, 7528000, 1, 7452720, 3, 1433527699, 5, 0),
(28, 'ACER One 10 S100X with Keyboard Dock Notebook', 'modern-online-store_acer-one-10-s100x-with-keyboard-dock-notebook_full01.jpg,modern-online-store_acer-one-10-s100x-with-keyboard-dock-notebook_full02.jpg,modern-online-store_acer-one-10-s100x-with-keyboard-dock-notebook_full03.jpg', '<b>SKU Number: TIA-10737-00196</b><br />\r\n<br />\r\nACER One 10 S100X with Keyboard Dock Notebook merupakan smart PC berdesain elegan dengan layar berukuran 10 Inch yang ditunjang dengan prosesor Intel Quad Core Z3735F dan memori 2 GB DDR3L. Notebook ini memiliki tipe grafis Intel HD Graphics dan sistem operasi Genuine Windows 8.1 with Bing.', '<b>Detail Produk</b><br />\r\nCPU : Intel Quad Core Z3735F (2M Cache, up to 1.83 GHz)<br />\r\nOS : Genuine Windows 8.1 with Bing<br />\r\nLCD : 10.1 Inch HD 1280 x 800, supporting multi-finger touch<br />\r\nMemory : 2 GB<br />\r\nHardisk : 32 GB eMMC + 500 GB HDD on Dock<br />\r\nGraphic : Intel HD Graphics<br />\r\n<b>Garansi</b><br />\r\nGaransi Resmi Acer', 1, 2, 3799000, 0, 3799000, 10, 1433528427, 27, 0),
(29, 'Acer E5-421-61C Black Notebook [AMD A6-6310/14`` HD/2 GB DDR3/500 GB]', 'infonet_acer-e5-421-61c-black-notebook-amd-a6-6310-14-hd-2gb-ddr3-500-gb_full01.jpg,infonet_acer-e5-421-61c-black-notebook-amd-a6-6310-14-hd-2gb-ddr3-500-gb_full02.jpg,infonet_acer-e5-421-61c-black-notebook-amd-a6-6310-14-hd-2gb-ddr3-500-gb_full03.jpg', '<b>SKU Number: INT-10123-00168</b><br />\r\n<br />\r\nAcer E5-421-61C Black Notebook [AMD A6-6310/14`` HD/2 GB DDR3/500 GB], Dapatkan kekuatan dan fitur yang berguna bagi Anda dengan Aspire E Series. Kinerja yang solid, alat multimedia yang berguna dan konektivitas yang nyaman membuat setiap hari komputerisasi Anda menjadi lebih menyenangkan dan santai. Desain praktis namun bergaya. Laptop ini menawarkan prosesor AMD Quad Core A6 dengan kecepatan 1.8 GHz, RAM 2 GB DDR3 dipadu AMD Radeon R2, Anda dapat melakukan multitasking dengan mudah dan lancar. Kapasitas memori penyimpanannya cukup besar yaitu HDD 500 GB. Anda juga dapat memutar berbagai format disk berkat DVD Super Multi DL Drive with Double Layer Support. Tampilan Jernih Dengan layar 14`` HD LED yang cocok untuk travel namun juga cukup l', '<b>Detail Produk</b><br />\r\n<br />\r\nProsesor : AMD A6-6310 (1.8 GHz with Turbo CORE Technology)<br />\r\nLayar : 14 inch HD<br />\r\nGrafis : AMD Radeon R4 Graphics<br />\r\nMemori : 2 GB DDR3<br />\r\nKapasitas penyimpanan : 500 GB<br />\r\n<br />\r\n<b>Garansi</b><br />\r\nACER Indonesia', 1, 2, 4999000, 15, 4249150, 5, 1433528782, 13, 0),
(30, 'Acer Aspire Slim & Touch V5-122P 61456G50 Blue', 'paziashop_acer-aspire-slim-and-touch-v5-122p-61456g50-blue_blue_full04.jpg', '<b>SKU Number: PAA-11269-00257</b><br /><br />\r\nAcer Aspire Slim & Touch V5-122P 61456G50 Blue merupakan notebook berdesain tipis dan compact yang sudah terintegrasi dengan Windows 8. Notebook ini ditunjang dengan prosesor AMD A6-1450 Quad-core processor (2MB L2 cache, 1.0GHz with Turbo Core Technology 1.4GHz, memori 6 GB DDR3 SDRAM, dan hard disk 500 GB S-ATA. Untuk urusan grafis, Acer Aspire V5-122P berlayar 11.6 inch dengan teknologi HD Acer CineCrystal LED-Backlit IPS LCD ini didukung oleh Radeon HD 8280 dan dilengkapi HDMI output dan koneksi Wi-Fi.', '<b>Detail Produk</b><br /><br />\r\nOperating System : Genuine Windows 8<br />\r\nProcessor : AMD A6-1450 Quad-core processor (2MB L2 cache, 1.0GHz with Turbo Core Technology 1.4GHz<br />\r\n11.6 inch In-plane Switching (IPS) Technology CineCrystal 1366 x 768, Multi-touch, supporting 10 finger touch<br />\r\nGraphic : Radeon HD 8280<br />\r\nMemory : 6 GB DDR3 SDRAM, storage 500 GB Serial ATA', 1, 2, 6199000, 0, 6199000, 0, 1433700844, 4, 0),
(31, 'Acer Z1401 Black Laptop [Intel 2840/2 GB RAM/320 GB HDD/Win 8.1] + Bonus', 'infonet_acer-z1401-black-laptop-intel-2840-2gb-ram-320gb-hdd-win-8-1-plus-bonus_full01.jpg,infonet_acer-z1401-black-laptop-intel-2840-2gb-ram-320gb-hdd-win-8-1-plus-bonus_full02.jpg,infonet_acer-z1401-black-laptop-intel-2840-2gb-ram-320gb-hdd-win-8-1-plus-bonus_full03.jpg', '<b>SKU Number: INT-10123-00158</b><br />\r\n<br />\r\nAcer Z1401 Black Laptop [Intel 2840/2 GB RAM/320 GB HDD/Win 8.1] + Bonus, Notebook ini menunjang pekerjaan komputasi Anda dengan berbekal prosesor Intel Dual Core N2840 - up to 2.58GHz dan memori RAM 2 GB yang bertenaga membuat pekerjaan komputasi Anda berjalan lancar tanpa hambatan. Dengan layar sebesar 14 inci dan bobot 2 kg, memberikan Anda kemudahan untuk membawanya kemanapun untuk menemani aktivitas Anda. Kapasitas memori penyimpanannya cukup besar yaitu HDD 320 GB. Dengan layar 14`` Active Matrix TFT Colour LCD yang cukup lebar, Anda melakukan pekerjaan komputasi dan menikmati hiburan multimedia dengan nyaman. Dengan kualitas HD, tampilan gambar akan jauh lebih jernih, tajam dan kaya warna. Konektivitas notebook ini dilengkapi dengan ', '<b>Detail Produk</b><br />\r\nProsesor : Intel N2840<br />\r\nMemori : 2 GB RAM<br />\r\nKapasitas penyimpanan : 320 HDD<br />\r\nOS : Win.8<br />\r\nLayar : 14`` LED HD<br />\r\n<br />\r\n<b>Garansi</b><br />\r\n7 Days Replace+ 1Year Acer Indonesia', 1, 2, 3999000, 3, 3879030, 4, 1433529233, 29, 0),
(32, 'Toshiba Satellite Click 2 Pro P35W-B3220 Satin Gold Laptop [4GB/Intel Core i5 4210U/13 Inch]', 'bursa-notebook_toshiba-satellite-click-2-pro-p35w-b3220-satin-gold-laptop-4gb-intel-core-i5-4210u-13-inch_full01.jpg,bursa-notebook_toshiba-satellite-click-2-pro-p35w-b3220-satin-gold-laptop-4gb-intel-core-i5-4210u-13-inch_full02.jpg,bursa-notebook_toshiba-satellite-click-2-pro-p35w-b3220-satin-gold-laptop-4gb-intel-core-i5-4210u-13-inch_full03.jpg,bursa-notebook_toshiba-satellite-click-2-pro-p35w-b3220-satin-gold-laptop-4gb-intel-core-i5-4210u-13-inch_full04.jpg', '<b>SKU Number: BUN-16681-00005</b><br />\r\n<br />\r\nToshiba Satellite Click 2 Pro P35W-B3220 Satin Gold Laptop [4GB/Intel Core i5 4210U/13 Inch] merupakan tipe laptop yang merupakan kombinasi antara laptop dan tablet. TOSHIBA Satellite Click 2 Pro hadir dengan prosesor Intel Core i5 4210U dengan kecepatan 2.7 GHz, memori RAM 4 GB dan kapasitas hardisk hingga 128 GB SSD. Laptop ini memiliki layar berukuran 13 Inch yang tentunya akan membuat aktivitas komputasi anda baik mobile maupun tidak akan terasa semakin produktif dan tidak terlupakan.', '<b>Detail Produk</b><br />\r\nProcessor : Intel Core i5-4210U processor<br />\r\nOperating System : Windows 8.1<br />\r\nGraphics Engine : Mobile Intel HD Graphics<br />\r\nMemory : 4 GB DDR3L 1600 MHz (Memory is not user upgradeable, factory installed only)<br />\r\nHard Drive : 128 GB Solid State Drive (mSerial ATA, SSD)', 1, 3, 12499000, 14, 10749140, 1, 1433529506, 4, 0),
(33, 'Toshiba Satellite C55T-B5230 Hitam Laptop [4 GB RAM/Intel DualCore N2830/15 Inch]', 'bursa-notebook_toshiba-satellite-c55t-b5230-hitam-laptop-4-gb-ram-intel-dualcore-n2830-15-inch_full01.jpg,bursa-notebook_toshiba-satellite-c55t-b5230-hitam-laptop-4-gb-ram-intel-dualcore-n2830-15-inch_full02.jpg,bursa-notebook_toshiba-satellite-c55t-b5230-hitam-laptop-4-gb-ram-intel-dualcore-n2830-15-inch_full03.jpg,bursa-notebook_toshiba-satellite-c55t-b5230-hitam-laptop-4-gb-ram-intel-dualcore-n2830-15-inch_full04.jpg', '<b>SKU Number: BUN-16681-00012</b><br />\r\n<br />\r\nToshiba Satellite C55T-B5230 Hitam Laptop [4 GB RAM/Intel DualCore N2830/15 Inch] merupakan pilihan yang cocok dipakai browsing di internet, berkirim email, melakukan chating, mendengarkan musik favorit anda hingga melakukan aktivitas komputasi ringan lainnya.', '<b>Detail Produk</b><br />\r\nProcessor : Intel Celeron Processor N2830<br />\r\nOperating System : Windows 8.1<br />\r\nGraphics Engine : Mobile Intel HD Graphics<br />\r\nMemory : 4GB DDR3L 1333MHz (Memory is not user upgradeable, factory installed only)<br />\r\nHard Drive : 500GB HDD (5400rpm, Serial ATA)', 1, 3, 4499000, 0, 4499000, 2, 1433530333, 69, 2),
(34, 'Lenovo Ideapad Flex2-14 Red Notebook [14``HD/i5/nVidia/Win 8.1]', 'compshop_lenovo-ideapad-flex2-14-red-notebook_full01.jpg,compshop_lenovo-ideapad-flex2-14-red-notebook_full02.jpg,compshop_lenovo-ideapad-flex2-14-red-notebook_full03.jpg', '<b>SKU Number: COP-18321-00018</b><br />\r\n<br />\r\nLenovo Ideapad Flex2-14 Red Notebook [14``HD/i5/nVidia/Win 8.1] hadir dengan prosesor Core i5 4210U 1.7GHz up to 2.7G. Notebook ini dibekali dengan memori 4 GB dan kapasitas penyimpanan 500 GB.', '<b>Detail Produk</b><br />\r\nProsesor : Core i5 4210U 1.7 GHz up to 2.7 GHz<br />\r\nMemori RAM : 4 GB DDR3 (1 slot)<br />\r\nTipe Grafis : nVidia GT840 DDR3 2 GB<br />\r\nUkuran Layar : 14.0`` HD LED Multi Touch<br />\r\nKapasitas Penyimpanan : 500 GB<br />\r\nSistem Operasi : Win 8.1<br />\r\n<br />\r\n<b>Garansi</b><br />\r\n1 Year Warranty', 1, 6, 9299000, 0, 9299000, 3, 1433530827, 4, 2),
(35, 'Dell XPS 13 Silver Ultrabook [13 inch/Corei3-4010U/128GB/Windows 8.1]', 'yolori_dell-xps-13-silver-ultrabook_full01.jpg,yolori_dell-xps-13-silver-ultrabook_full02.jpg', '<b>SKU Number: YOI-16136-00022</b><br /><br />\r\nDell XPS 13 Silver Ultrabook [13 inch/Corei3-4010U/128GB/Windows 8.1] merupakan ultrabook berdesain stylish, dan ringan dengan layar LED Backlit with Truelife and FHD berukuran 13.3 inch. Ultrabook ini dilengkapi prosesor Intel Core i3-4010U dengan (3M Cache, 1.70), RAM 4 GB, dan sebagai media penyimpan data berkapasitas 128 GB mSATA SSD. Untuk kinerja grafis menggunakan Intel HD Graphics 4400. Ultrabook ini juga didukung dengan USB3.0, koneksi Wi-Fi, dan Bluetooth V4.0.', '<b>Detail Produk</b><br /><br />\r\nDisplay : 13.3 inch LED Backlit with Truelife and FHD Resolution (1920x1080)<br /><br />\r\nProsesor : 4th Generation Intel Core i3-4010U Processor (3M Cache, 1.70)<br /><br />\r\nMemori : 4 GB DDR3L 1600 MHz<br /><br />\r\nMemori penyimpanan : 128 GB mSATA SSD<br /><br />\r\nSistem Operasi : Windows 8.1 SL (English) 64Bit<br /><br />\r\n<b>Garansi</b><br /><br />\r\nResmi 2 Tahun', 1, 7, 17400000, 0, 17400000, 2, 1433682383, 7, 0),
(36, 'Dell Xps Touch 15 Silver Ultrabook [15.6 inch/ Corei7-4712HQ/512GB/Windows 8.1]', 'yolori_dell-xps-touch-15-silver-ultrabook_full01.jpg,yolori_dell-xps-touch-15-silver-ultrabook_full02.jpg,yolori_dell-xps-touch-15-silver-ultrabook_full03.jpg,yolori_dell-xps-touch-15-silver-ultrabook_full04.jpg', '<b>SKU Number: YOI-16136-00001</b><br />\r\n<br />\r\nDell Xps Touch 15 Silver Ultrabook [15.6 inch/ Corei7-4712HQ/512GB/Windows 8.1] merupakan ultrabook berdesain stylish, dan ringan dengan layar LED Backlit Touch. Ultrabook ini dilengkapi prosesor Intel Quad Core i7-4712HQ dengan (6M Cache, up to 3.3 GHz), RAM 16 GB, dan sebagai media penyimpan data disematkan SSD berkapasitas 512 GB mSATA Solid State Drive. Untuk kinerja grafis menggunakan nVidia GeForce GT 750M 2 GB GDDR5. Ultrabook ini juga didukung dengan USB3.0, USB2.0, LAN, HDMI, serta koneksi Wi-Fi, dan Bluetooth V4.0.', '<b>Detail Produk</b><br />\r\n<br />\r\nDisplay : 15.6 inch LED Backlit Touch Display with Truelife and QHD+ resolution (3200 x 1800)<br />\r\nProsesor : 4th Generation Intel Quad Core i7-4712HQ processor (6M Cache, up to 3.3 GHz)<br />\r\nMemori : 16 GB (2x8GB) DDR3L 1600 MHz<br />\r\nMemori penyimpanan : 512 GB mSATA Solid State Drive<br />\r\nSistem operasi : Microsoft Windows 8.1 SL (English) 64Bit<br />\r\n<br />\r\n<b>Garansi</b><br />\r\nToko 1 Tahun', 1, 7, 28400000, 0, 28400000, 3, 1433584130, 17, 2),
(37, 'Asus Zenbook UX303LN-R4352H Brown Notebook [13.3`` FHD/i7/NVidia GT840M/8 GB/Win8.1] + Tas', 'blibli-komputer_asus-zenbook-ux303ln-r4352h-brown-notebook-13.3-inch-fhd-i5-nvidia-gt840m-8-gb-win8.1---tas_full01.jpg,blibli-komputer_asus-zenbook-ux303ln-r4352h-brown-notebook-13.3-inch-fhd-i5-nvidia-gt840m-8-gb-win8.1---tas_full02.jpg,blibli-komputer_asus-zenbook-ux303ln-r4352h-brown-notebook-13.3-inch-fhd-i5-nvidia-gt840m-8-gb-win8.1---tas_full03.jpg', '<b>SKU Number: BLK-15020-00177</b><br />\r\n<br />\r\nAsus Zenbook UX303LN-R4352H Brown Notebook [13.3`` FHD/i7/NVidia GT840M/8 GB/Win8.1] + Tas menawarkan tampilan Notebook yang ringan dan tipis ala Ultrabook yang mampu mengharmonisasikan perpaduan antara desain, kemudahan pemakaian, dan performa yang unggul. Notebook ini dibalut casing dengan finishing Alumunium berwarna kecoklatan yang semakin menambah kesan mewah dan modern. Dengan mengusung semangat ZEN. Untuk menemani desain yang mewah dan modern, ASUS membenamkan Prosessor Intel Core i7, RAM 8 GB, dan pengolah grafis NVIDIA GeForce agar Notebook dapat siap bekerja kapanpun Anda membutuhkannya. Layar Full HD seluas 13.3 Inch dan teknologi audio SonicMaster. Bonus Tas.', '<b>Detail Produk</b><br />\r\nProsesor : Intel Core i7-5500U (2.4 GHz, 4M Cache)<br />\r\nMemori standar : 8 GB DDR3<br />\r\nTipe grafis : NVIDIA GeForce GT840M 2 GB<br />\r\nUkuran Layar : 13.3 Inch (1920 x 1080) IPS FHD<br />\r\nKapasitas Penyimpanan : 1TB HDD 5400 RPM + 24 GB MSSD<br />\r\n<br />\r\n<b>Garansi</b><br />\r\nGaransi Resmi 1 Tahun', 1, 1, 14499000, 0, 14499000, 4, 1433584438, 26, 0),
(38, 'Asus Zenbook UX305FA-FC091H Black Notebook [13.3``/5Y10/4 GB/SSD 256 GB/Win 8.1]', 'blibli-komputer_asus-zenbook-ux305fa-fc091h-black-notebook-13-3-5y10-4-gb-ssd-256-gb-win-8-1_full01.jpg,blibli-komputer_asus-zenbook-ux305fa-fc091h-black-notebook-13-3-5y10-4-gb-ssd-256-gb-win-8-1_full02.jpg,blibli-komputer_asus-zenbook-ux305fa-fc091h-black-notebook-13-3-5y10-4-gb-ssd-256-gb-win-8-1_full03.jpg', '<b>SKU Number: BLK-15020-00242</b><br /><br />\r\nAsus Zenbook UX305FA-FC091H Black Notebook [13.3``/5Y10/4 GB/SSD 256 GB/Win 8.1] menawarkan tampilan notebook yang ringan dan tipis ala ultrabook yang mampu mengharmonisasikan perpaduan antara desain, kemudahan pemakaian, dan performa yang unggul. Notebook ASUS membenamkan Prosessor Intel Core M-5Y10 (4M Cache, up to 2.0 GHz), dan pengolah grafis Intel HD Graphics agar notebook dapat siap bekerja kapanpun Anda membutuhkannya. Notebook ini dilengkapi dengan layar Full HD seluas 13.3 Inch dan teknologi audio SonicMaster.', '<b>Detail Produk</b><br /><br />\r\nProcessor Onboard : Intel Core M-5Y10 (4M Cache, up to 2.0 GHz)<br /><br />\r\nMemori Standar : 4 GB DDR3L (1600 Mhz)<br /><br />\r\nKapasitas Penyimpanan : SATA3 256 GB M.2 SSD<br /><br />\r\nSistem Operasi : Windows 8.1<br /><br />\r\nUkuran Layar : 13.3`` FHD (1920x1080) IPS<br /><br />\r\n<br /><br />\r\n<b>Garansi</b><br /><br />\r\nGaransi Resmi 1 Tahun', 1, 1, 10999000, 0, 10999000, 0, 1433672115, 7, 0),
(39, 'Asus T300 CHI-FH057H Dark Blue Notebook [12.5`` Touch/8 GB/256 GB/Win 8.1]+Sandisk MicroSD', 'blibli-komputer_asus-t300chi-fh057h-dark-blue-notebook-12-5-touch-8-gb-256-gb-win-8-1_full01.jpg,blibli-komputer_asus-t300chi-fh057h-dark-blue-notebook-12-5-touch-8-gb-256-gb-win-8-1_full02.jpg,blibli-komputer_asus-t300chi-fh057h-dark-blue-notebook-12-5-touch-8-gb-256-gb-win-8-1_full03.jpg', '<b>SKU Number: BLK-15020-00243</b><br /><br />\r\nAsus T300CHI-FH057H Dark Blue Notebook [12.5`` Touch/8 GB/256 GB/Win 8.1] adalah perangkat Notebook Hybrid 2-In-1 yang memungkinkan Anda dapat memiliki notebook dan tablet dalam satu perangkat. Layar T300Chi dapat dilepas untuk mengubah penggunaan dari mode notebook menjadi tablet. Ukuran layar sangat tipis bahkan hanya setebal 7.6 mm dan seberat 720 gram saja. Dari segi performa, Asus Transformer T300Chi sudah ditenagai Processor generasi ke-5 Intel Core M yang membawa penyempurnaan performa dan efisiensi konsumsi daya. Berkat Processor Intel Core M, Asus menghadirkan konsep desain Fan-Less (tanpa kipas) sehingga ukuran notebook menjadi lebih ramping dan sangat tipis. <b>FREE Sandisk MicroSD </b>', '<b>Detail Produk</b><br /><br />\r\nFREE Sandisk MicroSD Ultra 128GB<br /><br />\r\nProcessor Onboard : Intel Core M-5Y71 Processor (1.2 GHz, 4M cache) up to 2.90 GHz<br /><br />\r\nMemori Standar : 8 GB DDR3L<br /><br />\r\nUkuran Layar : 12.5 Inch  resolusi 2560 x 1440<br /><br />\r\nKapasitas Penyimpanan : 256 GB (128 GB SSD + 128 GB Micro SD)<br /><br />\r\nSistem Operasi : Microsoft Windows 8.1', 1, 1, 16499000, 0, 16499000, 2, 1433825382, 20, 2),
(40, 'Apple iMac MF883 Desktop PC [21.5', 'max-cellular_apple-imac-mf883-desktop-pc-21-5-i5-1-4-8-gb-500-gb_full01.jpg,max-cellular_apple-imac-mf883-desktop-pc-21-5-i5-1-4-8-gb-500-gb_full02.jpg,max-cellular_apple-imac-mf883-desktop-pc-21-5-i5-1-4-8-gb-500-gb_full03.jpg', '<b>SKU Number: MAC-16327-00169</b><br /><br />\r\nApple iMac MF883 Desktop PC [21.5"/i5/1.4/8 GB/500 GB] Hadirkan mesin komputasi dengan kemampuan dan kinerja tinggi namun sekaligus bisa mempercantik nilai estetika ruang kerja Anda. Produk komputer desktop produksi Apple ini mampu memenuhi kebutuhan Anda. Dengan spesifikasi terkini yang mampu mengimbangi kebutuhan komputasi dan hiburan Anda. Menggunakan prosesor Intel Core generasi ketiga, kinerja grafis yang lebih cepat, Thunderbolt, dan port koneksi yang beragam. Semuanya dikemas dalam bentuk yang tipis, memiliki tepi berukuran 5 mm.', '<b>Detail Produk</b><br /><br />\r\nTampilan : Layar : 21.5" Inch dengan IPS Teknologi Resolusi  1920 x 1080<br />\r\nProsesor : 1.4 Ghz Dual-Core Intel Core i5 Processor (up to 2.7 Ghz)<br />\r\nMemory Sistem : 8 GB LPDDR3 1600 MHz<br />\r\nKapasitas Penyimpanan : 500 GB (5400-rpm) hard drive<br />\r\nGraphic : Intel HD Grapchic 5000<br />\r\n<br /><br />\r\n<b>Garansi</b><br />\r\nGaransi Internasional 1 Tahun', 2, 8, 15499000, 2, 15189020, 3, 1434292941, 2, 0),
(41, 'Intel NUC BOXDN2820FYKH 8H10X Mini PC', 'megasentral-computindo_intel-nuc-boxdn2820fykh-8h10x--mini-pc_full01.jpg,megasentral-computindo_intel-nuc-boxdn2820fykh-8h10x--mini-pc_full02.jpg', '<b>SKU Number: MEC-15728-00049</b><br />\r\n<br />\r\nIntel NUC BOXDN2820FYKH 8H10X Mini PC, Hadir dengan memory 8 GB DDR3 SODIMM L. Mini PC ini dibekali processor onboard Intel Celeron Dual Core N2820 2.13GHz, serta koneketifitas 1 x USB 3.0 port on the front panel 2 x USB 2.0 ports on the back panel Front panel consumer IR sensor.', '<b>Detail Produk</b><br />\r\n<br />\r\nProcessor Onboard : Intel Celeron Dual Core N2820 - 2.13GHz<br />\r\nRAM : 8 GB DDR3 SODIMM L<br />\r\nGraphics : Intel HD Graphics (up to 756MHz) 1 x HDMI 1.4a<br />\r\nHard Disk : 1TB SSD<br />\r\nKonektifitas : 1 port USB 3.0 pada panel depan,  2 port USB 2.0 pada panel belakang<br />\r\n<br />\r\n<b>Garansi</b><br />\r\n3 Tahun', 2, 10, 3857000, 0, 3857000, 5, 1434291291, 1, 0),
(42, 'Apple iMac ME886 Desktop PC [27', 'max-cellular_apple-imac-me886-desktop-pc-27--retina-i5-35-8-gb-1-tb_full01.jpg,max-cellular_apple-imac-me886-desktop-pc-27--retina-i5-35-8-gb-1-tb_full02.jpg', '<b>SKU Number: MAC-16327-00166</b><br /><br />\r\nApple iMac ME886 Desktop PC [27"/Retina/i5/3.5/8 GB/1 TB] merupakan desktop PC yang menakjubkan dengan visual grafis 5K. Didesain begitu ramping 5 mm dan memiliki resolusi layar 5120 x 2880, pada imac ME 886 grafis pada PC lebih eye-catching daripada model sebelumnya. Selain itu desktop PC ini telah dipersenjatai dengan prosesor Intel Quad Core, memori 8 GB, dan didukung empat slot SO-DIMM.', '<b>Detail Produk</b><br /><br />\r\nProcessor : 3.5 GHz Intel Core i5 Quad-Core 4th-Gen Haswell<br />\r\nMemori : 8 GB (2 x 4 GB)<br />\r\nKapasitas penyimpanan : 1 TB<br />\r\nDisplay : 27 inch 5120 x 2880<br />\r\nGrafic Card : AMD Radeon R9 M290X with 2 GB GDDR5 SDRAM<br />\r\n<br /><br />\r\n<b>Garansi</b><br />\r\nGaransi Internasional 1 Tahun', 2, 8, 33699000, 5, 32014050, 5, 1434292908, 1, 0),
(43, 'Apple iMac 21.5 Inch Desktop (ME086ID/A)', 'dunia-mac_apple-imac-21-5-inch-desktop-md086id-a_full01.jpg,dunia-mac_apple-imac-21-5-inch-desktop-md086id-a_full02.jpg', '<b>SKU Number: DUM-15905-00011</b><br />\r\n<br />\r\nApple iMac 21.5 Inch Desktop (MD086ID/A) merupakan desktop PC yang diperkuat dengan 2.7 GHz Quad-Core i5 Processor. Desktop PC ini disupport dengan 8 GB memory dengan kecepatan 1600 MHz dengan layar display 21.5 inch yang ditunjang dengan Intel Iris Pro Graphics. PC Desktop ini juga dilengkapi dengan kapasitas penyimpanan 1 TB Serial ATA (5400-rpm) hard drive serta koneksi Bluetooth.', '<b>Detail Produk</b><br />\r\nKapasitas Penyimpanan : 1 TB Serial ATA Hard drive 5400-rpm<br />\r\nMemory : 8 GB of 1600MHz DDR3 SDRAM<br />\r\nOperating System : OS Mavericks (upgradeable to OS X Yosemite)<br />\r\nProsesor : 2.7 GHz Turbo Boost up to 3.2 Ghz<br />\r\nTipe Grafis : Intel Iris Pro Graphics<br />\r\n<br />\r\n<b>Garansi</b><br />\r\nResmi Internasional 1 Tahun', 2, 8, 17699000, 0, 17699000, 4, 1434291793, 0, 0),
(45, 'Apple iMac ME886 Desktop PC [27"/Retina/i5/3.5/8 GB/1 TB]', 'max-cellular_apple-imac-me886-desktop-pc-27--retina-i5-35-8-gb-1-tb_full01.jpg,max-cellular_apple-imac-me886-desktop-pc-27--retina-i5-35-8-gb-1-tb_full02.jpg', '<b>SKU Number: MAC-16327-00166</b><br />\r\n<br />\r\nApple iMac ME886 Desktop PC [27"/Retina/i5/3.5/8 GB/1 TB] merupakan desktop PC yang menakjubkan dengan visual grafis 5K. Didesain begitu ramping 5 mm dan memiliki resolusi layar 5120 x 2880, pada imac ME 886 grafis pada PC lebih eye-catching daripada model sebelumnya. Selain itu desktop PC ini telah dipersenjatai dengan prosesor Intel Quad Core, memori 8 GB, dan didukung empat slot SO-DIMM.', '<b>Detail Produk</b><br />\r\nProcessor : 3.5 GHz Intel Core i5 Quad-Core 4th-Gen Haswell<br />\r\nMemori : 8 GB (2 x 4 GB)<br />\r\nKapasitas penyimpanan : 1 TB<br />\r\nDisplay : 27 inch 5120 x 2880<br />\r\nGrafic Card : AMD Radeon R9 M290X with 2 GB GDDR5 SDRAM<br />\r\n<br />\r\n<b>Garansi</b><br />\r\nGaransi Internasional 1 Tahun', 2, 8, 33699000, 0, 33699000, 3, 1434292209, 2, 0),
(46, 'Apple iMac ME 087 Desktop PC [21.5"/i5/2.9/8 GB/1 TB]', 'bursa-bb_apple-imac-me-087-desktop-pc-21-5-inch-i5-2-9-8-gb-1-tb_full01.jpg,bursa-bb_apple-imac-me-087-desktop-pc-21-5-inch-i5-2-9-8-gb-1-tb_full02.jpg,bursa-bb_apple-imac-me-087-desktop-pc-21-5-inch-i5-2-9-8-gb-1-tb_full03.jpg', '<b>SKU Number: BUB-16014-00168</b><br />\r\n<br />\r\nApple iMac ME 087 Desktop PC [21.5"/i5/2.9/8 GB/1 TB] merupakan desktop PC yang diperkuat dengan 2.9 GHz Quad-Core i5 Processor. Desktop PC ini disupport dengan 8 GB memory dengan kecepatan 1600 MHz dengan layar display 21.5 inch yang ditunjang dengan Intel Iris Pro Graphics. PC Desktop ini juga dilengkapi dengan kapasitas penyimpanan 1 TB Serial ATA (5400-rpm) hard drive serta koneksi Bluetooth.', '<b>Detail Produk</b><br />\r\nKapasitas Penyimpanan : 1TB Serial ATA Hard drive 5400-rpm<br />\r\nMemory : 8 GB of 1600MHz DDR3 SDRAM<br />\r\nOperating System : OS Mavericks (upgradeable to OS X Yosemite)<br />\r\nProsesor : 2.9 GHz Turbo Boost up to 3.6 Ghz<br />\r\nUkuran Layar : 21.5 inch 1920 x 1080 Resolution<br />\r\n<br />\r\n<b>Garansi</b><br />\r\nGaransi Internasional 1 Tahun', 2, 8, 21199000, 0, 21199000, 6, 1434292384, 0, 0),
(47, 'Apple iMac ME 089 Desktop PC [27', 'bursa-bb_apple-imac-me-089-desktop-pc-27-inch-i5-3-4-8gb1tb_full01.jpg,bursa-bb_apple-imac-me-089-desktop-pc-27-inch-i5-3-4-8gb1tb_full02.jpg,bursa-bb_apple-imac-me-089-desktop-pc-27-inch-i5-3-4-8gb1tb_full03.jpg', '<b>SKU Number: BUB-16014-00169</b><br /><br />\r\nApple iMac ME 089 Desktop PC [27"/i5/3.4/8 GB/1 TB], iMac mengkombinasikan teknologi-teknologi yang luar biasa dengan display yang lebar dan tipis. iMac menawarkan display yang sangat terang dan jernih dengan teknologi IPS yang membuat warna terlihat konsisten dari sudut pandang mana saja. iMac juga dilengkapi dengan Apple Magic Mouse dan Wireless keyboard, sehingga desain terlihat begitu sempurna.', '<b>Detail Produk</b><br /><br />\r\nLayar : 27" Inch dengan IPS Teknologi<br />\r\nProsesor : 3.4 Ghz Quad-Core Intel Core i5 Processor (up to 3.8 Ghz)<br />\r\nMemori : 8 GB (Two 4 GB) DDR3 1600 MHz<br />\r\nHard disk : 1 TB (7200-rpm) hard drive<br />\r\nGrafis : NVIDIA GeForce GTX 775M graphics processor with 2GB of GDDR5 memory<br />\r\n<br /><br />\r\n<b>Garansi</b><br />\r\nGaransi Internasional 1 Tahun', 2, 8, 27299000, 2, 26753020, 3, 1434292849, 0, 0),
(48, 'Apple iMac ME088 J/A Silver Desktop PC [8 GB/Core i5/27"/1 TB]', 'bursa-bb_apple-imac-me-089-desktop-pc-27-inch-i5-3-4-8gb1tb_full01.jpg,bursa-bb_apple-imac-me-089-desktop-pc-27-inch-i5-3-4-8gb1tb_full02.jpg,bursa-bb_apple-imac-me-089-desktop-pc-27-inch-i5-3-4-8gb1tb_full03.jpg,rici-shop_apple-imac-me088-j-a-silver-desktop-pc-8-gb-core-i5-27-1-tb_full04.jpg', '<b>SKU Number: RIS-16179-00130</b><br />\r\n<br />\r\nApple iMac ME088 J/A Silver Desktop PC [8 GB/Core i5/27"/1 TB], iMac mengkombinasikan teknologi-teknologi yang luar biasa dengan display yang lebar dan tipis. iMac menawarkan display yang sangat terang dan jernih dengan teknologi IPS yang membuat warna terlihat konsisten dari sudut pandang mana saja. iMac juga dilengkapi dengan Apple Magic Mouse dan Wireless keyboard, sehingga desain terlihat begitu sempurna.', '<b>Detail Produk</b><br />\r\nProsesor : 3.2 Ghz Quad-Core Intel Core i5 Processor (up to 3.6 Ghz)<br />\r\nMemori : 8 GB (Two 4GB) DDR3 1600 MHz<br />\r\nKapasitas penyimpanan : 1 TB (7200-rpm)<br />\r\nLayar : 27" Inch dengan IPS Teknologi<br />\r\nGraphic : NVIDIA GeForce GT 755M 1 GB GDDR5<br />\r\n<br />\r\n<b>Garansi</b><br />\r\nDistributor 1 Tahun', 2, 8, 24800000, 0, 24800000, 1, 1434293092, 0, 0),
(49, 'Apple Mac Mini 2.5GHz/4GB/500GB [MD387ZA/A]', 'blibli_apple-mac-mini-2-5hz-4gb-500gb-md387za-a_full01.jpg', '<b>SKU Number: BLI-00106-03045</b><br />\r\n<br />\r\nApple Mac Mini 2.5GHz/4GB/500GB [MD387ZA/A], Mac Mini dengan OS X Server yang memiliki prosesor Quad-core berkecepatan 2.5 GHz dan sudah terintegrasi Intel Core i5 (Turbo Boost up to 3.1 GHz) with 3 MB L3 cache yang akan memberikan performa & kecepatan yang luar biasa.', '<b>Detail Produk</b><br />\r\nProsessor : 2.5GHz dual-core Intel Core i5 (Turbo Boost up to 3.1GHz) with 3MB L3 cache<br />\r\nStorage : 500 GB (5400-rpm) hard drive<br />\r\nGraphics : Intel HD Graphics 4000<br />\r\nMemory : 4 GB (two 2GB) of 1600MHz DDR3 memory', 2, 8, 8299000, 4, 7967040, 5, 1434293221, 1, 0),
(50, 'Apple iMac ME 086 Desktop PC [21.5"/i5/2.7/8 GB/1 TB]', 'bursa-bb_apple-imac-me-086-desktop-pc-21-5inch-i5-2-7-8-gb-1-tb_full03.jpg,bursa-bb_apple-imac-me-089-desktop-pc-27-inch-i5-3-4-8gb1tb_full02.jpg,bursa-bb_apple-imac-me-089-desktop-pc-27-inch-i5-3-4-8gb1tb_full03.jpg', '<b>SKU Number: BUB-16014-00171</b><br />\r\n<br />\r\nApple iMac ME 086 Desktop PC [21.5"/i5/2.7/8 GB/1 TB], iMac mengkombinasikan teknologi-teknologi yang luar biasa dengan display yang lebar dan tipis. iMac menawarkan display yang sangat terang dan jernih dengan teknologi IPS yang membuat warna terlihat konsisten dari sudut pandang mana saja. iMac juga dilengkapi dengan Apple Magic Mouse dan Wireless keyboard, sehingga desain terlihat begitu sempurna.', '<b>Detail Produk</b><br />\r\nLayar : 21.5" Inch dengan IPS Teknologi<br />\r\nProsesor : 2.7 Ghz Quad-Core Intel Core i5 Processor (up to 3.2 Ghz)<br />\r\nMemori : 8 GB (Two 4GB) DDR3 1600 MHz<br />\r\nKapasitas penyimpanan : 1 TB (5400-rpm) hard drive<br />\r\nGrafis : Intel Iris Pro Grapchic<br />\r\n<br />\r\n<b>Garansi</b><br />\r\nGaransi Internasional 1 Tahun', 2, 8, 18199000, 3, 17653030, 3, 1434293325, 0, 0),
(51, 'Dell Inspiron 19 3043 Hitam Desktop PC + DELL AX 210 Speakers', 'yolori_dell-inspiron-19-3043-hitam-desktop-pc-plus-dell-ax-210-speakers_full01.jpg,yolori_dell-inspiron-19-3043-hitam-desktop-pc-plus-dell-ax-210-speakers_full02.jpg,yolori_dell-inspiron-19-3043-hitam-desktop-pc-plus-dell-ax-210-speakers_full03.jpg,yolori_dell-inspiron-19-3043-hitam-desktop-pc-plus-dell-ax-210-speakers_full04.jpg', '<b>SKU Number: YOI-16136-00044</b><br />\r\n<br />\r\nDell Inspiron 19 3043 Hitam Desktop PC + DELL AX 210 Speakers hadir dengan seri laptop Inspiron terbaru dengan perpaduan sempurna antara gaya dan kinerja. Dell Inspiron 19 3043 ini penuh dengan fitur yang dirancang untuk memenuhi tuntutan pekerjaan komputasi sehari-hari. Dengan spesifikasi yang optimal dan mumpuni, All in One PC ini siap menyelesaikan setiap pekerjaan dengan cepat namun dengan harga terjangkau. Desktop PC berpenampilan menarik ini memiliki desain yang ergonomis dan estetika yang indah. Laptop ini menggunakan layar LED backlite berukuran 19.5" dengan resolusi layar 1600 x 900. Dell Inspiron 19 3043 All-in-One ini terasa nyaman untuk keperluan hiburan dan pekerjaan Anda.', '<b>Detail Produk</b><br />\r\nProcessor : 4th Generation Intel Pentium Processor N3540 (2M Cache, up to 2.66 GHz)<br />\r\nDisplay : 9.5 inch LED Backlit Display with TN and HD+ resolution (1600 x 900)<br />\r\nKapasitas : 2 GB DDR3L 1600MHz<br />\r\nPenyimpanan : 500 GB HDD SATA 5400 rpm<br />\r\nOperating system : Microsoft WIndows 8.1 Bing<br />\r\n<br />\r\n<b>Garansi</b><br />\r\nGaransi Resmi 1 Tahun', 2, 9, 5270000, 0, 5270000, 4, 1434293571, 0, 0),
(52, 'HP AIO Pavilion g135x Desktop PC [23', 'cpucom_hp-aio-pavilion-g135x-desktop-pc-23inch-4-gb-1-tb_full01.jpg,cpucom_hp-aio-pavilion-g135x-desktop-pc-23inch-4-gb-1-tb_full02.jpg,cpucom_hp-aio-pavilion-g135x-desktop-pc-23inch-4-gb-1-tb_full03.jpg', '<b>SKU Number: CPM-18041-00040</b><br />\r\n<br /><br />\r\nHP AIO Pavilion g135x Desktop PC [23"/4 GB/1 TB] merupakan HP AIO Pavilion g135x hadir dengan desain elegan, ukuran layar 23 Inch LED dari HP AIO Pavilion g135x ini mampu menampilkan kualitas NVIDIA . Untuk kapasitas penyimpanan, HP AIO Pavilion g135x 1TB Serial ATA, serta dilengkapi dengan tipe graphics NVIDIA GeForce 810A 2GB sehingga dapat meningkatkan kinerja Anda.', '<b>Detail Produk</b><br /><br />\r\nProcessor Onboard : Intel Core i5-4590T Processor (Up to 3.00 GHz, 6M Cache)<br />\r\nTipe Grafis : NVIDIA GeForce 810A 2GB<br />\r\nHard Drive : 1TB Serial ATA, 7200RPM<br />\r\nSistem Operasi : DOS<br />\r\nMonitor : 23 Inch LED<br /><br />\r\n<b>Garansi</b><br />\r\nGaransi Resmi 1 Tahun', 2, 11, 9150000, 3, 8875500, 5, 1434293782, 0, 0),
(53, 'HP AIO 2210x Desktop PC [19.45"/500 GB]', 'cpucom_hp-aio-2210x-desktop-pc-19-45inch-500-gb_full01.jpg,cpucom_hp-aio-2210x-desktop-pc-19-45inch-500-gb_full02.jpg', '<b>SKU Number: CPM-18041-00044</b><br />\r\n<br />\r\nHP AIO 2210x Desktop PC [19.45"/500 GB] merupakan HP AIO 2210x hadir dengan desain elegan, ukuran layar 19.5 Inch dari HP AIO 2210x ini mampu menampilkan kualitas Integrated. Untuk kapasitas penyimpanan, HP AIO 2210x 500GB, serta dilengkapi dengan tipe graphics Integrated sehingga dapat meningkatkan kinerja Anda.', '<b>Detail Produk</b><br />\r\nProcessor Onboard : Intel Core i3-4160T Processor (3.1 GHz, 3M Cache)<br />\r\nTipe Grafis : Integrated<br />\r\nHard Drive : 500GB<br />\r\nSistem Operasi : DOS<br />\r\nMonitor : 19.5 Inch<br />\r\n<br />\r\n<b>Garansi</b><br />\r\nGaransi Resmi 1 Tahun', 2, 11, 7000000, 1, 6930000, 0, 1434293920, 1, 0),
(54, 'HP Pro Desk 490 G1 MT Black Desktop PC [4 GB/1 TB/18.5"]', 'cpucom_hp-pro-desk-490-g1-mt-black-desktop-pc-4-gb-1-tb-18-5inch_full01.jpg,cpucom_hp-pro-desk-490-g1-mt-black-desktop-pc-4-gb-1-tb-18-5inch_full02.jpg', '<b>SKU Number: CPM-18041-00024</b><br />\r\n<br />\r\nHP Pro Desk 490 G1 MT Black Desktop PC [4 GB/1 TB/18.5"] mendukung Anda yang ingin meningkatkan produktivitas dengan melakukan multitasking. Menggunakan DisplayPort 1.2 (optional), Anda bisa melakukan multi-stream ke tiga display secara bersamaan. Anda juga bisa membuat video conference lebih hidup dengan sistem audio dan video berkualitas yang dihasilkan oleh DTS Studio Sound. Dengan empat port USB di bagian depan, enam port USB di bagian belakang, DVD Supermulti dan header USB 3.0 internal untuk media card reader, konektivitas tidak akan pernah lagi jadi masalah. Demikian pula mengenai keamanan data. Manfaatkan bantuan konfigurasi dual storage RAID (optional) untuk melindungi data-data Anda.', '<b>Detail Produk</b><br />\r\nProcessor : Intel Core i3-4160 Processor (3.6 Ghz, 3MB Cache)<br />\r\nLayar : 18.5 inch<br />\r\nChipset : Intel H87<br />\r\nMemory : 4 GB DDR3 1600Mhz DIMM up to 16 GB<br />\r\nHard Drive : 1 TB', 2, 11, 8790000, 0, 8790000, 6, 1434294042, 1, 0),
(55, 'HP Pavilion 300-012D Silver Mini PC [500 GB]', 'cpucom_hp-pavilion-300-012d-silver-mini-pc-500-gb_full01.jpg,cpucom_hp-pavilion-300-012d-silver-mini-pc-500-gb_full02.jpg', '<b>SKU Number: CPM-18041-00023</b><br />\r\n<br />\r\nHP Pavilion 300-012D Silver Mini PC [500 GB] adalah desktop mini setinggi 2 Inch yang dibekali fitur-fitur PC terkini dan konektivitas lengkap, memungkinkan Anda dapat menghubungkannya dengan berbagai perangkat monitor atau TV. HP Pavilion 300 bekerja dengan sistem operasi Windows 8.1 64-bit dan Processor Intel Core i3 generasi ke-4. RAM 2 GB membuat desktop mini ini bekerja lebih responsif. Sementara ruang penyimpanan HDD 500GB cukup untuk menyimpan semua koleksi file multimedia dan aplikasi favorit Anda. HP Pavilion 300 seri 012D dibekali kapasitas RAM sebesar 2 GB untuk membantu Processor bekerja lebih responsif dalam menangani berbagai tugas.', '<b>Detail Produk</b><br />\r\nProcessor : Intel Core i3-4025U 1.90 GHz, 3M Cache<br />\r\nMemori Standar : 2 GB DDR3<br />\r\nTipe Grafis : Intel HD Graphics<br />\r\nHard Drive : 500 GB', 2, 11, 4700000, 0, 4700000, 9, 1434294142, 0, 0),
(56, 'Dell Inspiron 20 3048 Hitam Desktop PC [20"/Ci3-4130T/4 GB/500 GB/Intel HD/Ubuntu]', 'yolori_dell-inspiron-20-3048-hitam-desktop-pc-20inch-ci3-4130t-4gb-500gb-Intel-hd-ubuntu-touch_full01.jpg,yolori_dell-inspiron-20-3048-hitam-desktop-pc-20inch-ci3-4130t-4gb-500gb-Intel-hd-ubuntu-touch_full02.jpg,yolori_dell-inspiron-20-3048-hitam-desktop-pc-20inch-ci3-4130t-4gb-500gb-Intel-hd-ubuntu-touch_full03.jpg,yolori_dell-inspiron-20-3048-hitam-desktop-pc-20inch-ci3-4130t-4gb-500gb-Intel-hd-ubuntu-touch_full04.jpg', '<b>SKU Number: YOI-16136-00031</b><br />\r\n<br />\r\nDell Inspiron 20 3048 Hitam Desktop PC [20"/Ci3-4130T/4 GB/500 GB/Intel HD/Ubuntu], Dell kembali menghadirkan seri laptop Inspiron terbaru dengan perpaduan sempurna antara gaya dan kinerja. Dell Inspiron 20 3048 ini penuh dengan fitur yang dirancang untuk memenuhi tuntutan pekerjaan komputasi sehari-hari. Dengan spesifikasi yang optimal dan mumpuni, All in One PC ini siap menyelesaikan setiap pekerjaan dengan cepat namun dengan harga terjangkau. Desktop PC berpenampilan menarik ini memiliki desain yang ergonomis dan estetika yang indah. Laptop ini menggunakan layar LED backlite berukuran 20" dengan resolusi layar 1600 x 900. Dell Inspiron 20 3048 All-in-One ini terasa nyaman untuk keperluan hiburan dan pekerjaan Anda.', '<b>Detail Produk</b><br />\r\nDisplay : 20" LED Backlit Display with TN and HD+ resolution (1600 x 900)<br />\r\nProsesor : 4th Generation Intel Core i3-4130T Processor (3M Cache, 2.90 GHz)<br />\r\nKapasitas : 4 GB DDR3L 1600MHz<br />\r\nPenyimpanan : 500 GB HDD SATA 5400RPM<br />\r\nOperating system : Linux Ubuntu v12.04 LTS<br />\r\n<br />\r\n<b>Garansi</b><br />\r\nGaransi Resmi 1 Tahun', 2, 9, 7150000, 0, 7150000, 3, 1434294320, 0, 0),
(57, 'Dell Inspiron 18-3847 Hitam Desktop PC [18.5 inch/Ci5-4440/4GB/500GB/DOS]', 'yolori_dell-inspiron-18-3847-hitam-desktop-pc-_full01.jpg,yolori_dell-inspiron-18-3847-hitam-desktop-pc-_full02.jpg', '<b>SKU Number: YOI-16136-00004</b><br />\r\n<br />\r\nDell Inspiron 18-3847 Hitam Desktop PC [18.5 inch/Ci5-4440/4GB/500GB/DOS] merupakan desktop PC yang diperkuat dengan prosesor Intel Core i5-4440. Desktop PC ini disupport dengan memory 4 GB DDR3L 1600 MHz dan layar display 18.5 inch. Dell Inspiron ini juga dilengkapi dengan kapasitas penyimpanan 500 GB HDD SATA 5400 RPM.', '<b>Detail Produk</b><br />\r\nDisplay : 18.5 inch Dell LED E1914H<br />\r\nProsesor : 4th Generation Intel Core i5-4440 Processor (6M Cache, up to 3.30 GHz)<br />\r\nMemori : 4 GB DDR3L 1600 MHz<br />\r\nMemori penyimpanan : 500GB HDD SATA 5400 RPM<br />\r\nSistem operasi : Linux Ubuntu v12.04<br />\r\n<br />\r\n<b>Garansi</b><br />\r\nResmi 1 Tahun', 2, 9, 8700000, 5, 8265000, 5, 1434294441, 0, 0),
(58, 'HP 8-318 Desktop PC [Intel Pentium G2020T/500 GB/Ultra Micro Tower]', 'cpucom_hp-proliant-micro-server-gen-8-318-desktop-pc-intel-pentium-g2020t-500-gb-ultra-micro-tower_full01.jpg,cpucom_hp-proliant-micro-server-gen-8-318-desktop-pc-intel-pentium-g2020t-500-gb-ultra-micro-tower_full02.jpg', '<b>SKU Number: CPM-18041-00009</b><br />\r\n<br />\r\nHP 8-318 Desktop PC [Intel Pentium G2020T/500 GB/Ultra Micro Tower] ditenagai oleh prosesor Intel Pentium G2020T. Prosesor ini memiliki kinerja yang cukup baik untuk mendukung kinerja server yang dibutuhkan. Dengan kecepatan clock 2.5 Ghz dan kebutuhan daya yang tidak terlalu tinggi membuat prosesor ini jadi pilihan tepat pada sebuah micro server. Kinerjanya mendapatkan dukungan dari RAM berkapasitas 2 GB DDR3 12800. Sedangkan untuk penyimpanan data digunakan Harddisk standar untuk kebutuhan server berkapasitas 500 GB.', '<b>Detail Produk</b><br />\r\nProcessor : Intel Pentium G2020T<br />\r\nMemory : 2 GB DDR3 12800 UDIMM<br />\r\nOptical Drive : DVDRW<br />\r\nOS : DOS<br />\r\nKapasitas Penyimpanan : 500 GB', 2, 11, 9850000, 0, 9850000, 7, 1434294579, 0, 0),
(59, 'Dell Inspiron One Touch 23- 5348 Hitam Desktop PC [23 inch/C5-4460/4GB/1TB/Windows 8.1]', 'yolori_dell-inspiron-one-touch-23--5348-hitam-desktop-pc_full01.jpg,yolori_dell-inspiron-one-touch-23--5348-hitam-desktop-pc_full02.jpg,yolori_dell-inspiron-one-touch-23--5348-hitam-desktop-pc_full03.jpg,yolori_dell-inspiron-one-touch-23--5348-hitam-desktop-pc_full04.jpg', '<b>SKU Number: YOI-16136-00008</b><br />\r\n<br />\r\nDell Inspiron One Touch 23- 5348 Hitam Desktop PC [23 inch /C5-4460/4GB/1TB/Windows 8.1] merupakan desktop PC yang diperkuat dengan prosesor Intel Core-i5-4460S. PC All In One ini disupport dengan memory 4 GB DDR3 1600 MHz dan layar display 23 inch. Dell Inspiron One Touch ini juga dilengkapi dengan kapasitas penyimpanan 1 TB HDD SATA 5400 RPM. PC All In One hanya menggunakan satu kabel power sebagai sumber dayanya serta tambahan 2 port untuk keyboard dan mouse.', '<b>Detail Produk</b><br />\r\nDisplay : 23 inch LED Backlit Touch Display with Anti-Glare and FHD resolution (1920 x 1080) with Intel HD Gr<br />\r\nProsesor : 4th Generation Intel Core-i5-4460S Processor (6M Cache, up to 3.40 GHz)<br />\r\nMemori : 4GB DDR3 1600MHz<br />\r\nMemori penyimpanan : 1TB HDD SATA 5400 RPM<br />\r\nSistem operasi : Microsoft Windows 8.1 SL (English) 64Bit<br />\r\n<br />\r\n<b>Garansi</b><br />\r\nGaransi Resmi 1 Tahun', 2, 9, 16300000, 0, 16300000, 5, 1434294709, 0, 0),
(60, 'Dell Inspiron One Touch 23-5348 Hitam Desktop PC [23 inch/Ci3-4150/4GB/1TB/Windows 8.1]', 'yolori_dell-inspiron-one-touch-23--5348-hitam-desktop-pc_full01.jpg,yolori_dell-inspiron-one-touch-23--5348-hitam-desktop-pc_full02.jpg,yolori_dell-inspiron-one-touch-23--5348-hitam-desktop-pc_full03.jpg,yolori_dell-inspiron-one-touch-23--5348-hitam-desktop-pc_full04.jpg', '<b>SKU Number: YOI-16136-00007</b><br />\r\n<br />\r\nDell Inspiron One Touch 23-5348 Hitam Desktop PC [23 inch/Ci3-4150/4GB/1TB/Windows 8.1] merupakan desktop PC yang diperkuat dengan prosesor Intel Core i3-4150. PC All In One ini disupport dengan memory 4 GB DDR3 1600 MHz dan layar display 23 inch. Dell Inspiron One Touch ini juga dilengkapi dengan kapasitas penyimpanan 1 TB HDD SATA 5400 RPM. PC All In One hanya menggunakan satu kabel power sebagai sumber dayanya serta tambahan 2 port untuk keyboard dan mouse.', '<b>Detail Produk</b><br />\r\nDisplay : 23 inch LED Backlit Touch Display with Anti-Glare and FHD resolution (1920 x 1080) with Intel HD Gr<br />\r\nProsesor : 4th Generation Intel Core i3-4150 Processor (3M Cache, 3.50 GHz)<br />\r\nMemori : 4GB DDR3 1600 MHz<br />\r\nMemori penyimpanan : 1TB HDD SATA 5400 RPM<br />\r\nSistem operasi : Microsoft Windows 8.1 SL (English) 64Bit<br />\r\n<br />\r\n<b>Garansi</b><br />\r\nGaransi Resmi 1 Tahun', 2, 9, 13600000, 9, 12376000, 5, 1434294830, 0, 0),
(61, 'Dell Inspiron 23-3847 Hitam Desktop PC [ 23 inch/Ci7-4770/8GB/2TB/Windows 8.1]', 'yolori_dell-inspiron-23-3847-hitam-desktop-pc_full01.jpg,yolori_dell-inspiron-23-3847-hitam-desktop-pc_full02.jpg', '<b>SKU Number: YOI-16136-00006</b><br />\r\n<br />\r\nDell Inspiron 23-3847 Hitam Desktop PC [ 23 inch/Ci7-4770/8GB/2TB/Windows 8.1] merupakan desktop PC yang diperkuat dengan prosesor Intel Core i7-4770. Desktop PC ini disupport dengan memory 8 GB DDR3L 1600 MHz dan layar display 23 inch. Dell Inspiron ini juga dilengkapi dengan kapasitas penyimpanan 2 TB HDD SATA 5400 RPM.', '<b>Detail Produk</b><br />\r\nDisplay : 23 inch Dell LED S2340L<br />\r\nProsesor : 4th Generation Intel Core i7-4770 Processor (8M Cache, up to 3.90 GHz)<br />\r\nMemori : 8 GB DDR3L 1600 MHz<br />\r\nMemori penyimpanan : 2 TB HDD SATA 5400 RPM<br />\r\nSistem operasi : Microsoft WIndows 8.1 SL (English) 64Bit<br />\r\n<br />\r\n<b>Garansi</b><br />\r\n1 Tahun', 2, 9, 14750000, 0, 14750000, 3, 1434294931, 0, 0),
(62, 'Dell Inspiron 18-3847 Hitam Desktop PC [18.5 inch/Cell-G3220/4GB/500GB/DOS]', 'yolori_dell-inspiron-23-3847-hitam-desktop-pc_full01.jpg,yolori_dell-inspiron-23-3847-hitam-desktop-pc_full02.jpg', '<b>SKU Number: YOI-16136-00002</b><br />\r\n<br />\r\nDell Inspiron 18-3847 Hitam Desktop PC [18.5 inch/Cell-G3220/4GB/500GB/DOS] merupakan desktop PC yang diperkuat dengan Intel Pentium Processor G3220 (3M Cache, 3.00 GHz). Desktop PC ini disupport dengan memory 4 GB DDR3L 1600 MHz dan layar display 18.5 inch. Dell Inspiron ini juga dilengkapi dengan kapasitas penyimpanan 500 GB HDD SATA 5400 RPM.', '<b>Detail Produk</b><br />\r\nDisplay : 18.5 inch Dell LED E1914H<br />\r\nProsesor : 4th Generation Intel Pentium Processor G3220 (3M Cache, 3.00 GHz)<br />\r\nMemori : 4 GB DDR3L 1600 MHz<br />\r\nMemori penyimpanan : 500 GB HDD SATA 5400 RPM<br />\r\nSistem operasi : Linux Ubuntu v12.04<br />\r\n<br />\r\n<b>Garansi</b><br />\r\nResmi 1 Tahun', 2, 9, 5900000, 2, 5782000, 8, 1434295013, 1, 0);
INSERT INTO `produk` (`nomor`, `nama_produk`, `gambar_produk`, `deskripsi`, `info`, `no_kategori`, `no_brand`, `harga`, `diskon`, `harga_diskon`, `stok`, `tgl`, `dilihat`, `terjual`) VALUES
(63, 'Dell Inspiron 19 3043 Hitam Desktop PC [19.5"/Cell-N3540/2 GB/500 GB/Intel HD/Windows 8.1 Bing]', 'yolori_dell-inspiron-19-3043-hitam-desktop-pc-19-5inch-cell-n3540-2-gb-500-gb-intel-hd-windows-8-1-bing_full01.jpg,yolori_dell-inspiron-19-3043-hitam-desktop-pc-19-5inch-cell-n3540-2-gb-500-gb-intel-hd-windows-8-1-bing_full02.jpg', '<b>SKU Number: YOI-16136-00030</b><br />\r\n<br />\r\nDell Inspiron 19 3043 Hitam Desktop PC [19.5"/Cell-N3540/2 GB/500 GB/Intel HD/Windows 8.1 Bing], Dell kembali menghadirkan seri laptop Inspiron terbaru dengan perpaduan sempurna antara gaya dan kinerja. Dell Inspiron 19 3043 ini penuh dengan fitur yang dirancang untuk memenuhi tuntutan pekerjaan komputasi sehari-hari. Dengan spesifikasi yang optimal dan mumpuni, All in One PC ini siap menyelesaikan setiap pekerjaan dengan cepat namun dengan harga terjangkau. Desktop PC berpenampilan menarik ini memiliki desain yang ergonomis dan estetika yang indah. Laptop ini menggunakan layar LED backlite berukuran 19.5" dengan resolusi layar 1600 x 900. Dell Inspiron 19 3043 All-in-One ini terasa nyaman untuk keperluan hiburan dan pekerjaan Anda.', '<b>Detail Produk</b><br />\r\nDisplay : 19.5 inch LED Backlit Display with TN and HD+ resolution (1600 x 900)<br />\r\nProsesor : 4th Generation Intel Pentium Processor N3540 (2M Cache, up to 2.66 GHz)<br />\r\nKapasitas : 2 GB DDR3L 1600MHz<br />\r\nPenyimpanan : 500 GB HDD SATA 5400 rpm<br />\r\nOperating system : Microsoft WIndows 8.1 Bing<br />\r\n<br />\r\n<b>Garansi</b><br />\r\nGaransi Resmi 1 Tahun', 2, 9, 6000000, 0, 6000000, 7, 1434295162, 0, 0),
(64, 'HP Pro Desk 400 G1 MT Black Desktop PC [2 GB/500 GB/18.5"]', 'cpucom_hp-pro-desk-400-g1-mt-black-desktop-pc-2-gb-500-gb-18-5inch_full01.jpg,cpucom_hp-pro-desk-400-g1-mt-black-desktop-pc-2-gb-500-gb-18-5inch_full02.jpg,cpucom_hp-pro-desk-400-g1-mt-black-desktop-pc-2-gb-500-gb-18-5inch_full03.jpg,cpucom_hp-pro-desk-400-g1-mt-black-desktop-pc-2-gb-500-gb-18-5inch_full04.jpg', '<b>SKU Number: CPM-18041-00018</b><br />\r\n<br />\r\nHP Pro Desk 400 G1 MT Black Desktop PC [2 GB/500 GB/18.5"] mempunyai Tipe Prosesor Core i3 dan memiliki performalitas yang lumayan tinggi dikalangan masyarakat pecinta internet. Dengan memori standard 2 GB DDR3 dan tempat penyimpanan data sebesar 500GB sudah cukup untuk menyimpan data-data pekerjaan Anda. Kecepatan jaringan 10/100/1000 Mbps membuat koneksi Anda selalu stabil.', '<b>Detail Produk</b><br />\r\nLayar : 18.5"<br />\r\nProcessor : Intel Core i3-4160 Processor (3.6 Ghz, 3MB Cache)<br />\r\nMemory : 2 GB DDR3 1600Mhz DIMM up to 16GB<br />\r\nHard Drive : 500 GB Serial ATA, 7200RPM<br />\r\nOptical Drive : DVDRW', 2, 11, 6650000, 0, 6650000, 1, 1434295334, 1, 0),
(65, 'HP 110-406d Black Desktop PC [500 GB/15.6 Inch]', 'cpucom_hp-110-406d-black-desktop-pc-500-gb-15-6inch_full01.jpg,cpucom_hp-110-406d-black-desktop-pc-500-gb-15-6inch_full02.jpg,cpucom_hp-110-406d-black-desktop-pc-500-gb-15-6inch_full03.jpg', '<b>SKU Number: CPM-18041-00010</b><br />\r\n<br />\r\nHP 110-406d Black Desktop PC [500 GB/15.6 Inch] merupakan dekstop PC dengan processor AMD Dual Core E1-6010, memory : 2 GB DDR3-1600 DIMM (1x2 GB), OS : Windows 8.1 Bing dan mempunyai kapasitas penyimpanan 500 GB.', '<b>Detail Produk</b><br />\r\nProcessor : AMD Dual Core E1-6010 Processor (1.35 GHz, 1M cache)<br />\r\nMemory : 2 GB DDR3-1600 DIMM (1x2 GB)<br />\r\nOS : Windows 8.1 Bing<br />\r\nKapasitas Penyimpanan : 500 GB', 2, 11, 4300000, 0, 4300000, 5, 1434295463, 2, 0),
(66, 'HP 120-021D Black Desktop PC [500 GB/LED 15.6 Inch]', 'cpucom_hp-120-0221d-black-desktop-pc-500-gb-led-15-6inch_full01.jpg,cpucom_hp-120-0221d-black-desktop-pc-500-gb-led-15-6inch_full02.jpg,cpucom_hp-120-0221d-black-desktop-pc-500-gb-led-15-6inch_full03.jpg', '<b>SKU Number: CPM-18041-00016</b><br />\r\n<br />\r\nHP 120-021D Black Desktop PC [500 GB/LED 15.6 Inch] dekstop PC ini yang mempunyai tipe prosesor Core i3 dan memiliki performalitas yang lumayan tinggi dikalangan masyarakat pecinta internet. Dengan memori standard 2 GB DDR-3 dan tempat penyimpanan data sebesar 500 GB sudah cukup untuk menyimpan data-data pekerjaan anda. Dan Kecepatan Jaringan 10 / 100 / 1000 Mbps membuat koneksi Anda selalu stabil.', '<b>Detail Produk</b><br />\r\nProcessor : Intel Core i3<br />\r\nMemory : 2GB DDR3 PC-12800<br />\r\nSistem Operasi : Microsoft Windows 8.1 64bit<br />\r\nMonitor Include : Include 15.6 Inch<br />\r\nKapasitas Penyimpanan : 500 GB', 2, 11, 6650000, 0, 6650000, 0, 1434295600, 2, 0),
(67, 'Intel Core i5-4690K Processor [Box]', 'asus-sennheiser-sandisk_intel-box-core-i5-4690k-processor_full01.jpg,asus-sennheiser-sandisk_intel-box-core-i5-4690k-processor_full02.jpg,asus-sennheiser-sandisk_intel-box-core-i5-4690k-processor_full03.jpg,asus-sennheiser-sandisk_intel-box-core-i5-4690k-processor_full04.jpg', '<b>SKU Number: ASS-11383-00206</b><br />\r\n<br />\r\nIntel Core i5-4690K Processor [Box] merupakan merupakan processor generasi ke empat dari Intel. Processor Quad core ini mengusung clock speed 3.5 GHz dan kapasitas cache 6 MB. Jumlah ukuran maksimal memory yang bisa diusung oleh processor i5 4690K ini adalah 32 GB. Sudah built in processor graphics terbaru dari Intel yaitu Intel HD graphics 4600.', '<b>Detail Produk</b><br />\r\nQuad Core<br />\r\nClock speed 3.5 GHz<br />\r\n6 MB Cache<br />\r\nSudah built in dengan Intel HD Graphics 4600<br />\r\nSocket LGA1150<br />\r\nGaransi<br />\r\nBergaransi resmi Astrindo 36 bulan', 2, 10, 3860000, 0, 3860000, 3, 1434295779, 2, 2),
(68, 'Intel NUC Kit BOXD54250WYK2 Mini PC', 'asus-sennheiser-sandisk_intel-nuc-complete-boxd54250wyk2-set-mini-pc_full01.jpg,asus-sennheiser-sandisk_intel-nuc-complete-boxd54250wyk2-set-mini-pc_full02.jpg,asus-sennheiser-sandisk_intel-nuc-complete-boxd54250wyk2-set-mini-pc_full03.jpg,asus-sennheiser-sandisk_intel-nuc-complete-boxd54250wyk2-set-mini-pc_full04.jpg', '<b>SKU Number: ASS-11383-00166</b><br />\r\n<br />\r\nIntel NUC Kit BOXD54250WYK2 Mini PC, hadir berdesain minimalis dengan memori 4 GB DDR3L dan SATA 60 GB. Mini PC ini dibekali dengan prosesor Intel core i5-4250U processor (3m cache, up to 2.60 GHz) dan tipe grafis Intel HD 5000 serta konektifitas 4 USB 3.0, GIGABIT LAN, MINI HDMI dan MINI Displays Port.', '<b>Detail Produk</b><br />\r\nProsesor : Intel core i5-4250U processor (3m cache, up to 2.60 GHz)<br />\r\nTipe Grafis : Intel HD 5000<br />\r\nKonektifitas : 4 USB 3.0, GIGABIT LAN, MINI HDMI, MINI Displays Port<br />\r\nSSD : Intel m-SATA 60 GB<br />\r\nMemori : 4 GB DDR3L<br />\r\n<br />\r\n<b>Garansi</b><br />\r\nBergaransi resmi 36 bulan', 2, 10, 7720000, 5, 7334000, 2, 1434295904, 0, 0),
(69, 'Lenovo PC AIO Think Edge 93z 10B900-2JIF All in One Desktop PC', 'rici-shop_lenovo-pc-aio-think-edge-10b900-2jif-all-in-one-pc_full01.jpg', '<b>SKU Number: RIS-16179-00135</b><br />\r\n<br />\r\nenovo PC AIO Think Edge 93z 10B900-2JIF All in One Desktop PC, dengan All In One PC dari Lenovo ini Anda tidak perlu repot lagi untuk mengatur tempat untuk PC Anda. Model dari PC All In One lebih menarik. Semuanya terlihat lebih berkelas dengan adanya monitor LED. Ukuran PC ini lebih ramping dan memiliki resolusi yang rapat. Webcam pada All In One PC Lenovo memiliki kualitas gambar yang sangat jernih. PC All In One ini hanya menggunakan satu kabel power sebagai sumber daya serta tambahan 2 port untuk mouse dan keyboard.', '<b>Detail Produk</b><br />\r\nProsesor : Intel Core i5 4590s -3.0 up to 3.7 GHz<br />\r\nMemori : 4 GB DDR3<br />\r\nKapasitas penyimpanan : 1TB 5400 RPM<br />\r\nGrafis : nVidia 720A 1GB<br />\r\nLayar : 21.5 inch', 2, 12, 13415000, 0, 13415000, 3, 1434296014, 1, 0),
(70, 'Lenovo PC All In One C560 [i5-4560T] Desktop PC', 'digital-teknologi_lenovo-pc-all-in-one-c560-i5-4560t-desktop-pc_full01.jpg,digital-teknologi_lenovo-pc-all-in-one-c560-i5-4560t-desktop-pc_full02.jpg', '<b>SKU Number: DIT-15993-00075</b><br />\r\n<br />\r\nLenovo PC All In One C560 [i5-4560T] merupakan desktop PC yang diperkuat dengan prosesor Intel Core i5-4560T. Desktop PC ini disupport dengan 4 GB DDR3 memory dan layar display 23 inch. PC Desktop ini juga dilengkapi dengan kapasitas penyimpanan 1 TB hard drive, WiFi, dan bluetooth.', '<b>Detail Produk</b><br />\r\nProsesor : Intel Core i5-4560T<br />\r\nLayar : 23 inch<br />\r\nHardisk : 1 TB HDD SATA<br />\r\nMemori : 4 GB DDR3<br />\r\nGrafis : VGA NVIDIA Geforce 800M 2GB<br />\r\n<br />\r\n<b>Garansi</b><br />\r\n1 Tahun', 2, 12, 9712000, 0, 9712000, 3, 1434296123, 2, 1),
(71, 'Lenovo ThinkCenter All In One 72Z-JWA Desktop PC', 'digital-teknologi_lenovo-thinkcenter-all-in-one-72Z-jwa-desktop-pc_full01.jpg', '<b>SKU Number: DIT-15993-00076</b><br />\r\n<br />\r\nLenovo ThinkCenter All In One 72Z-JWA merupakan desktop PC yang diperkuat dengan prosesor Intel I3 - 3220. Desktop PC ini disupport dengan 2 GB memory dan layar display 20 inch. PC Desktop ini juga dilengkapi dengan kapasitas penyimpanan 500 GB hard drive. PC All In One hanya menggunakan satu kabel power sebagai sumber dayanya serta tambahan 2 port untuk keyboard dan mouse.', '<b>Detail Produk</b><br />\r\nProsesor : Intel I3-3220<br />\r\nLayar : 20 inch LED<br />\r\nHardisk: 500 GB<br />\r\nMemori : 2 GB DDR3<br />\r\nDVDRW Rambo, WiFi, LAN, Camera, keyboard dan Mouse Wired<br />\r\n<br />\r\n<b>Garansi</b><br />\r\n1 Tahun', 2, 12, 7244000, 7, 6736920, 6, 1434296239, 4, 0),
(72, 'Lenovo ThinkCenter All In One 62Z Desktop PC', 'digital-teknologi_lenovo-thinkcenter-all-in-one-62z-desktop-pc_full01.jpg,digital-teknologi_lenovo-thinkcenter-all-in-one-62z-desktop-pc_full02.jpg,digital-teknologi_lenovo-thinkcenter-all-in-one-62z-desktop-pc_full03.jpg', '<b>SKU Number: DIT-15993-00077</b><br />\r\n<br />\r\nLenovo ThinkCenter All In One 62Z merupakan desktop PC yang diperkuat dengan prosesor Intel I3 - 3240. Desktop PC ini disupport dengan 2 GB memory dan layar display 18.5 inch. PC Desktop ini juga dilengkapi dengan kapasitas penyimpanan 500 GB hard drive. PC All In One hanya menggunakan satu kabel power sebagai sumber dayanya serta tambahan 2 port untuk keyboard dan mouse.', '<b>Detail Produk</b><br />\r\nAll in One PC<br />\r\nProsesor : Intel I3 - 3240<br />\r\nLayar : 18.5 inch LED<br />\r\nHardisk : 500 GB<br />\r\nMemori : 2 GB<br />\r\n<br />\r\n<b>Garansi</b><br />\r\n1 Tahun', 2, 12, 6719000, 10, 6047100, 3, 1434296352, 5, 0),
(73, 'Intel NUC BOXD34010WYKH2 Mini PC [i3-4010U/500 GB/4 GB/DOS]', 'cpucom_intel-nuc-boxd34010wykh2-mini-pc-i3-4010u-500-gb-4-gb-dos_full01.jpg,cpucom_intel-nuc-boxd34010wykh2-mini-pc-i3-4010u-500-gb-4-gb-dos_full02.jpg,cpucom_intel-nuc-boxd34010wykh2-mini-pc-i3-4010u-500-gb-4-gb-dos_full03.jpg', '<b>SKU Number: CPM-18041-00021</b><br />\r\n<br />\r\nIntel NUC BOXD34010WYKH2 Mini PC [i3-4010U/500 GB/4 GB/DOS] adalah solusi bagi Anda yang ingin bekerja dengan Desktop tapi tak ingin mengorbankan banyak tempat penyimpanan di meja kerja dan tagihan listrik bulanan. Desktop PC Mini ini memiliki ukuran yang sangat ringkas, bahkan bisa lebih kecil dibanding perangkat wireless router yang dijual di pasaran saat ini. Intel NUC Kit seri BOXD34010WYKH2 sudah diperkuat dengan Prosessor Intel Core i3 generasi ke-4. Desktop Mini ini juga menyediakan Hard Drive 2.5 inch 500 GB yang memungkinkan Anda dapat menyimpan lebih banyak file penting yang dibutuhkan. Intel NUC Kit bisa Anda gunakan untuk bekerja layaknya Desktop PC konvensional atau memutar berbagai jenis file multimedia. Konektivitas Intel NUC', '<b>Detail Produk</b><br />\r\nProcessor : Intel Core i3-4010U Processor (1.70 GHz, 3M Cache)<br />\r\nMemori Standar : 4 GB DDR3L<br />\r\nTipe Grafis : Intel HD 4400<br />\r\nPower Dual Display<br />\r\nHard Drive : WD Scorpio Blue 500 GB', 2, 10, 5150000, 11, 4583500, 5, 1434296527, 11, 0),
(74, 'Intel Core i5-4590 Processor [Box]', 'asus-sennheiser-sandisk_intel-box-core-i5-4590-processor_full01.jpg,asus-sennheiser-sandisk_intel-box-core-i5-4590-processor_full02.jpg,asus-sennheiser-sandisk_intel-box-core-i5-4590-processor_full03.jpg,asus-sennheiser-sandisk_intel-box-core-i5-4590-processor_full04.jpg', '<b>SKU Number: ASS-11383-00204</b><br />\r\n<br />\r\nIntel Core i5-4590 Processor [Box] merupakan processor generasi ke empat dari Intel. Processor Quad core ini mengusung clock speed 3.3 GHz dan kapasitas cache 6 MB. Jumlah ukuran maksimal memory yang bisa diusung oleh processor i5 4590 ini adalah 32 GB. Sudah built in processor graphics terbaru dari Intel yaitu Intel HD graphics 4600.', '<b>Detail Produk</b><br />\r\nIntel Processor Core i5 4590<br />\r\nCclock speed : 3.3 GHz<br />\r\nCache : 6 MB<br />\r\nIntel HD graphics 4600<br />\r\nSocket Type : LGA 1150<br />\r\n<br />\r\n<b>Garansi</b><br />\r\nBergaransoi resmi Astrindo 36 bulan', 2, 10, 3189000, 0, 3189000, 4, 1434296623, 33, 2),
(75, 'Lenovo C460 Desktop PC [2GB RAM/Intel Core i3/21.5'']', 'digital-teknologi_lenovo-c460-desktop-pc-2gb-ram-intel-core-i3-21-5inch_full01.jpg,digital-teknologi_lenovo-c460-desktop-pc-2gb-ram-intel-core-i3-21-5inch_full02.jpg', '<b>SKU Number: DIT-15993-00071</b><br />\r\n<br />\r\nLenovo C460 menggunakan proc core i3 4160T 3.1 Ghz dan memiliki kapasitas memory 2GB ddr3. Lenovo C460 juga memiliki desain yang sangat tipis dan elegant. Lenovo C460 dilengkapi dengan graphic intel shared yang memungkinkan kita dalam bermain grafis maupun game yang berat. Lenovo C460 sudah dilengkapi hardisk 500GB untuk menampung banyak data didalamnya. Lenovo C460 juga sudah dilengkapi dengan DVD RW, LAN, Wifi, dan 6 in 1 card reader. Lenovo ideapad C460 sangat cocok untuk anda yang suka bermain game maupun grafis,atau pun anda yang bekerja mengoperasikan program-program yang berat.', '<b>Detail Produk</b><br />\r\nProsesor : Intel Core i3-4160T (3.1GHz, 3M Cache)<br />\r\nLayar : 21.5 inch<br />\r\nHardisk : 500 GB (7200 RPM SATA3)<br />\r\nMemori : 2 GB DDR3 1600MHz<br />\r\nDVDRW Rambo Tray-in<br />\r\n<br />\r\n<b>Garansi</b><br />\r\n1 Tahun', 2, 12, 7244000, 0, 7244000, 5, 1434296739, 9, 10),
(76, 'Lenovo PC All In One C260 - A8508 Intel Proc J1800 Desktop PC', 'digital-teknologi_lenovo-pc-all-in-one-c260-a8508-intel-proc-j1800-desktop-pc_full01.jpg,digital-teknologi_lenovo-pc-all-in-one-c260-a8508-intel-proc-j1800-desktop-pc_full02.jpg,digital-teknologi_lenovo-pc-all-in-one-c260-a8508-intel-proc-j1800-desktop-pc_full03.jpg,digital-teknologi_lenovo-pc-all-in-one-c260-a8508-intel-proc-j1800-desktop-pc_full04.jpg', '<b>SKU Number: DIT-15993-00066</b><br />\r\n<br />\r\nLenovo PC All In One C260 - A8508 Intel Proc J1800 merupakan desktop PC yang diperkuat dengan prosesor Intel Celeron J1800. Desktop PC ini disupport dengan 2 GB memory dengan kecepatan 1333 MHz dan layar display 19.5 inch. PC Desktop ini juga dilengkapi dengan kapasitas penyimpanan 500 GB hard drive dan menggunakan sistem operasi Windows 8.1 Bing. Dekstop ini juga dilengkapi dengan DVDRW Rambo, WiFi, LAN, dan kamera. PC All In One hanya menggunakan satu kabel power sebagai sumber dayanya serta tambahan 2 port untuk keyboard dan mouse.', '<b>Detail Produk</b><br />\r\nProsesor : Intel Celeron Processor J1800<br />\r\nLayar : 19.5 inch LED<br />\r\nHardisk : 500 GB<br />\r\nMemori : 2 GB DDR3 1333MHz<br />\r\nOS : Windows 8.1 Bing<br />\r\n<br />\r\n<b>Garansi</b><br />\r\n1 Tahun', 2, 12, 4899000, 3, 4752030, 0, 1434296876, 21, 1),
(77, 'Intel NUC BOXDN2820FYKH 4H500 Mini PC', 'megasentral-computindo_intel-nuc-boxdn2820fykh-4h500-mini-pc_full01.jpg,megasentral-computindo_intel-nuc-boxdn2820fykh-4h500-mini-pc_full02.jpg', '<b>SKU Number: MEC-15728-00077</b><br />\r\n<br />\r\nIntel NUC BOXDN2820FYKH 4H500 Mini PC merupakan mini PC yang memiliki memori berkapasitas 4 GB serta SSD 120 GB. Mini PC ini dibekali dengan prosesor Intel Celeron Dual Core N2820 serta tipe grafis Intel HD Graphics (up to 756MHz) 1 x HDMI 1.4a. Konektifitas pada mini PC ini dilengkapi dengan 1 port USB 3.0 pada panel depan dan 2 port USB 2.0 pada panel belakang.', '<b>Detail Produk</b><br />\r\nProcessor Onboard : Intel Celeron Dual Core N2820<br />\r\nGraphics Card : Intel HD Graphics (up to 756MHz) 1 x HDMI<br />\r\nKonektifitas : 1 x USB 3.0 pada panel depan, 2 x USB 2.0 pada panel belakang<br />\r\nKapasitas penyimpanan : 500 GB<br />\r\nMemori : 4 GB DDR3 SODIMM L<br />\r\n<b>Garansi</b><br />\r\n3 Tahun', 2, 10, 3125000, 0, 3125000, 0, 1434296981, 9, 0),
(78, 'Asus Zenfone 4C ZC451CG Merah Smartphone', 'gadget-store-yogya_asus-zenfone-4c-zc451cg-merah-smartphone_full01.jpg', '<b>SKU Number: GAS-18369-00080</b><br />\r\n<br />\r\nAsus Zenfone 4C ZC451CG Merah Smartphone, hadir dengan operation system Android OS, v4.4.4 (Kit Kat) dan Intel Atom, Multi - Core Z2520 Processor 1.2 GHz with Intel Hyper - Threading Technology. Smartphone ini dilengkapi layar 4.5 Inch dengan resolusi 480 x 854 pixel, serta memiliki 8 GB ROM, 1 GB RAM dan MicroSD (Up to 64 GB). Smartphone ini juga ditunjang dengan kamera depan 0.3 MP dan kamera belakang 5 MP yang membuat Anda dapat berfoto dimana saja dan kapan saja.', '<b>Detail Produk</b><br />\r\nOS : Android 4.4 (Kit Kat)<br />\r\nCPU : Intel Atom, Multi - Core Z2520 Processor 1.2 GHz with Intel Hyper - Threading Technology<br />\r\nMemory : 8 GB ROM, 1 GB RAM, Micro-SD card (hingga 64 GB)<br />\r\nKamera : Primary 5 MP, Secondary 0.3 MP<br />\r\nLayar : 4.5 inch, 480 x 854 pixels<br />\r\n<br />\r\n<b>Garansi</b><br />\r\nGaransi 1 Tahun', 3, 13, 1247000, 0, 1247000, 5, 1434297342, 0, 0),
(79, 'Asus Zenfone 6 Putih Smartphone [Garansi Distributor 1 Tahun]', 'berry-solution_asus-zenfone-6-putih-smartphone-garansi-distributor-1-tahun_full01.jpg,berry-solution_asus-zenfone-6-putih-smartphone-garansi-distributor-1-tahun_full02.jpg,berry-solution_asus-zenfone-6-putih-smartphone-garansi-distributor-1-tahun_full03.jpg,berry-solution_asus-zenfone-6-putih-smartphone-garansi-distributor-1-tahun_full04.jpg', '<b>SKU Number: BES-18129-00009</b><br />\r\n<br />\r\nAsus Zenfone 6 Putih Smartphone [Garansi Distributor 1 Tahun] hadir dengan desain modern masa kini dan mengusung dengan prosesor Intel Atom Z2560 1.6 Ghz serta kamera 13 Mp (utama) dan 2 MP untuk kamera depan. Selain itu Zenfone 6 menggunakan OS Android v4.3 Jellybean yang dapat di upgraded ke OS Android v5.0 (Lollipop).', '<b>Detail Produk</b><br />\r\nOS : Android OS v4.3 JellyBean upgradeable to Andorid OS v.5 (Lollipop)<br />\r\nProsesor : Intel Atom Z2560 Quad-core 1.6 GHz<br />\r\nMemori : RAM 2 GB Flash 16 GB Kartu memori microSD eksternal hingga 64 GB<br />\r\nKamera : 13 MP dan 2 MP<br />\r\nLayar : 6 Inch<br />\r\n<br />\r\n<b>Garansi</b><br />\r\n1 Tahun Distributor', 3, 13, 2770000, 0, 2770000, 6, 1434297494, 1, 0),
(80, 'Asus Zenfone 2 ZE551ML Merah Smartphone [RAM 4 GB/32 GB/Garansi Resmi]', 'kiosteknologi_asus-zenfone-2-ze551ml-merah-smartphone-ram-4-gb-32-gb-garansi-resmi_full01.jpg', '<b>SKU Number: KIM-16147-00685</b><br />\r\n<br />\r\nAsus Zenfone 2 ZE551ML Merah Smartphone [RAM 4 GB/32 GB/Garansi Resmi] merupakan smartphone dengan layar IPS 5.5 Inch dan beresolusi HD 720p sehingga membuat saturisasi warna lebih compact dan nyaman digunakan saat browsing atau main game. Asus Zenfone 2 diperkuat dengan prosesor Intel Atom Z3560 dengan Quad-core 1.8 GHz, memory internal 32 GB, 4 GB RAM, dan menggunakan OS Android OS, v5.0 (Lollipop) dan Dual SIM. Didukung dengan konektifitas 4G LTE sehingga sangat mendukung akses internet sangat cepat dan anti lelet saat browsing dan download. Kamera belakang 13 MP LED flash dengan perekam video yang mampu melakukan perekaman hinggga kualitas full HD, sehingga sangat mendukung buat mengabadikan momen spesial Anda setiap saat dan kamera dep', '<b>Detail Produk</b><br />\r\n OS : Android OS, v5.0 (Lollipop)<br />\r\n Processor : Intel Atom Z3580 Quad-core 1.8 GHz<br />\r\n Memori : 32 GB dan 4 GB RAM<br />\r\n Kamera : 13 MP dan 5 MP<br />\r\n Layar : 5.5 Inch<br />\r\n<br />\r\n<b>Garansi</b><br />\r\nResmi ASUS INDONESIA 1 Tahun', 3, 13, 4198500, 15, 3568725, 6, 1434297594, 2, 1),
(81, 'Asus Zenfone 4C Black Smartphone [8 GB]', 'gadget-store-yogya_asus-zenfone-4c-black-smartphone-8-gb_full01.jpg', '<b>SKU Number: GAS-18369-00073</b><br />\r\n<br />\r\nAsus Zenfone 4C Black Smartphone [8 GB] hadir dengan operation system Android OS, v4.4.4 (KitKat) dan Intel Atom, Multi-Core Z2520 Processor 1.2 GHz with Intel Hyper-Threading Technology. Smartphone ini dilengkapi layar 4.5 Inch dengan resolusi 480 x 854 pixel serta memiliki 8 GB ROM, 1 GB RAM, dan MicroSD (Up to 64 GB). Smartphone ini ditunjang dengan kamera depan 0.3 MP dan kamera belakang 5 MP yang membuat Anda dapat berfoto dimana saja dan kapan saja.', '<b>Detail Produk</b><br />\r\nOS : Android OS, v4.4.2 (KitKat)<br />\r\nCPU : Dual-core 1.2 GHz<br />\r\nMemori : 8 GB dan 1 GB RAM<br />\r\nKamera : 5 MP dan VGA<br />\r\nLayar : 4.5 Inch<br />\r\n<br />\r\n<b>Garansi</b><br />\r\nGaransi 1 Tahun', 3, 13, 1547000, 19, 1253070, 3, 1434297678, 1, 0),
(82, 'Asus Zenfone 2 ZE500CL Hitam Smartphone [16GB/2GB]', 'bursa-bb_asus-zenfone-2-ze500cl-hitam-smartphone-16gb-2gb_full01.jpg,bursa-bb_asus-zenfone-2-ze500cl-hitam-smartphone-16gb-2gb_full02.jpg', '<b>SKU Number: BUB-16014-00218</b><br />\r\n<br />\r\nAsus Zenfone 2 ZE500CL Hitam Smartphone [16GB/2GB] merupakan smartphone dual sim card dengan layar berteknologi IPS berukuran 5.0 inch dan beresolusi 720 x 1280 pixels yang akan membawa pengalaman multimedia Anda ke level lebih tinggi. Asus Zenfone 2 diperkuat dengan prosesor Intel Atom Z2560 dengan Dual-core 1.6 GHz, memory internal 16 GB, 2 GB RAM, dan menggunakan OS Android OS, v5.0 (Lollipop).', '<b>Detail Produk</b><br />\r\nOS : Android OS, v5.0 (Lollipop)<br />\r\nCPU : Dual-core 1.6 GHz<br />\r\nMemori : 16 GB dan 2 GB RAM<br />\r\nKamera : 8 MP dan 2 MP<br />\r\nLayar : 5 inch<br />\r\n<br />\r\n<b>Garansi</b><br />\r\nGaransi Distributor 1 Tahun', 3, 13, 2467000, 5, 2343650, 7, 1434297783, 1, 0),
(83, 'Asus Zenfone 2 ZE551ML Silver [2GB/16GB/Grs Resmi]', 'cipta-komunika_asus-zenfone-2-ze551ml-silver-smartphone-16-gb-garansi-resmii_full01.jpg', '<b>SKU Number: CIK-16612-00663</b><br />\r\n<br />\r\nAsus Zenfone 2 ZE551ML Silver [2GB/16GB/Grs Resmi] merupakan smartphone dual sim card dengan layar berteknologi IPS berukuran 5.5 inch dan beresolusi 1080 x 1920 pixels yang akan membawa pengalaman multimedia Anda ke level lebih tinggi. Asus Zenfone 2 diperkuat dengan prosesor Intel Atom Z3560 dengan Quad-core 1.8 GHz, memory internal 16 GB, 2 GB RAM, dan menggunakan OS Android OS, v5.0 (Lollipop).', '<b>Detail Produk</b><br />\r\nOS : Android OS, v5.0 (Lollipop)<br />\r\nProsessor : Quad-core 1.8 GHz (2 GB RAM model)<br />\r\nMemori : 16 GB dan 2 GB RAM<br />\r\nKamera : 13 MP dan 5 MP<br />\r\nLayar : 5.5 inch<br />\r\n<br />\r\n<b>Garansi</b><br />\r\nGaransi Resmi Asus 1 Tahun', 3, 13, 5499000, 38, 3409380, 4, 1434297886, 4, 0),
(84, 'Samsung Galaxy Grand Prime G530 Grey Smartphone', '58celluler_samsung-galaxy-grand-prime-g530-grey-smartphone_full01.jpg', '<b>SKU Number: 58R-17498-00172</b><br />\r\n<br />\r\nSamsung Galaxy Grand Prime G530 Grey Smartphone merupakan smartphone android dengan dual SIM card yang hadir dengan layar berukuran 5.0 inch jenis PLS TFT touchscreen dengan 16 juta warna dan resolusi 960 x 540 pixels. Smartphone ini dilengkapi prosesor Quad A53 1.2 GHz, sistem operasi Android v4.4 (KitKat), dan didukung konektivitas Wi-Fi, Bluetooth v4.0, GPS Glonass, FM Radio dan micro USB v2.0.', '<b>Detail Produk</b><br />\r\nOS : Android v4.4 (KitKat)<br />\r\nProsesor : Quad A53 1.2 GHz<br />\r\nMemori : 8 GB ROM, 1 GB RAM dan MicroSD, Up to 64GB<br />\r\nKamera : 8 MP dan 5 MP<br />\r\nLayar : 5.0 Inch 960 x 540 pixel<br />\r\n<br />\r\n<b>Garansi</b><br />\r\nGaransi Resmi 1 Tahun', 3, 14, 2495000, 0, 2495000, 3, 1434300272, 2, 0),
(85, 'Samsung Galaxi Grand Prime G530H White Smartphone', 'sahabat-cellular_samsung-galaxi-grand-prime-g530h-white-smartphones_full01.jpg,sahabat-cellular_samsung-galaxi-grand-prime-g530h-white-smartphones_full02.jpg', '<b>SKU Number: SAC-16923-00092</b><br />\r\n<br />\r\nSamsung Galaxi Grand Prime G530H White Smartphone hadir dengan layar ukuran 5.0 inch serta memory 1 GB & 8 GB. Smartphone ini memiliki kamera 8 MP & 5 MP dan sistem operasi Android OS, v4.4.4 (KitKat) dilengkapi dengan prosesor bertenaga 1.2 GHz Quad Core.', '<b>Detail Produk</b><br />\r\nOS : Android OS, v4.4.4 (KitKat)<br />\r\nProssesor : 1.2 GHz Quad Core<br />\r\nKamera : 8 MP & 5 MP<br />\r\nMemory : 1 GB & 8 GB<br />\r\nLayar : 5 Inch<br />\r\n<br />\r\n<b>Garansi</b><br />\r\nGARANSI RESMI SAMSUNG INDONESIA 1 TAHUN', 3, 14, 2499000, 7, 2324070, 6, 1434300461, 1, 0),
(86, 'Samsung Galaxi V G313H Black Smartphone', 'sahabat-cellular_samsung-galaxi-v-g313h-black-smartphone_full01.jpg,sahabat-cellular_samsung-galaxi-v-g313h-black-smartphone_full02.jpg', '<b>SKU Number: SAC-16923-00087</b><br />\r\n<br />\r\nSamsung Galaxi V G313H Black Smartphone hadir dengan layar ukuran 4.0 inch dengan resolusi 480 x 800 pixels serta memory 4 GB & 512 MB RAM. Smartphone ini memiliki kamera 3.15 MP dan sistem operasi Android OS, v4.4.2 (KitKat).', '<b>Detail Produk</b><br />\r\nOS : Android OS, v4.4.2 (KitKat)<br />\r\nCPU : 1.2 GHz<br />\r\nKamera : 3.15 MP<br />\r\nMemory : 4 GB & 512 MB RAM<br />\r\nLayar : 4.0 inch<br />\r\n<br />\r\n<b>Garansi</b><br />\r\nGARANSI RESMI SAMSUNG INDONESIA 1 TAHUN', 3, 14, 1149000, 0, 1149000, 3, 1434300649, 1, 0),
(87, 'Samsung E7 E700H Black Smartphone', 'makanja_samsung-e7-e700h-black-smartphone_full01.jpg', '<b>SKU Number: MAA-18322-00017</b><br />\r\n<br />\r\nSamsung E7 E700H Black Smartphone, hadir dengan membawa keunggulan seperti layar super AMOLED HD 5.5 inch, kamera utama 13MP lengkap dengan fitur penunjangnya seperti autofocus dan LED flash, kamera depan 5MP, dan prosesor Quad Core 1.2GHz yang didukung RAM 2 GB. Samsung Galaxy E7 hadir dengan dukungan sistem operasi android 4.4 KitKat.', '<b>Detail Produk</b><br />\r\nOS : Android OS, v4.4.4 KitKat<br />\r\nProsesor : Quad-core 1.2 GHz Cortex-A53<br />\r\nMemori : 16 GB, RAM 2 GB<br />\r\nKamera : 13 MP dan 5 MP<br />\r\nLayar : 5.5 Inch (~71.4% screen-to-body ratio)<br />\r\n<br />\r\n<b>Garansi</b><br />\r\nSamsung Indonesia 1 tahun', 3, 14, 4415000, 0, 4415000, 5, 1434300832, 2, 0),
(88, 'SKU Number: 58R-17498-00168 Samsung Galaxy Grand 2 G7102 Putih Smartphone merupakan smartphone Dual ', '58celluler_samsung-galaxy-grand-2-g7102-putih-smartphone_full01.jpg', '<b>SKU Number: 58R-17498-00168</b><br />\r\n<br />\r\nSamsung Galaxy Grand 2 G7102 Putih Smartphone merupakan smartphone Dual SIM yang memiliki fitur layar sentuh 5.25 inch jenis TFT capacitive touchscreen 16 juta warna dengan resolusi 720 x 1280 pixels. Smartphone ini dilengkapi prosesor Qualcomm MSM8226 Snapdragon Quad-core 1.2 GHz, sistem operasi Android Jelly Bean v4.3, dan didukung konektivitas Wi-Fi, Bluetooth v4.0, dan USB v2.0.', '<b>Detail Produk</b><br />\r\nOS : Android OS, v4.3 (Jelly Bean)<br />\r\nUkuran Layar : 5.25 inch 720 x 1280 pixels 280 ppi TFT capacitive touchscreen<br />\r\nProsesor : Quad-core 1.2 GHz<br />\r\nMemory : 8 GB dan 1,5 GB RAM<br />\r\nKamera : 8 MP dan 1,9 MP<br />\r\n<br />\r\n<b>Garansi</b><br />\r\nresmi 1 Tahun', 3, 14, 2999000, 7, 2789070, 4, 1434300954, 0, 0),
(89, 'Samsung Galaxy A5 - A500 White Smartphone [16 GB] + Micro SD 16 GB', 'i-store_samsung-galaxy-a5--a500-ram-2-gb-white-smartphone-16-gb--bonus-micro-sd-16-gb_full01.jpg', '<b>SKU Number: ISE-18027-00093</b><br />\r\n<br />\r\nSamsung Galaxy A5 - A500 White Smartphone [16 GB] + Micro SD 16 GB adalah smartphone dengan layar 5 inch HD Super AMOLED menjadikan pengalaman tampilan yang sesungguhnya. Layar Super AMOLED-nya menghasilkan gamut warna yang lebih luas dan lapisan kontras yang lebih dalam dari layar LCD pada umumnya. Nikmati pengalaman menonton yang brilian dimana gambar begitu hidup dengan warna yang lebih kaya dan kontras yang lebih dalam. Powerhouse performance GALAXY E5 dilengkapi dengan prosesor quad core 1.2 GHz, 1.5 GB RAM, dan Kit Kat, versi Android yang paling populer.', '<b>Detail Produk</b><br />\r\nLayar : 5 inch<br />\r\nOS : Android OS, v4.4.4 (KitKat)<br />\r\nProssesor : Prossesor Quad-core 1.2 GHz<br />\r\nMemori : 16 GB dan 1.5 GB<br />\r\nKamera : 8 MP dan 5 MP<br />\r\n<br />\r\n<b>Garansi</b><br />\r\nDistributor 1 Tahun', 3, 14, 4975000, 0, 4975000, 2, 1434301029, 0, 0),
(90, 'Xiaomi Redmi Mi4i Putih Smartphone', '58celluler_xiaomi-redmi-mi4i-putih-smartphone_full01.jpg', '<b>SKU Number: 58R-17498-00175</b><br />\r\n<br />\r\nXiaomi Redmi Mi4i Putih Smartphone merupakan smartphone yang didukung oleh layar berukuran 5.0 Inch dan 16 GB memori internal serta 2 GB RAM. Xiaomi Mi4i diperkuat dengan prosesor Quad-core 1.7 GHz Cortex-A53 dan menggunakan OS Android OS, v5.0.2 (Lollipop). Garansi Resmi.', '<b>Detail Produk</b><br />\r\nOS : Android OS, v5.0.2 (Lollipop) - MIUI 6<br />\r\nProcessor : Quad-core 1.7 GHz Cortex-A53 & quad-core 1.1 GHz Cortex-A53<br />\r\nMemori : 16 GB dan 2 GB RAM<br />\r\nKamera : 13 MP dan 5 MP<br />\r\nLayar : 5.0 Inch<br />\r\n<br />\r\n<b>Garansi</b><br />\r\nGaransi Resmi 1 Tahun', 3, 15, 3449000, 0, 3449000, 3, 1434301167, 3, 1),
(91, 'Xiaomi Mi 4i Dual SIM 16 GB Putih Android [Garansi Resmi]', 'sumber-cell_xiaomi-mi-4i-dual-sim-16-gb-putih-android-garansi-resmi_full01.jpg,sumber-cell_xiaomi-mi-4i-dual-sim-16-gb-putih-android-garansi-resmi_full02.jpg', '<b>SKU Number: SUC-16613-00333</b><br />\r\n<br />\r\nXiaomi Mi 4i Dual SIM 16 GB Putih Android [Garansi Resmi] merupakan smartphone android yang hadir dengan layar berukuran 5.0 inch LCD capacitive touchscreen dengan resolusi 1080 x 1920 pixels. Smartphone ini dilengkapi prosesor Qualcomm Snapdragon 615 processor dengan Quad-core 1.7 GHz Cortex-A53 & quad-core 1.1 GHz Cortex-A53 CPU, sistem operasi Android OS, v5.0.2 (Lollipop), memory internal 16 GB, 2 GB RAM, dan didukung konektivitas Wi-Fi, Bluetooth, GPS, NFC dan micro USB.', '<b>Detail Produk</b><br />\r\nOS : Android OS, v5.0.2 (Lollipop)<br />\r\nProsesor : Qualcomm Snapdragon 615 processor with Quad-core 1.7 GHz Cortex-A53 & quad-core 1.1 GHz Cortex-A53 CPU<br />\r\nMemori : 16 GB dan 2 GB RAM<br />\r\nKamera : 13 MP<br />\r\nLayar : 5 inch<br />\r\n<br />\r\n<b>Garansi</b><br />\r\nResmi Xiaomi / TAM 1 Tahun', 3, 15, 3499000, 12, 3079120, 5, 1434301322, 7, 1),
(92, 'Xiaomi Redmi 2 White Smartphone [Garansi Resmi] + Bonus Micro SD 16 GB', 'sumber-cell_xiaomi-redmi-2-white-smartphone-garansi-resmi--bonus-micro-sd-16-gb_full01.jpg,sumber-cell_xiaomi-redmi-2-white-smartphone-garansi-resmi--bonus-micro-sd-16-gb_full02.jpg,sumber-cell_xiaomi-redmi-2-white-smartphone-garansi-resmi--bonus-micro-sd-16-gb_full03.jpg', '<b>SKU Number: SUC-16613-00335</b><br />\r\n<br />\r\nXiaomi Redmi 2 White Smartphone [Garansi Resmi] + Bonus Micro SD 16 GB hadir dengan layar ukuran 4.7 inch serta memory 1 GB RAM dengan dukungan Prosesor Snapdragon 410 64-bit. Smartphone ini memiliki dual camera dan sistem operasi Android 4.4 Kitkat.', '<b>Detail Produk</b><br />\r\nOS : Android 4.4 Kitkat<br />\r\nProssesor : Snapdragon 410 64-bit<br />\r\nKamera : 8MP<br />\r\nMemory : 1 GB<br />\r\nLayar : 4.7 inch<br />\r\n<br />\r\n<b>Garansi</b><br />\r\nGaransi Resmi Xiaomi 1 Tahun', 3, 15, 3249000, 0, 3249000, 3, 1434301527, 9, 0),
(93, 'Sony Xperia Z Ultra Black Smartphone', 'makanja_sony-xperia-z-ultra-black-smartphone_full01.jpg', '<b>SKU Number: MAA-18322-00010</b><br />\r\n<br />\r\nSony Mobile kembali menghadirkan smartphone terbarunya di segmen pasar premium, Xperia Z Ultra. Sebagai suksesor dari Xperia Z, smartphone ini masih tetap mengusung sebagai smartphone pertama yang berlayar Full HD dengan kemampuan anti airnya. Dikemas dengan berbagai teknologi terbaru, Xperia Z Ultra tampil dengan layar berukuran 6.3" TRILUMINOS Full HD dengan X-Reality untuk ponsel. Sebagai kombinasi antara teknologi dan desain, smartphone ini juga tampil ultra tipis membuatnya tetap nyaman digenggam. Sony Xperia Z Ultra, siap memberikan pengalaman multimedia menyenangkan hanya dengan sentuhan jari Anda.', '<b>Detail Produk</b><br />\r\nOS : Android OS, v4.2 (Jelly Bean)<br />\r\nCPU : Quad-core 2.2 GHz Krait 400<br />\r\nKamera : 8 MP dan 2 MP<br />\r\nMemori : 16 GB dan 2 GB RAM<br />\r\nLayar : 6.4 inch<br />\r\n<br />\r\n<b>Garansi</b><br />\r\nSony Indonesia 1 tahun', 3, 16, 4030000, 0, 4030000, 4, 1434301634, 0, 0),
(94, 'Xiaomi Redmi Note 4G Dual SIM White Smartphone', 'gadget-store-yogya_xiaomi-redmi-note-4g-dual-sim-white-smartphone_full01.jpg', '<b>SKU Number: GAS-18369-00067</b><br />\r\n<br />\r\nXiaomi Redmi Note 4G Dual SIM White Smartphone hadir dengan ukuran layar berukuran 5,5 inch dengan resolusi HD 1280 x 720 pixel dan teknologi panel IPS. Dilengkapi dengan prosesor Quad-core 1.2 GHz Cortex-A53. Untuk memberikan performa yang mumpuni, prosesor tersebut dipadukan dengan RAM berkapasitas yang cukup besar yaitu 1 GB.', '<b>Detail Produk</b><br />\r\nOS : Android OS, v4.4.4 (KitKat)<br />\r\nCPU : Quad-core 1.2 GHz Cortex-A53<br />\r\nMemori : 8 GB, 1 GB RAM<br />\r\nKamera : 13 MP dan 5 MP<br />\r\nLayar : 5.5 inch 720 x 1280 pixels<br />\r\n<br />\r\n<b>Garansi</b><br />\r\nDistributor', 3, 15, 2445000, 20, 1956000, 4, 1434301731, 13, 1),
(95, 'Xiaomi Redmi 2 Putih Smartphone', 'gadget-store-yogya_xiaomi-redmi-2-putih-smartphone_full01.jpg,gadget-store-yogya_xiaomi-redmi-2-putih-smartphone_full02.jpg', '<b>SKU Number: GAS-18369-00066</b><br />\r\n<br />\r\nXiaomi Redmi 2 Putih Smartphone adalah produk baru dari Xiaomi yang menggunakan chipset Qualcomm MSM8916 Snapdragon 410 dengan memory internal 8 GB dan 1 GB RAM. Dengan perlindungan layar menggunakan Corning Gorilla Glass 2 yang dapat melindungi layar smartphone Anda dari benturan.', '<b>Detail Produk</b><br />\r\nOS : Android OS, v4.4.4 (KitKat)<br />\r\nProsesor : Quad-core 1.2 GHz Cortex-A53<br />\r\nMemori : 8 GB, 1 GB RAM<br />\r\nKamera : 8 MP & 2 MP<br />\r\nLayar : 4.7 inch 720 x 1280 pixels (~312 ppi pixel density)<br />\r\n<br />\r\n<b>Garansi</b><br />\r\nDistributor', 3, 15, 1975000, 15, 1678750, 7, 1434301841, 6, 0),
(96, 'Xiaomi Redmi Note Putih Smartphone', 'bursa-bb_xiaomi-redmi-note-putih-smartphone_full01.jpg,bursa-bb_xiaomi-redmi-note-putih-smartphone_full02.jpg,bursa-bb_xiaomi-redmi-note-putih-smartphone_full03.jpg,bursa-bb_xiaomi-redmi-note-putih-smartphone_full04.jpg', '<b>SKU Number: BUB-16014-00209</b><br />\r\n<br />\r\nXiaomi Redmi Note Putih Smartphone, hadir dengan ukuran layar berukuran 5,5 inch dengan resolusi HD 1280 x 720 pixel dan teknologi panel IPS. Dilengkapi dengan prosesor Quad-core 1.6 GHz Cortex-A7. Untuk memberikan performa yang mumpuni, prosesor tersebut dipadukan dengan RAM berkapasitas yang cukup besar yaitu 2 GB.', '<b>Detail Produk</b><br />\r\nOS : Android OS, v4.4.4 (KitKat)<br />\r\nChipset : Qualcomm MSM8916 Snapdragon 410<br />\r\nCPU : Quad-core 1.2 GHz Cortex-A53<br />\r\nMemori : 8 GB, 2 GB RAM<br />\r\nKamera Belakang : 13 MP dan Depan : 5 MP<br />\r\n<br />\r\n<b>Garansi</b><br />\r\nGaransi Distributor 1 Tahun', 3, 15, 2398000, 9, 2182180, 5, 1434302019, 3, 0),
(97, 'Sony Xperia E4 E2115 White Smartphone + Micro SD 8 GB', 'sumber-cell_sony-xperia-e4-e2115-white-smartphone-plus-micro-sd-8-gb_full01.jpg,sumber-cell_sony-xperia-e4-e2115-white-smartphone-plus-micro-sd-8-gb_full02.jpg', '<b>SKU Number: SUC-16613-00294</b><br />\r\n<br />\r\nSony Xperia E4 E2115 White Smartphone + Micro SD 8 GB merupakan smartphone berkarakter tangguh, dapat diandalkan dan memiliki tampilan yang menawan. Bentuknya yang melengkung dan permukaannya yang bertekstur membuatnya mudah digenggam dan dipamerkan. Berkat layar cerdas berukuran 5 inch dan teknologi audio Sony, tampilannya tetap jelas dari segala sudut pandang dan suaranya sungguh jernih. Dengan Xperia Transfer semuanya menjadi cepat, memindahkan semua hal yang penting ke smartphone baru Anda dengan mudah. Menjadi seorang ahli foto sangatlah mudah. Foto apa pun yang Anda ambil akan terlihat bagus. Pendeteksi pemandangan otomatis menyesuaikan pengaturan secara otomatis untuk membantu mendapatkan foto terbaik, di mana pun. Free Micro SD 8 GB', '<b>Detail Produk</b><br />\r\nOS : Android OS, v4.4.4 (KitKat)<br />\r\nLayar : 5 inch<br />\r\nProsesor : CPU Quadcore 1.3 GHz Cortex A7<br />\r\nMemory : 8 GB dan 1 GB RAM<br />\r\nKamera : 5 MP dan 2 MP<br />\r\n<br />\r\n<b>Garansi</b><br />\r\nGaransi Resmi 1 Tahun', 3, 16, 2059000, 0, 2059000, 3, 1434302159, 4, 0),
(98, 'Sony Xperia Z Ultra C6833 Putih Smartphone [LTE]', 'channel-b_sony-xperia-z-ultra-c6833-putih-smartphone-lte_full01.jpg,channel-b_sony-xperia-z-ultra-c6833-putih-smartphone-lte_full02.jpg', '<b>SKU Number: CHB-16079-00604</b><br />\r\n<br />\r\nSony Xperia Z Ultra C6833 Putih Smartphone [LTE] merupakan smartphone yang di dukung oleh OS Android terbaru, memiliki layar berukuran 6.4 inch dengan resolusi 1920 x 1080 pixels.', '<b>Detail Produk</b><br />\r\nOS : Android OS, v4.2 (Jelly Bean), upgradable to v5.0.2 (Lollipop)<br />\r\nProcessor : Quad-core 2.2 GHz Krait 400<br />\r\nMemori : 16 GB dan 2 GB RAM<br />\r\nKamera : 8 MP dan 2 MP<br />\r\nLayar : 6.4 Inch<br />\r\n<br />\r\n<b>Garansi</b><br />\r\nGaransi Resmi Sony 1 Tahun', 3, 16, 3550000, 0, 3550000, 3, 1434302290, 2, 0),
(99, 'SONY Xperia Z3 D6653 Putih Smartphone + USB Data Kabel', 'sumber-cell_sony-xperia-z3-d6653-putih-smartphone-plus-magnetic-cable_full01.jpg,sumber-cell_sony-xperia-z3-d6653-putih-smartphone-plus-magnetic-cable_full02.jpg,sumber-cell_sony-xperia-z3-d6653-putih-smartphone-plus-magnetic-cable_full03.jpg', '<b>SKU Number: SUC-16613-00281</b><br />\r\n<br />\r\nSONY Xperia Z3 D6653 Putih Smartphone + USB Data Kabel merupakan smartphone berdesain premium yang dirancang mampu tahan debu & tahan air hingga kedalaman lebih dari 1.5 meter selama 30 menit. Sony Xperia Z3 dilengkapi dengan layar TFT Triluminos 5.2 inch dengan resolusi 1920x1080 pixel, prosesor Snapdragon Quad Core berkecepatan 2.5 GHz dari Qualcomm, RAM 3 GB, Adreno 330 GPU, memori internal 16 GB dengan slot microSD yang bisa ditingkatkan hingga 128 GB, serta berjalan dengan Android 4.4 (Kitkat). Sony Xperia Z3 juga memiliki kamera sebesar 20.7 MP dengan fokus otomatis serta ditunjang konektivitas ANT+ wireless technology, DLNA, Wi-Fi hotspot, & Bluetooth v4.0.', '<b>Detail Produk</b><br />\r\nOS : Android v4.4(KitKat)<br />\r\nProsesor : Snapdragon Quad Core 2.5 GHz dan Qualcomm<br />\r\nMemori : 16 GB dan 3 GB RAM<br />\r\nKamera : 20.7 MP dan 2.2 MP<br />\r\nLayar : TFT Triluminos 5.2 Inch<br />\r\n<br />\r\n<b>Garansi</b><br />\r\nGaransi Resmi Sony 1 Tahun', 3, 16, 7399000, 0, 7399000, 4, 1434302422, 10, 0),
(100, 'Sony Xperia M C1905 Kuning Smartphone', 'opo-cell_sony-xperia-m-c1905-kuning-smartphone_full01.jpg,opo-cell_sony-xperia-m-c1905-kuning-smartphone_full02.jpg', '<b>SKU Number: OPC-17860-00042</b><br />\r\n<br />\r\nSony Xperia M C1905 Kuning Smartphone merupakan smartphone berdesain elegan yang dilengkapi layar TFT LCD berukuran 4 Inch dengan resolusi FWVGA (480 x 854 pixels). Sony Xperia M dibekali prosesor Qualcomm MSM8227 Dual-Core 1 GHz yang berjalan dengan sistem operasi Android 4.1 (Jelly Bean). Smartphone ini memiliki media penyimpanan internal 4 GB dan slot tambahan eksternal microSD hingga 64 GB. Sony Xperia M didukung teknologi Near field communication (NFC). Fungsi One-touch dengan NFC dan screen mirroring pada Xperia M dapat menampilkan konten di TV atau berbagi musik dan gambar antar perangkat. Bonus free Micro SD 8 GB.', '<b>Detail Produk</b><br />\r\nOS : Android OS, v4.1 (Jelly Bean)<br />\r\nCPU : Dual-core 1 GHz Krait<br />\r\nMemori : 4 GB, 1 GB RAM<br />\r\nKamera : 5 MP dan VGA<br />\r\nLayar : 4.0 inch<br />\r\n<br />\r\n<b>Garansi</b><br />\r\nGaransi Resmi Sony 1 Tahun', 3, 16, 1750000, 0, 1750000, 7, 1434302552, 23, 1),
(101, 'Sony Xperia M C1905 Ungu Smartphone', 'opo-cell_sony-xperia-m-single-c1905-ungu-smartphone_full01.jpg,opo-cell_sony-xperia-m-single-c1905-ungu-smartphone_full02.jpg,opo-cell_sony-xperia-m-single-c1905-ungu-smartphone_full03.jpg,opo-cell_sony-xperia-m-single-c1905-ungu-smartphone_full04.jpg', '<b>SKU Number: OPC-17860-00041</b><br />\r\n<br />\r\nSony Xperia M C1905 Ungu Smartphone merupakan smartphone berdesain elegan yang dilengkapi layar TFT LCD berukuran 4 Inch dengan resolusi FWVGA (480 x 854 pixels). Sony Xperia M dibekali prosesor Qualcomm MSM8227 Dual-Core 1 GHz yang berjalan dengan sistem operasi Android 4.1 (Jelly Bean). Smartphone ini memiliki media penyimpanan internal 4 GB dan slot tambahan eksternal microSD hingga 64 GB. Sony Xperia M didukung teknologi Near field communication (NFC). Fungsi One-touch dengan NFC dan screen mirroring pada Xperia M dapat menampilkan konten di TV atau berbagi musik dan gambar antar perangkat. Bonus free Micro SD 8 GB.', '<b>Detail Produk</b><br />\r\nOS : Android OS, v4.1 (Jelly Bean)<br />\r\nCPU : Dual-core 1 GHz Krait<br />\r\nMemori : 4 GB, 1 GB RAM<br />\r\nKamera : 5 MP dan VGA<br />\r\nLayar : 4.0 inch<br />\r\n<br />\r\n<b>Garansi</b><br />\r\nGaransi Resmi Sony 1 Tahun', 3, 16, 1750000, 1, 1732500, 1, 1434302684, 9, 0),
(102, 'Apple iPad Mini 2 Retina 64 GB Grey [Wifi + Cellular]', 'bursa-bb_apple-ipad-mini-2-retina-64-gb-grey-wifi-cellular_full01.jpg', '<b>SKU Number: BUB-16014-00220</b><br />\r\n<br />\r\nApple iPad Mini 2 Retina 64 GB Grey [Wifi + Cellular] adalah smartphone dengan ketebalan hanya 7.5mm dan layar 7.9 inch. Prosesor yang disematkan pada iPad Mini 2 merupakan prosesor teranyar A7. Apple juga menyematkan kamera dengan resolusi 5 MP untuk kamera belakang dan kamera 1.2 MP untuk kamera depan.', '<b>Detail Produk</b><br />\r\nOS : iOS 7, upgradable to iOS 8.3<br />\r\nProcessor : Dual-core 1.3 GHz Cyclone (ARM v8-based)<br />\r\nMemori : 64 GB dan 1 GB RAM<br />\r\nKamera : 5 MP dan 1.2 MP<br />\r\nLayar : 7.9 inch<br />\r\n<br />\r\n<b>Garansi</b><br />\r\nGaransi Resmi Apple 1 Tahun', 4, 17, 7999000, 0, 7999000, 3, 1434302965, 1, 0),
(103, 'Apple iPad Air 2 128 GB Silver [Wifi Only]', 'bursa-bb_apple-ipad-air-2-128-gb-silver-wifi-only_full01.jpg', '<b>SKU Number: BUB-16014-00221</b><br />\r\n<br />\r\nApple iPad Air 2 128 GB Silver [Wifi Only] adalah smartphone dengan ketebalan hanya 6.1 mm dan layar 9.7 inch. Prosesor yang disematkan pada iPad Air 2 merupakan prosesor teranyar A8X yang diklaim mempunyai kecepatan 40% lebih cepat dari pada seri sebelumnya. Apple juga menyematkan kamera dengan resolusi 8 MP untuk kamera belakang dan kamera 1.2 MP untuk kamera depan yang dilengkapi dengan fitur Face Detection dan burst selfies.', '<b>Detail Produk</b><br />\r\nOS : iOS 8.1<br />\r\nChipset : Apple A8X<br />\r\nMemori : 128 GB dan 2 GB RAM<br />\r\nKamera : 8 MP dan 1.2 MP<br />\r\nLayar : 9.7 inch<br />\r\n<br />\r\n<b>Garansi</b><br />\r\nGaransi International 1 Tahun', 4, 17, 10383000, 0, 10383000, 5, 1434303070, 0, 0),
(104, 'Apple iPad Mini 3 64 GB Grey [Wifi + Cellular]', 'bursa-bb_apple-ipad-mini-3-64-gb-grey-wifi-n-cellular_full01.jpg,bursa-bb_apple-ipad-mini-3-64-gb-grey-wifi-n-cellular_full02.jpg', '<b>SKU Number: BUB-16014-00213</b><br />\r\n<br />\r\nApple iPad Mini 3 64 GB Grey [Wifi + Cellular] adalah smartphone dengan Sistem Operasi iOS 8.1, upgradable to iOS 8.1.3 dan mengusung layar 7.9 inch, IPS LCD capacitive touchscreen. Tablet ini dipersenjatai prosesor Dual-core 1.3 GHz Cyclone, RAM 1 GB serta media penyimpanan internal 64 GB. iPad Mini 3 ini juga dibekali kamera utama 5 MP serta kamera sekunder 1.2 MP. Menjaga daya tahan perangkat, iPad Mini 3 ini dibekali baterai berkapasitas 6470 mAh.', '<b>Detail Produk</b><br />\r\nOS : iOS 8.1<br />\r\nChipset : Processor : Dual-core 1.3 GHz Cyclone (ARM v8-based)<br />\r\nMemori : 64 GB dan 1 GB RAM<br />\r\nKamera : 5 MP dan 1.5 MP<br />\r\nLayar : 7.9 Inch<br />\r\n<b>Garansi</b><br />\r\nGaransi International 1 Tahun', 4, 17, 8999000, 2, 8819020, 5, 1434303772, 2, 0),
(105, 'Apple iPad Mini 3 16 GB Silver Tablet [Wifi + Cellular]', 'max-cellular_apple-ipad-mini-3-16-gb-silver-tablet-wifi-cellular_full01.jpg', '<b>SKU Number: MAC-16327-00143</b><br />\r\n<br />\r\nApple iPad Mini 3 16 GB Silver Tablet [Wifi + Cellular], hadir dengan Sistem Operasi iOS 8.1, upgradable to iOS 8.1.3 dan mengusung layar 7.9 inch, IPS LCD capacitive touchscreen. Tablet ini dipersenjatai prosesor Dual-core 1.3 GHz Cyclone, RAM 1 GB serta media penyimpanan internal 16 GB. iPad Mini 3 ini juga dibekali kamera utama 5 MP serta kamera sekunder 1.2 MP. Menjaga daya tahan perangkat, iPad Mini 3 ini dibekali baterai berkapasitas 6470 mAh.', '<b>Detail Produk</b><br />\r\nOS : iOS 8.1, upgradable to iOS 8.1.3<br />\r\nProsesor : Dual-core 1.3 GHz Cyclone (ARM v8-based)<br />\r\nMemori : 16 GB, 1 GB RAM DDR3<br />\r\nKamera : 5 MP, 1.2 MP<br />\r\nLayar : 7.9 inch, IPS LCD capacitive touchscreen, 16M colors<br />\r\n<br />\r\n<b>Garansi</b><br />\r\nGaransi Internasional 1 Tahun', 4, 17, 7690000, 0, 7690000, 3, 1434303881, 0, 0),
(106, 'Apple iPad Air 2 128 GB Gold Tablet [Wifi + Cellular]', 'bursa-bb_apple-ipad-air-2-128-gb-gold-tablet-wifi-cellular_full01.jpg', '<b>SKU Number: BUB-16014-00159</b><br />\r\n<br />\r\nApple iPad Air 2 128 GB Gold Tablet [Wifi + Cellular], Secara desain, iPad Air 2 tidak banyak berubah dibandingkan generasi pertama. Tapi, dari faktor dimensi, tablet ini mempunyai ketebalan hanya 6.1 mm tetap dengan layar 9.7 inci. Prosesor yang disematkan pada iPad Air 2 merupakan prosesor teranyar A8X yang diklaim mempunyai kecepatan 40% lebih cepat dari pada seri sebelumnya. Apple juga menyematkan kamera dengan resolusi 8 MP untuk kamera belakang dan kamera 1.2 MP untuk kamera depan yang dilengkapi dengan fitur Face Detection dan burst selfies.', '<b>Detail Produk</b><br />\r\nOS : iOS 8.1, upgradable to iOS 8.1.3<br />\r\nProsesor : Triple-core 1.5 GHz<br />\r\nMemori : 128 GB, 2 GB RAM DDR3<br />\r\nKamera : 8 MP, 1.2 MP<br />\r\nLayar : 9.7 inch, IPS LCD capacitive touchscreen, 16M colors<br />\r\n<br />\r\n<b>Garansi</b><br />\r\nGaransi Internasional 1 Tahun', 4, 17, 10999000, 1, 10889010, 0, 1434303973, 0, 0),
(107, 'Apple iPad Mini 3 16 GB Gold Tablet [Wifi + Cellular]', 'bursa-bb_apple-ipad-mini-3-16-gb-gold-tablet-wifi-cellular_full01.jpg', '<b>SKU Number: BUB-16014-00156</b><br />\r\n<br />\r\nApple iPad Mini 3 16 GB Gold Tablet [Wifi + Cellular] hadir dengan Sistem Operasi iOS 8.1, upgradable to iOS 8.1.3 dan mengusung layar 7.9 inch, IPS LCD capacitive touchscreen.iPad Mini 3 ini juga dibekali kamera utama 5 MP serta kamera sekunder 1.2 MP. Ipad Mini 3 juga sudah dilengkapi dengan Touch ID. (Fingerprint identity sensor)', '<b>Detail Produk</b><br />\r\nOS : iOS 8.1, upgradable to iOS 8.1.3<br />\r\nProsesor : Dual-core 1.3 GHz Cyclone (ARM v8-based)<br />\r\nMemori : 64 GB, 1 GB RAM DDR3<br />\r\nKamera : 5 MP, 1.2 MP<br />\r\nLayar : 7.9 inch, IPS LCD capacitive touchscreen, 16M colors<br />\r\n<br />\r\n<b>Garansi</b><br />\r\nGaransi Internasional 1 Tahun', 4, 17, 7699000, 2, 7545020, 6, 1434304071, 3, 0),
(108, 'MITO Fantasy Selfie T777 White Tablet', 'mito_mito-t777-selfie-white-tablet_full01.jpg', '<b>SKU Number: MIO-12844-00132</b><br />\r\n<br />\r\nMITO Fantasy Selfie T777 White Tablet merupakan tablet dengan kamera rRotasi. Fantasy Selfie Tablet T777 dilengkapi dengan 5 MP kamera rotasi, DDR3 RAM, baterei 2500 mAh dengan Android 4.4.2 KitKat.', '<b>Detail Produk</b><br />\r\nChipset : MTK 8312 Dual Core 1.3 GHz Processor<br />\r\nMemori : 4 GB dan 512 MB RAM<br />\r\nOS : Android 4.4.2 KitKat<br />\r\nKamera : 5 MP kamera rotasi<br />\r\nLayar : Capacitive multi-touch 7.0 inch<br />\r\n<br />\r\n<b>Garansi</b><br />\r\n1 Tahun Garansi Resmi', 4, 18, 1199000, 9, 1091090, 6, 1434304175, 5, 9),
(109, 'SKU Number: MIO-12844-00125 Mito Fantasy T10 White Tablet Android, tablet dual sim berdesain elegan ', 'mito_mito-t10-fantasy-white-tablet-android_full01.jpg,mito_mito-t10-fantasy-white-tablet-android_full02.jpg,mito_mito-t10-fantasy-white-tablet-android_full03.jpg,mito_mito-t10-fantasy-white-tablet-android_full04.jpg', '<b>SKU Number: MIO-12844-00125</b><br />\r\n<br />\r\nMito Fantasy T10 White Tablet Android, tablet dual sim berdesain elegan dengan layar sentuh kapasitif 8 inch yang akan memberikan tampilan gambar yang jernih dan tajam. Tablet ini didukung prosesor berkecepatan 1.3 GHz plus RAM 1 GB yang membuat Anda dapat dengan mudah melakukan multitasking dan bermain games dengan lancar.', '<b>Detail Produk</b><br />\r\nProcessor : 1.3GHz<br />\r\nDual On GSM GSM900/1800MHz<br />\r\nOS : Android 4.4 KitKat<br />\r\nLCD : size 10 inch, touchscreen capacitive<br />\r\nMemory : RAM 1 GB, Internal Memory 8 GB', 4, 18, 1999000, 21, 1579210, 4, 1434304295, 2, 0),
(110, 'Mito T330 PRIME', 'mito_mito-t330-prime_full01.jpg', '<b>SKU Number: MIO-12844-00044</b><br />\r\n<br />\r\nMito T330 PRIME merupakan tablet dual simcard berdesain elegan dengan layar 7 inch yang memberikan tampilan gambar lebih jernih dan tajam. Tablet dual sim ini dibekali teknologi IPS Capacitive Touchscreen yg memberikan kenyamanan dalam mengoperasikan tablet berlayar responsif ini. MITO T330 PRIME didukung prosesor New Quad-Core berkecepatan 1.2 GHz, sistem operasi Android Jelly Bean V4.1, plus RAM 1 GB yg membuat Anda mudah melakukan multitasking dan bermain games dengan lancar.', '<b>Detail Produk</b><br />\r\nDual simcard<br />\r\nLayar : 7 inch, IPS Capacitive Touchscreen<br />\r\nOS : Android Jelly Bean V4.1<br />\r\nProsesor : Quad-Core berkecepatan 1.2 GHz<br />\r\nDual camera ( Front 0.3 MP, Rear 2 MP)', 4, 18, 1599000, 13, 1391130, 5, 1434304383, 1, 0);
INSERT INTO `produk` (`nomor`, `nama_produk`, `gambar_produk`, `deskripsi`, `info`, `no_kategori`, `no_brand`, `harga`, `diskon`, `harga_diskon`, `stok`, `tgl`, `dilihat`, `terjual`) VALUES
(111, 'Mito T970i Dual GSM Black', 'mito_mito-t970i-dual-gsm-black_black_full01.jpg', '<b>SKU Number: MIO-12844-00010</b><br />\r\n<br />\r\nMito T970i Dual GSM Black, tablet dual sim berdesain elegan dengan layar 9 inch didukung resolusi layar sebesar 800 x 480 pixel yang akan memberikan tampilan gambar yang jernih dan tajam. Tablet dual sim dibekali dengan teknologi TFT Capacitive Touchscreen plus multitouch hingga 5 jari memberikan Anda kenyamanan dalam mengoperasikan tablet dengan layar yang responsif. Tablet ini didukung prosesor Dual Core berkecepatan 1 GHz plus RAM 512 MB yang membuat Anda dapat dengan mudah melakukan multitasking dan bermain games dengan lancar.', '<b>Detail Produk</b><br />\r\nProsesor : Dual Core 1 Ghz<br />\r\nOS : Android 4.0 Ice Cream Sandwich<br />\r\nLayar : LCD Capacitive Touchscreen 9.0 inch WVGA<br />\r\nFree keyboard', 4, 18, 1199000, 0, 1199000, 2, 1434304461, 5, 0),
(112, 'Mito T700 Dual GSM White', 'mito_mito-t700-dual-gsm-white_white_full01.jpg', '<b>SKU Number: MIO-12844-00009</b><br />\r\n<br />\r\nMito T700 Dual GSM White merupakan tablet dual sim card berdesain mungil yang hadir dengan layar sentuh berukuran 7 inch. Mito T700 dilengkapi prosesor dual core 1 GHz, OS Android Jelly Bean 4.1, memori internal 4 GB, dan RAM 512 MB. Tablet dual sim card ini juga memiliki banyak fitur seperti TV analog, dan Dual Camera (Front 0.3 MP, Rear 2.0 MP).', '<b>Detail Produk</b><br />\r\nDual GSM<br />\r\nLayar : Touchscreen 7 inch WVGA With Capacitive<br />\r\nProsesor : CPU 1 GHz Dual Core<br />\r\nAndroid OS 4.1 Jelly bean<br />\r\nFree Keyboard', 4, 18, 1299000, 16, 1091160, 1, 1434304542, 0, 1),
(113, 'Mito T720 Dual GSM Black', 'mito_mito-t720-dual-gsm-black_black_full01.jpg', '<b>SKU Number: MIO-12844-00008</b><br />\r\n<br />\r\nMito T720 Dual GSM Black, tablet Dual SIM yang memiliki kemampuan melakukan panggilan telepon dan sms. Mito T720 tampil dengan ukuran 7 inch dan didukung dengan sistem operasi Android Ice Cream Sandwich. Mito T720 Dual GSM Black dibekali dengan prosesor Dual Core 1 GHz serta 512 MB RAM yang membuat tablet ini memiliki kinerja yang cukup maksimal. Tablet dual sim ini juga memiliki banyak fitur seperti TV analog dan Dual Camera (Front 0.3 MP, Rear 2.0 MP).', '<b>Detail Produk</b><br />\r\nProsesor : 1 GHz Dual Core<br />\r\nOS : Android OS 4.0 ICS<br />\r\nLayar : Touchscreen Capacitive LCD 7.0 inch WVGA<br />\r\nDual GSM (900/1800MHz)<br />\r\nFree Keyboard', 4, 18, 899000, 0, 899000, 0, 1434304631, 1, 0),
(114, 'Acer Iconia TAB 7 Silver Tablet', 'dolphin-kuningan_acer-iconia-tab-7-silver-tablet_full01.jpg', '<b>SKU Number: DOK-15725-00062</b><br />\r\n<br />\r\nAcer Iconia TAB 7 Silver Tablet merupakan tablet Android OS v4.2 Jelly Bean yang hadir dengan layar 7.0 inch TFT capacitive touchscreen, yang beresolusi 600 x 1024 piksel, tentu Acer Iconia Tab 7 dengan kerapatan piksel yang proporsional 170 ppi pixel. Acer Iconia Tab 7 ditenagai dengan prosesor Quad-core, dan RAM 1 GB, memang tablet yang berjalan di Android 4.2 Jelly Bean. Acer Iconia Tab 7 dengan kamera belakangnya 2 MP 1600x1200 pixels dan dukungan kamera depan juga, Acer Iconia Tab 7 cukup baik menangkap momen-momen yang diinginkan. Tangkapan gambar yang dihasilkan tablet ini cukup baik.', '<b>Detail Produk</b><br />\r\nAndroid OS v4.2 Jelly Bean<br />\r\nProsesor : Quad-core<br />\r\nMemori : 8 GB, RAM 1 GB<br />\r\nDisplay screen : 7 inch<br />\r\nKamera : 2 MP<br />\r\nGaransi<br />\r\nGaransi Resmi Acer 3 Tahun', 4, 19, 1579000, 0, 1579000, 3, 1434304784, 0, 3),
(115, 'Acer Iconia W511 Silver Putih Tablet Windows', 'paziashop_acer-iconia-w511-silver-putih-tablet-android_full01.jpg', '<b>SKU Number: PAA-11269-00555</b><br />\r\n<br />\r\nAcer Iconia W511, merupakan varian baru dari seri W5 sebelumnya, yakni Acer Iconia W510 yang menggunakan sistem operasi Windows 8. Berbekal daya tahan baterai cukup tinggi dan tambahan konektivitas 3G, Acer Iconia W511 merupakan tablet multifungsi yang dilengkapi dengan perangkat keyboard yang dapat dilepas sehingga siap mendukung beragam aktivitas para penggunanya serta memberikan sebuah pengalaman yang berbeda jika dibandingkan dengan tablet konvensional.', '<b>Detail Produk</b><br />\r\nOS : Genuine Windows 8 32-bit<br />\r\nProsesor : Intel Atom processor Z2760 (1 MB L2 cache, 1.50 GHz, DDR3 1066 MHz, 6.5 W)<br />\r\nMemori : 64 GB, 2 GB RAM<br />\r\nKamera : 8 MP front-facing/Acer Crystal Eye HD dual-camera<br />\r\nDisplay : 10.1" HD 1366 x 768 LED backlit IPS touch display<br />\r\n<br />\r\n<b>Garansi</b><br />\r\n1 Tahun', 4, 19, 7699000, 48, 4003480, 3, 1434304878, 1, 0),
(116, 'Acer Iconia W511 Silver Putih Free Magnetic Stylus + Modem WIFI Advan', 'paziashop_acer-iconia-w511-silver-putih-tablet-android-bonus-advan_full01.jpg', '<b>SKU Number: PAA-11269-00556</b><br />\r\n<br />\r\nAcer Iconia W511, merupakan varian baru dari seri W5 sebelumnya, yakni Acer Iconia W510 yang menggunakan sistem operasi Windows 8. Berbekal daya tahan baterai cukup tinggi dan tambahan konektivitas 3G, Acer Iconia W511 merupakan tablet multifungsi yang dilengkapi dengan perangkat keyboard yang dapat dilepas sehingga siap mendukung beragam aktivitas para penggunanya serta memberikan sebuah pengalaman yang berbeda jika dibandingkan dengan tablet konvensional. Free Magnetic Stylus + Modem WiFi.', '<b>Detail Produk</b><br />\r\nOS : Genuine Windows 8 32-bit<br />\r\nProsesor : Intel Atom processor Z2760 (1 MB L2 cache, 1.50 GHz, DDR3 1066 MHz, 6.5 W)<br />\r\nMemori : 64 GB, 2 GB RAM<br />\r\nKamera : 8 MP front-facing/Acer Crystal Eye HD dual-camera<br />\r\nLayar : 10.1" HD 1366 x 768 LED backlit IPS touch display<br />\r\n<br />\r\n<b>Garansi</b><br />\r\n1 Tahun', 4, 19, 7699000, 49, 3926490, 2, 1434304971, 1, 0),
(117, 'Acer Smartphone Iconia Tab A1-811 Putih', 'blibli_acer-iconia-tab-a1-811-white_white_full01.jpg', '<b>SKU Number: BLI-00106-04785</b><br />\r\n<br />\r\nAcer Iconia Tab A1-811 Putih merupakan tablet yang hadir dengan layar 7.9 inch dan resolusi 768 x 1024 pixels. Acer Iconia Tab A1-811 Putih tidak hanya sekedar tablet Android yang terhubung dengan jaringan internet tapi juga dapat melakukan panggilan telepon dan SMS. Smartphone ini diperkuat dengan prosesor Quad-core 1.2 GHz, OS Android Jelly Bean V4.2, memori 1 GB RAM, dan kamera 5 MP. Untuk konektivitas Iconia Tab sudah didukung Wi-Fi, Bluetooth, dan microUSB v2.0.', '<b>Detail Produk</b><br />\r\nProcessor Quad-core 1.2 GHz<br />\r\nLayar : 7.9 inch, 768 x 1024 pixels<br />\r\nKamera : rear 5 MP,  front VGA<br />\r\nOS : Android v4.2 (Jelly Bean)<br />\r\nMemori : 8 GB, 1 GB RAM', 4, 19, 2099000, 0, 2099000, 5, 1434305124, 4, 1),
(118, 'Acer Iconia B1-A71 16 GB Black Free Mifi Advan 3G JR108', 'paziashop_acer-iconia-b1-a71-16-gb-black_black_full01.jpg', '<b>SKU Number: PAA-11269-00026</b><br />\r\n<br />\r\nAcer Iconia B1-A71, hadir dengan layar berukuran 7 inch dengan resolusi 1024x600, 169 ppi memberikan tampilan jernih, tajam, dan memukau. Acer Iconia B1-A71 dibekali dengan prosesor Dual Core dengan kecepatan 1.2 GHz dan sistem operasi terbaru Jelly Bean serta RAM 512 MB DDR3 memberikan Anda kemudahan dan kelancaran dalam melakukan mutitasking. Dilengkapi dengan fitur multimedia seperti kamera depan beresolusi 0.3 megapiksel untuk melakukan video chatting. Anda juga dapat menonton video ataupun mendengarkan musik pada tablet ini. Anda pun dapat memutar video beresolusi 720p dengan lancar.', '<b>Detail Produk</b><br />\r\nOS Android 4.1.2 Jelly Bean<br />\r\nLayar TFT LCD 7 Inch WSVGA (1024 x 600)<br />\r\nProsesor MediaTek MT6517 1,2 GHz dual-core<br />\r\nRAM 512 MB<br />\r\nMemory internal : 16 GB', 4, 19, 1249000, 29, 886790, 5, 1434305214, 0, 0),
(119, 'Acer Iconia A1 713 Silver Free Sleeve Case', 'paziashop_acer-iconia-a1-713-silver-free-sleeve-case_full01.jpg', '<b>SKU Number: PAA-11269-00501</b><br />\r\n<br />\r\nAcer Iconia A1 713 Silver Free Sleeve Case adalah tablet dari Acer yang memiliki konektifitas 3G. Dengan koneksi 3G tersebut Anda dapat melakukan browsing internet, mengakses social network, atau hiburan seperti musik dan video online. Fungsi Voice Calling yang dimiliki tablet ini membuatnya merangkap sebagai telepon (Phone Tablet/Phablet). Acer Iconia Tab Aprilia atau disebut juga Iconia Tab 7 A1-713 dilengkapi prosesor Quad core 1.3 GHZ MT8382, layar sentuh TFT kapasitif berukuran 7 inch, OS Android Jelly Bean 4.2, serta memiliki memori internal 8 GB, dan RAM 1 GB. Free Sleeve Case.', '<b>Detail Produk</b><br />\r\nOperating System : Android Jelly Bean 4.2 (Upgradable to 4.4 Kitkat)<br />\r\nProcessor : Quadcore 1.3Ghz MT8382<br />\r\nDisplay : 7 inch HD (1024x600) TFT<br />\r\nMemory : 1GB DDR3L, 8 GB<br />\r\nGaransi<br />\r\n1 Tahun', 4, 19, 1899000, 24, 1443240, 6, 1434305276, 6, 0),
(120, 'Toshiba Satellite Click 2 Pro P35W-B3226 Satin Gold Laptop [8 GB/Intel Core i7 4510U/13 Inch]', 'bursa-notebook_toshiba-satellite-click-2-pro-p35w-b3226-satin-gold-laptop-8-gb-intel-core-i7-4510u-13-inch_full01.jpg,bursa-notebook_toshiba-satellite-click-2-pro-p35w-b3226-satin-gold-laptop-8-gb-intel-core-i7-4510u-13-inch_full02.jpg,bursa-notebook_toshiba-satellite-click-2-pro-p35w-b3226-satin-gold-laptop-8-gb-intel-core-i7-4510u-13-inch_full03.jpg,bursa-notebook_toshiba-satellite-click-2-pro-p35w-b3226-satin-gold-laptop-8-gb-intel-core-i7-4510u-13-inch_full04.jpg', '<b>SKU Number: BUN-16681-00004</b><br />\r\n<br />\r\nToshiba Satellite Click 2 Pro P35W-B3226 Satin Gold Laptop [8 GB/Intel Core i7 4510U/13 Inch] merupakan tipe laptop yang merupakan kombinasi antara laptop dan tablet. TOSHIBA Satellite Click 2 Pro hadir dengan prosesor Intel Core i5 4510U dengan kecepatan 2-3.1 GHz, memori RAM 8 GB dan kapasitas hardisk hingga 128 GB SSD. Laptop ini memiliki layar berukuran 13 Inch yang tentunya akan membuat aktivitas komputasi anda baik mobile maupun tidak akan terasa semakin produktif dan tidak terlupakan.', '<b>Detail Produk</b><br />\r\nProcessor : Intel Core i7-4510U Processor<br />\r\nOperating System : Windows 8.1<br />\r\nGraphics Engine : Mobile Intel HD Graphics<br />\r\nMemory : 8 GB DDR3L 1600MHz (Memory is not user replaceable)<br />\r\nHard Drive : 128 GB Solid State Drive (mSerial ATA, SSD)', 1, 3, 11899000, 0, 11899000, 3, 1434305830, 2, 0),
(121, 'Lenovo Thinkpad E440-700 Notebook [i5/14"/4GB/1TB] + Office 365 Personal', 'blibli-komputer_lenovo-thinkpad-e440-700-notebook-i5-14inch-4gb-1tb-office-365-personal_full01.jpg,blibli-komputer_lenovo-thinkpad-e440-700-notebook-i5-14inch-4gb-1tb-office-365-personal_full02.jpg,blibli-komputer_lenovo-thinkpad-e440-700-notebook-i5-14inch-4gb-1tb-office-365-personal_full03.jpg,blibli-komputer_lenovo-thinkpad-e440-700-notebook-i5-14inch-4gb-1tb-office-365-personal_full04.jpg', '<b>SKU Number: BLK-15020-00231</b><br />\r\n<br />\r\nLenovo Thinkpad E440-700 Notebook [i5/14"/4GB/1TB] + Office 365 Personal merupakan notebook berdesain elegan dengan layar berukuran 14 inch LED yang ditunjang dengan prosessor Intel Core i5-4210M (2.50GHz, 3MB L3 Cache, 1600MHz FSB), memori 4 GB 1600MHz DDR3 dan 1 TB HDD (5400rpm). Lenovo thinkpad E440-700 dilengkapi dengan fitur fingerprint, CD/DVD-RW, USB 3.0, webcam 720p HD, Bluetooth 4.0 dan card reader 4-in-1. Bonus Office 365 Personal', '<b>Detail Produk</b><br />\r\nProcessor : Intel Core i5-4210M (2.60GHz-3.20GHz, 3MB L3 Cache, 1600MHz FSB)<br />\r\nDisplay : 14.0" 1366x768, , AntiGlare<br />\r\nMemori : 4 GB 1600MHz DDR3<br />\r\nStorage : 1 TB HDD (5400rpm)<br />\r\nGraphics : NVIDIA GeForce GT740M 2 GB<br />\r\n<br />\r\n<b>Garansi</b><br />\r\nGaransi Resmi 1 Tahun', 1, 6, 9018000, 12, 7935840, 4, 1434305969, 2, 0),
(122, 'Lenovo Ideapad Yoga 3 Pro Orange Notebook [13.3"/M5Y71/8GB/Qin 8.1]', 'compshop_lenovo-ideapad-yoga-3-pro-orange-notebook-m5y71_full01.jpg,compshop_lenovo-ideapad-yoga-3-pro-orange-notebook-m5y71_full02.jpg,compshop_lenovo-ideapad-yoga-3-pro-orange-notebook-m5y71_full03.jpg,compshop_lenovo-ideapad-yoga-3-pro-orange-notebook-m5y71_full04.jpg', '<b>SKU Number: COP-18321-00021</b><br />\r\n<br />\r\nLenovo Ideapad Yoga 3 Pro Orange Notebook [13.3"/M5Y71/8GB/Qin 8.1] hadir dengan prosesor Intel M5Y71 - 1.2GHz 4M cache. Notebook ini dibekali dengan memori 8 GB dan kapasitas penyimpanan 256 GB.', '<b>Detail Produk</b><br />\r\nProsesor : Intel M5Y70 - 1.1GHz 4M cache<br />\r\nMemori RAM : 8 GB (1 slot)<br />\r\nUkuran Layar : 13.3" HD LED Multi Touch<br />\r\nKapasitas Penyimpanan : 256 GB<br />\r\nSistem Operasi : Win 8.1<br />\r\n<br />\r\n<b>Garansi</b><br />\r\n2 Year Warranty', 1, 6, 18439000, 0, 18439000, 5, 1434306101, 4, 1),
(123, 'Lenovo Ideapad E10 527 White Notebook [10.1"/Celeron/DOS]', 'compshop_lenovo-ideapad-e10-527-white-notebook_full01.jpg,compshop_lenovo-ideapad-e10-527-white-notebook_full02.jpg', '<b>SKU Number: COP-18321-00016</b><br />\r\n<br />\r\nLenovo Ideapad E10 527 White Notebook [10.1"/Celeron/DOS] hadir dengan prosesor Celeron N2840 up to 2.16 GHz. Notebook ini dibekali dengan memori 2 GB dan kapasitas penyimpanan 320 GB.', '<b>Detail Produk</b><br />\r\nProsesor : Celeron N2840 up to 2.16 GHz<br />\r\nMemori RAM : 2 GB DDR3<br />\r\nTipe Grafis : VGA Integrated<br />\r\nUkuran Layar : 10.1" HD LED<br />\r\nKapasitas Penyimpanan : 320 GB<br />\r\n<br />\r\n<b>Garansi</b><br />\r\n1 Year Warranty', 1, 6, 2799000, 0, 2799000, 3, 1434306213, 7, 0),
(124, 'Dell Inspiron 14 3442 Celeron Hitam Notebook', 'it-galeri_dell-inspiron-14-3442-celeron-hitam-notebook_full01.jpg,it-galeri_dell-inspiron-14-3442-celeron-hitam-notebook_full02.jpg,it-galeri_dell-inspiron-14-3442-celeron-hitam-notebook_full03.jpg,it-galeri_dell-inspiron-14-3442-celeron-hitam-notebook_full04.jpg', '<b>SKU Number: ITG-17865-00003</b><br />\r\n<br />\r\nDell Inspiron 14 3442 Celeron Hitam Notebook, hadir dengan prosesor Intel Celeron 2957U Processor (1.40 GHz, 2M Cache). Notebook ini didukung oleh Windows 8.1 Original serta bonus Microsoft Office 365 Personal. Notebook ini memiliki memory 2 GB DDR3L, display 14.0 Inch HD LED dan kapasitas hard Drive 500 GB 5400 RPM HDD.', '<b>Detail Produk</b><br />\r\nProcessor : Intel Celeron 2957U Processor (1.40 GHz, 2M Cache)<br />\r\nMemory : 2 GB DDR3L<br />\r\nDisplay : 14.0 Inch HD LED<br />\r\nHard Drive : 500 GB 5400 RPM HDD<br />\r\nOperating System : Windows 8.1 with Bing<br />\r\n<br />\r\n<b>Garansi</b><br />\r\nResmi 1 Tahun OnSite Service dari Dell Indonesia', 1, 7, 3999000, 0, 3999000, 6, 1434306373, 3, 0),
(125, 'Dell Inspiron 11 3148 Silver Notebook [Ci3-4030U/4 GB/500 GB/Intel HD/Windows 8.1/Touchscreen]', 'yolori_dell-inspiron-11-3148-silver-notebook-i3-4030u-4-gb-500-gb-intel-hd-windows-8-1-touchscreen_full01.jpg,yolori_dell-inspiron-11-3148-silver-notebook-i3-4030u-4-gb-500-gb-intel-hd-windows-8-1-touchscreen_full02.jpg,yolori_dell-inspiron-11-3148-silver-notebook-i3-4030u-4-gb-500-gb-intel-hd-windows-8-1-touchscreen_full03.jpg,yolori_dell-inspiron-11-3148-silver-notebook-i3-4030u-4-gb-500-gb-intel-hd-windows-8-1-touchscreen_full04.jpg', '<b>SKU Number: YOI-16136-00042</b><br />\r\n<br />\r\nDell Inspiron 11 3148 Silver Notebook [Ci3-4030U/4 GB/500 GB/Intel HD/Windows 8.1/Touchscreen], hadir dengan performa yang menawan. Notebook ini memiliki baterai yang tahan lama sangat sesuai dengan aktivitas Anda yang membutuhkan mobilitas tinggi. Free Dell Softchase.', '<b>Detail Produk</b><br />\r\nDisplay : 11.6 Inch LED Backlit Touch IPS Display with Truelife, HD (1366 X 768)<br />\r\nProcessor : 4th Generation Intel Core i3-4030U Processor (3M Cache, 1.90 GHz)<br />\r\nMemory : 4 GB DDR3L 1600 MHz<br />\r\nStorage : 500 GB HDD SATA 5400 RPM<br />\r\nGraphics : Intel HD Graphics 4400<br />\r\n<br />\r\n<b>Garansi</b><br />\r\n1 Year Dell ProSupport Next Business Day OnSite Service Warranty', 1, 7, 9550000, 0, 9550000, 7, 1434306506, 1, 1),
(126, 'ACER One 10-S100X Notebook', 'metrodata-online_acer-one-10-s100x-notebook_full01.jpg', '<b>SKU Number: MEO-15979-00083</b><br />\r\n<br />\r\nACER One 10-S100X Notebook merupakan smart PC berdesain elegan dengan layar berukuran 10 inch yang ditunjang dengan prosesor Intel Quad Core Z3735F dan memori 2 GB DDR3L.', '<b>Detail Produk</b><br />\r\nProcessor : Intel Quad Core Z3735F (2M Cache, up to 1.83 GHz)<br />\r\nDisplay : 10.1" HD 1280 x 800, supporting multi-finger touch<br />\r\nMemory : 2 GB DDR3<br />\r\nStorage : 32 GB eMMC + 500 GB HDD on Dock<br />\r\nBaterai<br />\r\n6000 mAh dapat bertahan hingga 5 jam<br />\r\n<br />\r\n<b>Garansi</b><br />\r\nAcer', 1, 2, 3999000, 0, 3999000, 3, 1434306615, 1, 0),
(127, 'Acer Aspire E5-471G GF 820M White + Bonus Notebook Carry', 'paziashop_acer-aspire-e5-471g-gf-820m-white-free-notebook-carry_full01.jpg,paziashop_acer-aspire-e5-471g-gf-820m-white-free-notebook-carry_full02.jpg,paziashop_acer-aspire-e5-471g-gf-820m-white-free-notebook-carry_full03.jpg', '<b>SKU Number: PAA-11269-00534</b><br />\r\n<br />\r\nAcer Aspire E5-471G GF 820M White + Bonus Notebook Carry merupakan notebook berdesain tipis dan compact yang sudah terintegrasi dengan Linpus. Notebook ini ditunjang dengan prosesor Intel Core i3-4005U processor (1.70 GHz, DDR3L 1600 MHz), memori 2GB DDR3 (Upgradable to 16GB DDR3L), dan hard disk 500 GB. Untuk urusan grafis, Acer Aspire E5-471G GF 820M berlayar 14 inch dengan teknologi HD Acer CineCrystalTM LED-backlit TFT LCD ini didukung oleh NVIDIA GeForce 820M with 2 GB of dedicated DDR3 VRAM dan dilengkapi HDMI output dan koneksi Wi-Fi.', '<b>Detail Produk</b><br />\r\nOperating System : Linpus<br />\r\nProcessor : Intel Core i3-4005U processor (1.70 GHz, DDR3L 1600 MHz)<br />\r\nScreen Size : 14 inch<br />\r\nGraphic : NVIDIA GeForce 820M with 2 GB of dedicated DDR3 VRAM<br />\r\nMemory : 2GB DDR3 (Upgradable to 16GB DDR3L) dan Storage : 500 GB<br />\r\n<br />\r\n<b>Garansi</b><br />\r\n1 tahun', 1, 2, 6110000, 5, 5804500, 4, 1434306729, 2, 1),
(128, 'Asus X453MA-WX223B Pink Notebook [14"/500 GB/Win 8.1 Bing] + Office 365 Personal', 'blibli-komputer_asus-x453ma-wx223B-pink-notebook-14inch-500-gb-win-8.1-bing---office-365-personal_full01.jpg,blibli-komputer_asus-x453ma-wx223B-pink-notebook-14inch-500-gb-win-8.1-bing---office-365-personal_full02.jpg,blibli-komputer_asus-x453ma-wx223B-pink-notebook-14inch-500-gb-win-8.1-bing---office-365-personal_full03.jpg,blibli-komputer_asus-x453ma-wx223B-pink-notebook-14inch-500-gb-win-8.1-bing---office-365-personal_full04.jpg', '<b>SKU Number: BLK-15020-00186</b><br />\r\n<br />\r\n<b>Bonus Microsoft Office 365 Personal seharga Rp 719,000,-</b><br />\r\n<br />\r\nAsus X453MA-WX223B Pink Notebook [14"/500 GB/Win 8.1 Bing] + Office 365 Personal merupakan notebook berdesain elegan dengan layar berukuran 14 inch yang ditunjang dengan prosesor Intel Celeron N2840, memori 2 GB 1600MHz DDR3, dan HDD 500 GB. Untuk grafis, Asus Notebook didukung dengan Intel HD Graphics, Asus X453MA juga dilengkapi dengan fitur SonicMaster Lite, 2-second Instant On, ASUS IceCool Technology, Chiclet Keyboard, USB 3.0 dan HD Web Camera.', '<b>Detail Produk</b><br />\r\nProsesor : Celeron N2840 (1M Cache, up to 2.58 GHz, 2 Cores)<br />\r\nMemori RAM : 2 GB DDR3 1600 MHz<br />\r\nUkuran Layar : 14.0 Inch HD(1366x768)<br />\r\nKapasitas Penyimpanan : 500 GB (5400rpm)<br />\r\nSistem Operasi : Windows 8.1 BING<br />\r\n<br />\r\n<b>Garansi</b><br />\r\nGaransi Resmi 1 Tahun', 1, 1, 4719000, 15, 4011150, 7, 1434306879, 32, 0),
(129, 'Samsung ATIV Book 2 NP270E4V-X01ID Notebook', 'butik-dukomsel_samsung-ativ-book-2-np270e4v-x01id-notebook_full01.jpg,butik-dukomsel_samsung-ativ-book-2-np270e4v-x01id-notebook_full02.jpg,butik-dukomsel_samsung-ativ-book-2-np270e4v-x01id-notebook_full03.jpg,butik-dukomsel_samsung-ativ-book-2-np270e4v-x01id-notebook_full04.jpg', '<b>SKU Number: BUD-18193-00186</b><br />\r\n<br />\r\nSamsung ATIV Book 2 NP270E4V-X01ID Notebook merupakan bagian dari seri ATIV Book 2. Prosesor yang menggerakkan sistem dalam laptop ini adalah Intel Celeron Processor 1007U dan memiliki memory sebesar 2 GB DDR3. Pilihan warna yang ditawarkan adalah hitam dengan ukuran layar sebesar 14 inch, berat sekitar 2 kg, dan memiliki dimensi 339 x 31,5 x 234,5 mm (LxWxH). Resolusi yang ditawarkan adalah 1366 x 768 pixels. Anda tak perlu kawatir dengan daya yang digunakan untuk melihat gambar atau film dengan kualitas HDMI. Karena Intel HDMI Graphics diprogram untuk menghemat daya. Tak hanya itu saja, Samsung NP270E4V-X01ID juga memiliki Web Camera dalam laptop ini sangat cocok untuk Anda yang sering melakukan video call dengan keluarga maupun kerabat. ', '<b>Detail Produk</b><br />\r\nProcessor Type : Intel Celeron 1007U<br />\r\nChipset : Intel NM70<br />\r\nMemory : 2 GB DDR3<br />\r\nDisplay Size : 14 inch<br />\r\nOS Provided : DOS<br />\r\n<br />\r\n<b>Garansi</b><br />\r\n1 Tahun', 1, 4, 5099000, 0, 5099000, 0, 1434308871, 17, 1),
(130, 'Samsung NP275E4V-K03 Notebook', 'butik-dukomsel_samsung-np275e4v-k03-notebook_full01.jpg,butik-dukomsel_samsung-np275e4v-k03-notebook_full02.jpg', '<b>SKU Number: BUD-18193-00275</b><br />\r\n<br />\r\nSamsung NP275E4V-K03 Notebook hadir dengan desain modern dengan berbagai kelebihan lain yang membuatnya cocok untuk kegiatan komputasi Anda. Dilengkapi dengan memori sebesar 4 GB, hard drive 500 GB, dan layar berukuran 14 inch.', '<b>Detail Produk</b><br />\r\nProcessor : AMD Dual Core<br />\r\nDisplay : 14", AntiGlare LED<br />\r\nMemori : 4 GB DDR3<br />\r\nStorage : 500 GB (5400rpm)<br />\r\nVideo Type : AMD HD7310<br />\r\n <br />\r\n<b>Garansi</b><br />\r\n1 Tahun', 1, 4, 4535000, 0, 4535000, 5, 1434308957, 2, 0);

-- --------------------------------------------------------

--
-- Table structure for table `slider`
--

CREATE TABLE IF NOT EXISTS `slider` (
`nmr_gambar` int(4) NOT NULL,
  `gambar` varchar(125) NOT NULL,
  `keterangan` varchar(200) NOT NULL
) ENGINE=InnoDB AUTO_INCREMENT=6 DEFAULT CHARSET=latin1;

--
-- Dumping data for table `slider`
--

INSERT INTO `slider` (`nmr_gambar`, `gambar`, `keterangan`) VALUES
(1, '1.jpg', 'Samsung Galaxy Tab 10.1'),
(2, '2.jpg', 'PC-AIO Lenovo C24'),
(3, '3.jpg', 'Samsung Galaxy Tab S'),
(4, '4.jpg', 'IPhone-5'),
(5, '5.jpg', 'Advan Barca Tab 7 T1X');

-- --------------------------------------------------------

--
-- Table structure for table `total_harga`
--

CREATE TABLE IF NOT EXISTS `total_harga` (
`nmr_total` int(5) NOT NULL,
  `email` varchar(150) NOT NULL,
  `ip` varchar(20) NOT NULL,
  `total` varchar(10) NOT NULL,
  `tgl` int(11) NOT NULL
) ENGINE=InnoDB AUTO_INCREMENT=48 DEFAULT CHARSET=latin1;

--
-- Dumping data for table `total_harga`
--

INSERT INTO `total_harga` (`nmr_total`, `email`, `ip`, `total`, `tgl`) VALUES
(45, '0', '127.0.0.1', '3860000', 1436507658),
(47, '0', '::1', '29543780', 1436533892);

-- --------------------------------------------------------

--
-- Table structure for table `troli`
--

CREATE TABLE IF NOT EXISTS `troli` (
`nmr_troli` int(5) NOT NULL,
  `nmr_produk` int(6) NOT NULL,
  `customer` varchar(150) NOT NULL,
  `cst_ip` varchar(20) NOT NULL,
  `kuantitas` int(4) NOT NULL,
  `subtotal` bigint(10) NOT NULL,
  `tgl` int(10) NOT NULL
) ENGINE=InnoDB AUTO_INCREMENT=152 DEFAULT CHARSET=latin1;

--
-- Dumping data for table `troli`
--

INSERT INTO `troli` (`nmr_troli`, `nmr_produk`, `customer`, `cst_ip`, `kuantitas`, `subtotal`, `tgl`) VALUES
(135, 67, '0', '127.0.0.1', 1, 3860000, 1436507658),
(145, 72, '0', '::1', 3, 18141300, 1436532435),
(150, 99, '0', '::1', 1, 7399000, 1436533887),
(151, 115, '0', '::1', 1, 4003480, 1436533892);

-- --------------------------------------------------------

--
-- Table structure for table `vote_star`
--

CREATE TABLE IF NOT EXISTS `vote_star` (
`nmr_star` int(5) NOT NULL,
  `counter` int(8) NOT NULL,
  `value` int(8) NOT NULL,
  `nmr_produk` int(6) NOT NULL
) ENGINE=InnoDB AUTO_INCREMENT=75 DEFAULT CHARSET=latin1;

--
-- Dumping data for table `vote_star`
--

INSERT INTO `vote_star` (`nmr_star`, `counter`, `value`, `nmr_produk`) VALUES
(1, 4, 7, 5),
(2, 5, 12, 9),
(3, 1, 5, 10),
(4, 1, 3, 25),
(5, 3, 8, 26),
(6, 1, 4, 23),
(7, 2, 4, 27),
(8, 2, 6, 28),
(9, 2, 10, 34),
(10, 1, 3, 31),
(11, 3, 12, 35),
(12, 1, 2, 39),
(13, 1, 4, 37),
(14, 1, 1, 33),
(15, 1, 3, 24),
(16, 1, 2, 32),
(17, 1, 1, 29),
(18, 1, 2, 22),
(19, 1, 3, 49),
(20, 3, 9, 83),
(21, 1, 3, 86),
(22, 1, 4, 85),
(23, 1, 5, 84),
(24, 1, 3, 119),
(25, 1, 1, 113),
(26, 1, 4, 109),
(27, 1, 2, 116),
(28, 1, 5, 107),
(29, 1, 1, 104),
(30, 1, 3, 115),
(31, 1, 4, 110),
(32, 1, 3, 126),
(33, 1, 4, 122),
(34, 1, 5, 120),
(35, 1, 3, 101),
(36, 1, 4, 99),
(37, 2, 7, 76),
(38, 1, 5, 71),
(39, 1, 3, 95),
(40, 1, 4, 96),
(41, 1, 4, 81),
(42, 1, 5, 80),
(43, 1, 5, 128),
(44, 1, 3, 79),
(45, 1, 2, 127),
(46, 1, 3, 69),
(47, 1, 4, 62),
(48, 6, 25, 92),
(49, 1, 2, 77),
(50, 4, 18, 100),
(51, 3, 13, 100),
(52, 2, 8, 100),
(53, 1, 4, 100),
(54, 4, 16, 92),
(55, 3, 12, 92),
(56, 1, 4, 98),
(57, 2, 8, 92),
(58, 1, 5, 90),
(59, 1, 4, 91),
(60, 1, 3, 92),
(61, 2, 5, 74),
(62, 1, 3, 72),
(63, 1, 4, 75),
(64, 1, 3, 130),
(65, 1, 3, 94),
(66, 1, 4, 74),
(67, 1, 3, 111),
(68, 1, 3, 117),
(69, 1, 4, 70),
(70, 1, 4, 87),
(71, 1, 2, 108),
(72, 1, 3, 66),
(73, 1, 4, 40),
(74, 1, 2, 73);

-- --------------------------------------------------------

--
-- Table structure for table `wishlist`
--

CREATE TABLE IF NOT EXISTS `wishlist` (
`nmr_wishlist` int(5) NOT NULL,
  `customer` varchar(150) NOT NULL,
  `nmr_produk` int(6) NOT NULL,
  `tgl_wishlist` int(10) NOT NULL
) ENGINE=InnoDB AUTO_INCREMENT=37 DEFAULT CHARSET=latin1;

--
-- Dumping data for table `wishlist`
--

INSERT INTO `wishlist` (`nmr_wishlist`, `customer`, `nmr_produk`, `tgl_wishlist`) VALUES
(30, 'client2@yahoo.com', 118, 1434991915),
(31, 'client2@yahoo.com', 70, 1434993470),
(32, 'client2@yahoo.com', 69, 1434994050),
(33, 'client2@yahoo.com', 109, 1435103574),
(34, 'client2@yahoo.com', 120, 1435103589),
(35, 'client2@yahoo.com', 80, 1435103676),
(36, 'client2@yahoo.com', 66, 1435819330);

--
-- Indexes for dumped tables
--

--
-- Indexes for table `admin`
--
ALTER TABLE `admin`
 ADD PRIMARY KEY (`nomor`);

--
-- Indexes for table `brand`
--
ALTER TABLE `brand`
 ADD PRIMARY KEY (`nomor`);

--
-- Indexes for table `customer`
--
ALTER TABLE `customer`
 ADD PRIMARY KEY (`nmr_customer`);

--
-- Indexes for table `customer_sementara`
--
ALTER TABLE `customer_sementara`
 ADD PRIMARY KEY (`nomor`);

--
-- Indexes for table `kategori`
--
ALTER TABLE `kategori`
 ADD PRIMARY KEY (`nomor`);

--
-- Indexes for table `kontak`
--
ALTER TABLE `kontak`
 ADD PRIMARY KEY (`nmr_kontak`);

--
-- Indexes for table `master_kecam`
--
ALTER TABLE `master_kecam`
 ADD PRIMARY KEY (`kecam_id`), ADD KEY `kecam_kota` (`kota_id`);

--
-- Indexes for table `master_kokab`
--
ALTER TABLE `master_kokab`
 ADD PRIMARY KEY (`kota_id`), ADD KEY `pro_kota` (`provinsi_id`);

--
-- Indexes for table `master_provinsi`
--
ALTER TABLE `master_provinsi`
 ADD PRIMARY KEY (`provinsi_id`);

--
-- Indexes for table `order_produk`
--
ALTER TABLE `order_produk`
 ADD PRIMARY KEY (`nmr_order`);

--
-- Indexes for table `produk`
--
ALTER TABLE `produk`
 ADD PRIMARY KEY (`nomor`);

--
-- Indexes for table `slider`
--
ALTER TABLE `slider`
 ADD PRIMARY KEY (`nmr_gambar`);

--
-- Indexes for table `total_harga`
--
ALTER TABLE `total_harga`
 ADD PRIMARY KEY (`nmr_total`);

--
-- Indexes for table `troli`
--
ALTER TABLE `troli`
 ADD PRIMARY KEY (`nmr_troli`);

--
-- Indexes for table `vote_star`
--
ALTER TABLE `vote_star`
 ADD PRIMARY KEY (`nmr_star`);

--
-- Indexes for table `wishlist`
--
ALTER TABLE `wishlist`
 ADD PRIMARY KEY (`nmr_wishlist`);

--
-- AUTO_INCREMENT for dumped tables
--

--
-- AUTO_INCREMENT for table `admin`
--
ALTER TABLE `admin`
MODIFY `nomor` int(5) NOT NULL AUTO_INCREMENT,AUTO_INCREMENT=5;
--
-- AUTO_INCREMENT for table `brand`
--
ALTER TABLE `brand`
MODIFY `nomor` int(11) NOT NULL AUTO_INCREMENT,AUTO_INCREMENT=20;
--
-- AUTO_INCREMENT for table `customer`
--
ALTER TABLE `customer`
MODIFY `nmr_customer` int(6) NOT NULL AUTO_INCREMENT,AUTO_INCREMENT=9;
--
-- AUTO_INCREMENT for table `customer_sementara`
--
ALTER TABLE `customer_sementara`
MODIFY `nomor` int(6) NOT NULL AUTO_INCREMENT,AUTO_INCREMENT=7;
--
-- AUTO_INCREMENT for table `kategori`
--
ALTER TABLE `kategori`
MODIFY `nomor` int(5) NOT NULL AUTO_INCREMENT,AUTO_INCREMENT=5;
--
-- AUTO_INCREMENT for table `kontak`
--
ALTER TABLE `kontak`
MODIFY `nmr_kontak` int(5) NOT NULL AUTO_INCREMENT,AUTO_INCREMENT=5;
--
-- AUTO_INCREMENT for table `master_kecam`
--
ALTER TABLE `master_kecam`
MODIFY `kecam_id` int(10) NOT NULL AUTO_INCREMENT,AUTO_INCREMENT=6549;
--
-- AUTO_INCREMENT for table `master_kokab`
--
ALTER TABLE `master_kokab`
MODIFY `kota_id` int(10) NOT NULL AUTO_INCREMENT,AUTO_INCREMENT=503;
--
-- AUTO_INCREMENT for table `master_provinsi`
--
ALTER TABLE `master_provinsi`
MODIFY `provinsi_id` int(10) NOT NULL AUTO_INCREMENT,AUTO_INCREMENT=35;
--
-- AUTO_INCREMENT for table `order_produk`
--
ALTER TABLE `order_produk`
MODIFY `nmr_order` int(5) NOT NULL AUTO_INCREMENT,AUTO_INCREMENT=49;
--
-- AUTO_INCREMENT for table `produk`
--
ALTER TABLE `produk`
MODIFY `nomor` int(11) NOT NULL AUTO_INCREMENT,AUTO_INCREMENT=131;
--
-- AUTO_INCREMENT for table `slider`
--
ALTER TABLE `slider`
MODIFY `nmr_gambar` int(4) NOT NULL AUTO_INCREMENT,AUTO_INCREMENT=6;
--
-- AUTO_INCREMENT for table `total_harga`
--
ALTER TABLE `total_harga`
MODIFY `nmr_total` int(5) NOT NULL AUTO_INCREMENT,AUTO_INCREMENT=48;
--
-- AUTO_INCREMENT for table `troli`
--
ALTER TABLE `troli`
MODIFY `nmr_troli` int(5) NOT NULL AUTO_INCREMENT,AUTO_INCREMENT=152;
--
-- AUTO_INCREMENT for table `vote_star`
--
ALTER TABLE `vote_star`
MODIFY `nmr_star` int(5) NOT NULL AUTO_INCREMENT,AUTO_INCREMENT=75;
--
-- AUTO_INCREMENT for table `wishlist`
--
ALTER TABLE `wishlist`
MODIFY `nmr_wishlist` int(5) NOT NULL AUTO_INCREMENT,AUTO_INCREMENT=37;
--
-- Constraints for dumped tables
--

--
-- Constraints for table `master_kecam`
--
ALTER TABLE `master_kecam`
ADD CONSTRAINT `kecam_kota` FOREIGN KEY (`kota_id`) REFERENCES `master_kokab` (`kota_id`);

--
-- Constraints for table `master_kokab`
--
ALTER TABLE `master_kokab`
ADD CONSTRAINT `pro_kota` FOREIGN KEY (`provinsi_id`) REFERENCES `master_provinsi` (`provinsi_id`);

/*!40101 SET CHARACTER_SET_CLIENT=@OLD_CHARACTER_SET_CLIENT */;
/*!40101 SET CHARACTER_SET_RESULTS=@OLD_CHARACTER_SET_RESULTS */;
/*!40101 SET COLLATION_CONNECTION=@OLD_COLLATION_CONNECTION */;
